Name,FileSource,Secondary,Storage,Bus,VolumeGroup,DuckGroup,Duck,ReverbSend,CenterSend,VolMin,VolMax,DistMin,DistMaxDry,DistMaxWet,DryMinCurve,DryMaxCurve,WetMinCurve,WetMaxCurve,LimitCount,EntityLimitCount,LimitType,EntityLimitType,PitchMin,PitchMax,PriorityMin,PriorityMax,PriorityThresholdMin,PriorityThresholdMax,PanType,Pan,Looping,RandomizeType,Probability,StartDelay,EnvelopMin,EnvelopMax,EnvelopPercent,OcclusionLevel,IsBig,DistanceLpf,FluxType,FluxTime,Subtitle,Doppler,ContextType,ContextValue,Timescale,IsMusic,IsCinematic,FadeIn,FadeOut,Pauseable,StopOnEntDeath,StopOnPlay,DopplerScale,FutzPatch,VoiceLimit,IgnoreMaxDist,NeverPlayTwice
fly_servo_mechz,raw\sound\zmb\ai\mechz\servo\anim_ratc_srvo_01.LN50.pc.snd.wav,,loaded,bus_fx,grp_foley,snp_foley,,80,0,75,75,250,1000,1750,allon,default,allon,default,3,4,oldest,oldest,-150,150,50,95,0.25,1,3d,default,nonlooping,,1,0,25,100,80,0.1,yes,yes,none,0,,no,,,yes,no,no,0,0,yes,no,,0,,no,no,no
fly_servo_mechz,raw\sound\zmb\ai\mechz\servo\anim_ratc_srvo_02.LN50.pc.snd.wav,,loaded,bus_fx,grp_foley,snp_foley,,80,0,75,75,250,1000,1750,allon,default,allon,default,3,4,oldest,oldest,-150,150,50,95,0.25,1,3d,default,nonlooping,,1,0,25,100,80,0.1,yes,yes,none,0,,no,,,yes,no,no,0,0,yes,no,,0,,no,no,no
zmb_ai_mechz_claw_back,raw\sound\zmb\ai\mechz\v2\claw\retract\retract.LN50.pc.snd.wav,,loaded,bus_hdrfx,grp_hdrfx,snp_hdrfx,,75,0,89,89,125,500,625,allon,default,allon,default,8,8,priority,oldest,0,0,75,95,0.25,1,3d,default,nonlooping,,1,0,100,125,99,0,yes,no,none,0,,no,,,no,no,no,0,0,yes,no,,0,,no,no,no
zmb_ai_mechz_claw_fire,raw\sound\zmb\ai\mechz\v2\claw\fire\fire_00.LN50.pc.snd.wav,,loaded,bus_hdrfx,grp_hdrfx,snp_hdrfx,,75,0,89,89,500,1250,1750,allon,default,allon,default,8,8,priority,oldest,0,0,75,95,0.25,1,3d,default,nonlooping,,1,0,100,125,99,0,yes,no,none,0,,no,,,no,no,no,0,0,yes,no,,0,,no,no,no
zmb_ai_mechz_claw_fire,raw\sound\zmb\ai\mechz\v2\claw\fire\fire_01.LN50.pc.snd.wav,,loaded,bus_hdrfx,grp_hdrfx,snp_hdrfx,,75,0,89,89,500,1250,1750,allon,default,allon,default,8,8,priority,oldest,0,0,75,95,0.25,1,3d,default,nonlooping,,1,0,100,125,99,0,yes,no,none,0,,no,,,no,no,no,0,0,yes,no,,0,,no,no,no
zmb_ai_mechz_claw_fire,raw\sound\zmb\ai\mechz\v2\claw\fire\fire_02.LN50.pc.snd.wav,,loaded,bus_hdrfx,grp_hdrfx,snp_hdrfx,,75,0,89,89,500,1250,1750,allon,default,allon,default,8,8,priority,oldest,0,0,75,95,0.25,1,3d,default,nonlooping,,1,0,100,125,99,0,yes,no,none,0,,no,,,no,no,no,0,0,yes,no,,0,,no,no,no
zmb_ai_mechz_claw_grab,raw\sound\zmb\ai\mechz\v2\claw\grab\grab.LN50.pc.snd.wav,,loaded,bus_hdrfx,grp_hdrfx,snp_hdrfx,,75,0,89,89,125,500,625,allon,default,allon,default,8,8,priority,oldest,0,0,75,95,0.25,1,3d,default,nonlooping,,1,0,100,125,99,0,yes,no,none,0,,no,,,no,no,no,0,0,yes,no,,0,,no,no,no
zmb_ai_mechz_claw_loop_in,raw\sound\zmb\ai\mechz\v2\claw\loop_in.LL50.pc.snd.wav,,loaded,bus_hdrfx,grp_hdrfx,snp_hdrfx,,75,0,78,78,250,1000,1500,allon,default,allon,default,8,8,priority,oldest,0,0,75,95,0.25,1,3d,default,looping,,1,0,100,125,99,0,yes,no,none,0,,no,,,no,no,no,0,0,yes,yes,,0,,no,no,no
zmb_ai_mechz_claw_loop_out,raw\sound\zmb\ai\mechz\v2\claw\loop_out.LL50.pc.snd.wav,,loaded,bus_hdrfx,grp_hdrfx,snp_hdrfx,,75,0,78,78,250,1000,1500,allon,default,allon,default,8,8,priority,oldest,0,0,75,95,0.25,1,3d,default,looping,,1,0,100,125,99,0,yes,no,none,0,,no,,,no,no,no,0,0,yes,yes,,0,,no,no,no
zmb_ai_mechz_death_explode,raw\sound\zmb\ai\mechz\v2\death\explode.LN50.pc.snd.wav,,loaded,bus_hdrfx,grp_hdrfx,snp_hdrfx,,60,0,96,96,250,1000,1500,allon,default,allon,default,8,8,priority,oldest,0,0,75,95,0.25,1,3d,default,nonlooping,,1,0,50,125,99,0,yes,no,none,0,,no,,,no,no,no,0,0,yes,no,,0,,no,no,no
zmb_ai_mechz_death_fall,raw\sound\zmb\ai\mechz\v2\death\killimp.LN50.pc.snd.wav,,loaded,bus_hdrfx,grp_hdrfx,snp_hdrfx,,60,0,91,91,250,1000,1500,allon,default,allon,default,8,8,priority,oldest,0,0,75,95,0.25,1,3d,default,nonlooping,,1,0,50,125,99,0,yes,no,none,0,,no,,,no,no,no,0,0,yes,no,,0,,no,no,no
zmb_ai_mechz_death_imp,raw\sound\zmb\ai\mechz\v2\death\killshot.LN50.pc.snd.wav,zmb_ai_mechz_death_rise,loaded,bus_hdrfx,grp_hdrfx,snp_hdrfx,,60,0,91,91,250,1000,1500,allon,default,allon,default,8,8,priority,oldest,0,0,75,95,0.25,1,3d,default,nonlooping,,1,0,50,125,99,0,yes,no,none,0,,no,,,no,no,no,0,0,yes,no,,0,,no,no,no
zmb_ai_mechz_death_rise,raw\sound\zmb\ai\mechz\v2\death\rise.LN50.pc.snd.wav,,loaded,bus_hdrfx,grp_hdrfx,snp_hdrfx,,60,0,85,85,250,1000,1500,allon,default,allon,default,8,8,priority,oldest,0,0,75,95,0.25,1,3d,default,nonlooping,,1,1000,50,125,99,0,yes,no,none,0,,no,,,no,no,no,0,0,yes,no,,0,,no,no,no
zmb_ai_mechz_destruction,raw\sound\zmb\ai\mechz\v2\destruction\destruction_00.LN50.pc.snd.wav,zmb_ai_mechz_vox_pain,loaded,bus_hdrfx,grp_hdrfx,snp_hdrfx,,75,0,86,86,375,875,1125,allon,default,allon,default,8,8,priority,oldest,0,0,55,95,0.25,1,3d,default,nonlooping,,1,0,100,125,99,0,yes,no,none,0,,no,,,no,no,no,0,0,yes,no,,0,,no,no,no
zmb_ai_mechz_destruction,raw\sound\zmb\ai\mechz\v2\destruction\destruction_01.LN50.pc.snd.wav,zmb_ai_mechz_vox_pain,loaded,bus_hdrfx,grp_hdrfx,snp_hdrfx,,75,0,86,86,375,875,1125,allon,default,allon,default,8,8,priority,oldest,0,0,55,95,0.25,1,3d,default,nonlooping,,1,0,100,125,99,0,yes,no,none,0,,no,,,no,no,no,0,0,yes,no,,0,,no,no,no
zmb_ai_mechz_destruction,raw\sound\zmb\ai\mechz\v2\destruction\destruction_02.LN50.pc.snd.wav,zmb_ai_mechz_vox_pain,loaded,bus_hdrfx,grp_hdrfx,snp_hdrfx,,75,0,86,86,375,875,1125,allon,default,allon,default,8,8,priority,oldest,0,0,55,95,0.25,1,3d,default,nonlooping,,1,0,100,125,99,0,yes,no,none,0,,no,,,no,no,no,0,0,yes,no,,0,,no,no,no
zmb_ai_mechz_flame_loop,raw\sound\zmb\ai\mechz\v2\flame\loop.LL50.pc.snd.wav,,loaded,bus_hdrfx,grp_hdrfx,snp_hdrfx,,60,0,84,84,250,1000,1500,allon,default,allon,default,8,8,priority,oldest,0,0,65,95,0.25,1,3d,default,looping,,1,0,50,125,99,0,no,no,none,0,,no,,,no,no,no,0,0,yes,yes,,0,,no,no,no
zmb_ai_mechz_flame_start,raw\sound\zmb\ai\mechz\v2\flame\start.LN50.pc.snd.wav,,loaded,bus_hdrfx,grp_hdrfx,snp_hdrfx,,60,0,84,84,250,1000,1500,allon,default,allon,default,8,8,priority,oldest,0,0,65,95,0.25,1,3d,default,nonlooping,,1,0,50,125,99,0,no,no,none,0,,no,,,no,no,no,0,0,yes,no,,0,,no,no,no
zmb_ai_mechz_flame_stop,raw\sound\zmb\ai\mechz\v2\flame\stop.LN50.pc.snd.wav,,loaded,bus_hdrfx,grp_hdrfx,snp_hdrfx,,60,0,84,84,250,1000,1500,allon,default,allon,default,8,8,priority,oldest,0,0,65,95,0.25,1,3d,default,nonlooping,,1,0,50,125,99,0,no,no,none,0,,no,,,no,no,no,0,0,yes,no,,0,,no,no,no
zmb_ai_mechz_incoming_alarm,raw\sound\zmb\ai\mechz\v2\incoming_alarm.SN50.pc.snd.flac,,streamed,bus_hdrfx,grp_hdrfx,snp_hdrfx,,92,0,80,80,0,5000,5000,allon,default,allon,default,8,8,priority,oldest,0,0,95,100,0,1,2d,quad,nonlooping,,1,0,0,0,0,0,no,yes,none,0,,no,,,no,no,no,0,0,yes,no,,0,,no,no,no
zmb_ai_mechz_intro,raw\sound\zmb\ai\mechz\v2\jump_in_118.LN50.pc.snd.wav,,loaded,bus_hdrfx,grp_hdrfx,snp_hdrfx,,80,0,95,95,750,1500,2500,allon,default,allon,default,8,8,priority,oldest,0,0,55,95,0.25,1,3d,default,nonlooping,,1,0,100,125,99,0,yes,no,none,0,,no,,,no,no,no,0,0,yes,no,,0,,no,no,no
zmb_ai_mechz_intro_alarm,raw\sound\zmb\ai\mechz\vox\alarm_2.LN50.pc.snd.wav,,loaded,bus_hdrfx,grp_hdrfx,snp_hdrfx,,80,0,86,86,250,1000,1500,allon,default,allon,default,8,8,priority,oldest,0,0,55,95,0.25,1,3d,default,nonlooping,,1,0,100,125,99,0,yes,no,none,0,,no,,,no,no,no,0,0,yes,no,,0,,no,no,no
zmb_ai_mechz_jump,raw\sound\zmb\ai\mechz\v2\jump\jump_00.LN50.pc.snd.wav,,loaded,bus_hdrfx,grp_hdrfx,snp_hdrfx,,75,0,83,83,375,875,1125,allon,default,allon,default,8,8,priority,oldest,0,0,55,95,0.25,1,3d,default,nonlooping,,1,0,100,125,99,0,yes,no,none,0,,no,,,no,no,no,0,0,yes,no,,0,,no,no,no
zmb_ai_mechz_jump,raw\sound\zmb\ai\mechz\v2\jump\jump_01.LN50.pc.snd.wav,,loaded,bus_hdrfx,grp_hdrfx,snp_hdrfx,,75,0,83,83,375,875,1125,allon,default,allon,default,8,8,priority,oldest,0,0,55,95,0.25,1,3d,default,nonlooping,,1,0,100,125,99,0,yes,no,none,0,,no,,,no,no,no,0,0,yes,no,,0,,no,no,no
zmb_ai_mechz_land,raw\sound\zmb\ai\mechz\v2\land\land_00.LN50.pc.snd.wav,,loaded,bus_hdrfx,grp_hdrfx,snp_hdrfx,,75,0,86,86,375,875,1125,allon,default,allon,default,8,8,priority,oldest,0,0,55,95,0.25,1,3d,default,nonlooping,,1,0,100,125,99,0,yes,no,none,0,,no,,,no,no,no,0,0,yes,no,,0,,no,no,no
zmb_ai_mechz_land,raw\sound\zmb\ai\mechz\v2\land\land_01.LN50.pc.snd.wav,,loaded,bus_hdrfx,grp_hdrfx,snp_hdrfx,,75,0,86,86,375,875,1125,allon,default,allon,default,8,8,priority,oldest,0,0,55,95,0.25,1,3d,default,nonlooping,,1,0,100,125,99,0,yes,no,none,0,,no,,,no,no,no,0,0,yes,no,,0,,no,no,no
zmb_ai_mechz_land,raw\sound\zmb\ai\mechz\v2\land\land_02.LN50.pc.snd.wav,,loaded,bus_hdrfx,grp_hdrfx,snp_hdrfx,,75,0,86,86,375,875,1125,allon,default,allon,default,8,8,priority,oldest,0,0,55,95,0.25,1,3d,default,nonlooping,,1,0,100,125,99,0,yes,no,none,0,,no,,,no,no,no,0,0,yes,no,,0,,no,no,no
zmb_ai_mechz_rocket_loop,raw\sound\zmb\ai\mechz\v2\rocket\loop.LL50.pc.snd.wav,,loaded,bus_hdrfx,grp_hdrfx,snp_hdrfx,,75,0,86,86,625,1500,2000,allon,default,allon,default,8,8,priority,oldest,0,0,50,95,0.25,1,3d,default,looping,,1,0,0,0,0,0,yes,no,none,0,,yes,,,no,no,no,0,0,yes,yes,,0,,no,no,no
zmb_ai_mechz_rocket_start,raw\sound\zmb\ai\mechz\v2\rocket\start.LN50.pc.snd.wav,,loaded,bus_hdrfx,grp_hdrfx,snp_hdrfx,,75,0,86,86,625,1500,2000,allon,default,allon,default,8,8,priority,oldest,0,0,50,95,0.25,1,3d,default,nonlooping,,1,0,0,0,0,0,yes,no,none,0,,no,,,no,no,no,0,0,yes,no,,0,,no,no,no
zmb_ai_mechz_rocket_stop,raw\sound\zmb\ai\mechz\v2\rocket\stop.LN50.pc.snd.wav,,loaded,bus_hdrfx,grp_hdrfx,snp_hdrfx,,75,0,86,86,625,1500,2000,allon,default,allon,default,8,8,priority,oldest,0,0,50,95,0.25,1,3d,default,nonlooping,,1,0,0,0,0,0,yes,no,none,0,,no,,,no,no,no,0,0,yes,no,,0,,no,no,no
zmb_ai_mechz_swing_a,raw\sound\zmb\ai\mechz\v2\melee_a.LN50.pc.snd.wav,zmb_ai_mechz_vox_swing,loaded,bus_hdrfx,grp_hdrfx,snp_hdrfx,,75,0,86,86,175,625,750,allon,default,allon,default,8,8,priority,oldest,0,0,55,95,0.25,1,3d,default,nonlooping,,1,0,100,125,99,0,yes,no,none,0,,no,,,no,no,no,0,0,yes,no,,0,,no,no,no
zmb_ai_mechz_swing_b,raw\sound\zmb\ai\mechz\v2\melee_b.LN50.pc.snd.wav,zmb_ai_mechz_vox_swing,loaded,bus_hdrfx,grp_hdrfx,snp_hdrfx,,75,0,86,86,175,625,750,allon,default,allon,default,8,8,priority,oldest,0,0,55,95,0.25,1,3d,default,nonlooping,,1,0,100,125,99,0,yes,no,none,0,,no,,,no,no,no,0,0,yes,no,,0,,no,no,no
zmb_ai_mechz_vox_ambient,raw\sound\zmb\ai\mechz\vox\ambient\ambient_00.LN50.pc.snd.wav,,loaded,bus_hdrfx,grp_hdrfx,snp_hdrfx,,75,0,78,78,125,1000,1500,allon,default,allon,default,8,8,priority,oldest,0,0,50,90,0.25,1,3d,default,nonlooping,,1,0,0,0,0,0.1,yes,no,none,0,,no,f35,interior,no,no,no,0,0,yes,no,,0,,no,no,no
zmb_ai_mechz_vox_ambient,raw\sound\zmb\ai\mechz\vox\ambient\ambient_01.LN50.pc.snd.wav,,loaded,bus_hdrfx,grp_hdrfx,snp_hdrfx,,75,0,78,78,125,1000,1500,allon,default,allon,default,8,8,priority,oldest,0,0,50,90,0.25,1,3d,default,nonlooping,,1,0,0,0,0,0.1,yes,no,none,0,,no,f35,interior,no,no,no,0,0,yes,no,,0,,no,no,no
zmb_ai_mechz_vox_ambient,raw\sound\zmb\ai\mechz\vox\ambient\ambient_02.LN50.pc.snd.wav,,loaded,bus_hdrfx,grp_hdrfx,snp_hdrfx,,75,0,78,78,125,1000,1500,allon,default,allon,default,8,8,priority,oldest,0,0,50,90,0.25,1,3d,default,nonlooping,,1,0,0,0,0,0.1,yes,no,none,0,,no,f35,interior,no,no,no,0,0,yes,no,,0,,no,no,no
zmb_ai_mechz_vox_ambient,raw\sound\zmb\ai\mechz\vox\ambient\ambient_03.LN50.pc.snd.wav,,loaded,bus_hdrfx,grp_hdrfx,snp_hdrfx,,75,0,78,78,125,1000,1500,allon,default,allon,default,8,8,priority,oldest,0,0,50,90,0.25,1,3d,default,nonlooping,,1,0,0,0,0,0.1,yes,no,none,0,,no,f35,interior,no,no,no,0,0,yes,no,,0,,no,no,no
zmb_ai_mechz_vox_ambient,raw\sound\zmb\ai\mechz\vox\ambient\ambient_04.LN50.pc.snd.wav,,loaded,bus_hdrfx,grp_hdrfx,snp_hdrfx,,75,0,78,78,125,1000,1500,allon,default,allon,default,8,8,priority,oldest,0,0,50,90,0.25,1,3d,default,nonlooping,,1,0,0,0,0,0.1,yes,no,none,0,,no,f35,interior,no,no,no,0,0,yes,no,,0,,no,no,no
zmb_ai_mechz_vox_ambient,raw\sound\zmb\ai\mechz\vox\angry_nh\angry_nh_00.LN50.pc.snd.wav,,loaded,bus_hdrfx,grp_hdrfx,snp_hdrfx,,75,0,78,78,125,1000,1500,allon,default,allon,default,8,8,priority,oldest,0,0,50,90,0.25,1,3d,default,nonlooping,,1,0,0,0,0,0.1,yes,no,none,0,,no,f35,exterior,no,no,no,0,0,yes,no,,0,,no,no,no
zmb_ai_mechz_vox_ambient,raw\sound\zmb\ai\mechz\vox\angry_nh\angry_nh_01.LN50.pc.snd.wav,,loaded,bus_hdrfx,grp_hdrfx,snp_hdrfx,,75,0,78,78,125,1000,1500,allon,default,allon,default,8,8,priority,oldest,0,0,50,90,0.25,1,3d,default,nonlooping,,1,0,0,0,0,0.1,yes,no,none,0,,no,f35,exterior,no,no,no,0,0,yes,no,,0,,no,no,no
zmb_ai_mechz_vox_ambient,raw\sound\zmb\ai\mechz\vox\angry_nh\angry_nh_02.LN50.pc.snd.wav,,loaded,bus_hdrfx,grp_hdrfx,snp_hdrfx,,75,0,78,78,125,1000,1500,allon,default,allon,default,8,8,priority,oldest,0,0,50,90,0.25,1,3d,default,nonlooping,,1,0,0,0,0,0.1,yes,no,none,0,,no,f35,exterior,no,no,no,0,0,yes,no,,0,,no,no,no
zmb_ai_mechz_vox_ambient,raw\sound\zmb\ai\mechz\vox\angry_nh\angry_nh_03.LN50.pc.snd.wav,,loaded,bus_hdrfx,grp_hdrfx,snp_hdrfx,,75,0,78,78,125,1000,1500,allon,default,allon,default,8,8,priority,oldest,0,0,50,90,0.25,1,3d,default,nonlooping,,1,0,0,0,0,0.1,yes,no,none,0,,no,f35,exterior,no,no,no,0,0,yes,no,,0,,no,no,no
zmb_ai_mechz_vox_angry,raw\sound\zmb\ai\mechz\vox\ambient\ambient_00.SN50.pc.snd.flac,,streamed,bus_hdrfx,grp_hdrfx,snp_hdrfx,,75,0,91,91,125,1000,1500,allon,default,allon,default,8,8,priority,oldest,0,0,50,90,0.25,1,3d,default,nonlooping,,1,300,50,75,99,0.1,yes,no,none,0,,no,f35,interior,no,no,no,0,0,yes,no,,0,,no,no,no
zmb_ai_mechz_vox_angry,raw\sound\zmb\ai\mechz\vox\ambient\ambient_01.SN50.pc.snd.flac,,streamed,bus_hdrfx,grp_hdrfx,snp_hdrfx,,75,0,91,91,125,1000,1500,allon,default,allon,default,8,8,priority,oldest,0,0,50,90,0.25,1,3d,default,nonlooping,,1,300,50,75,99,0.1,yes,no,none,0,,no,f35,interior,no,no,no,0,0,yes,no,,0,,no,no,no
zmb_ai_mechz_vox_angry,raw\sound\zmb\ai\mechz\vox\ambient\ambient_02.SN50.pc.snd.flac,,streamed,bus_hdrfx,grp_hdrfx,snp_hdrfx,,75,0,91,91,125,1000,1500,allon,default,allon,default,8,8,priority,oldest,0,0,50,90,0.25,1,3d,default,nonlooping,,1,300,50,75,99,0.1,yes,no,none,0,,no,f35,interior,no,no,no,0,0,yes,no,,0,,no,no,no
zmb_ai_mechz_vox_angry,raw\sound\zmb\ai\mechz\vox\ambient\ambient_03.SN50.pc.snd.flac,,streamed,bus_hdrfx,grp_hdrfx,snp_hdrfx,,75,0,91,91,125,1000,1500,allon,default,allon,default,8,8,priority,oldest,0,0,50,90,0.25,1,3d,default,nonlooping,,1,300,50,75,99,0.1,yes,no,none,0,,no,f35,interior,no,no,no,0,0,yes,no,,0,,no,no,no
zmb_ai_mechz_vox_angry,raw\sound\zmb\ai\mechz\vox\ambient\ambient_04.SN50.pc.snd.flac,,streamed,bus_hdrfx,grp_hdrfx,snp_hdrfx,,75,0,91,91,125,1000,1500,allon,default,allon,default,8,8,priority,oldest,0,0,50,90,0.25,1,3d,default,nonlooping,,1,300,50,75,99,0.1,yes,no,none,0,,no,f35,interior,no,no,no,0,0,yes,no,,0,,no,no,no
zmb_ai_mechz_vox_angry,raw\sound\zmb\ai\mechz\vox\angry_nh\angry_nh_00.SN50.pc.snd.flac,,streamed,bus_hdrfx,grp_hdrfx,snp_hdrfx,,75,0,91,91,125,1000,1500,allon,default,allon,default,8,8,priority,oldest,0,0,50,90,0.25,1,3d,default,nonlooping,,1,300,50,75,99,0.1,no,no,none,0,,no,f35,exterior,no,no,no,0,0,yes,no,,0,,no,no,no
zmb_ai_mechz_vox_angry,raw\sound\zmb\ai\mechz\vox\angry_nh\angry_nh_01.SN50.pc.snd.flac,,streamed,bus_hdrfx,grp_hdrfx,snp_hdrfx,,75,0,91,91,125,1000,1500,allon,default,allon,default,8,8,priority,oldest,0,0,50,90,0.25,1,3d,default,nonlooping,,1,300,50,75,99,0.1,no,no,none,0,,no,f35,exterior,no,no,no,0,0,yes,no,,0,,no,no,no
zmb_ai_mechz_vox_angry,raw\sound\zmb\ai\mechz\vox\angry_nh\angry_nh_02.SN50.pc.snd.flac,,streamed,bus_hdrfx,grp_hdrfx,snp_hdrfx,,75,0,91,91,125,1000,1500,allon,default,allon,default,8,8,priority,oldest,0,0,50,90,0.25,1,3d,default,nonlooping,,1,300,50,75,99,0.1,no,no,none,0,,no,f35,exterior,no,no,no,0,0,yes,no,,0,,no,no,no
zmb_ai_mechz_vox_angry,raw\sound\zmb\ai\mechz\vox\angry_nh\angry_nh_03.SN50.pc.snd.flac,,streamed,bus_hdrfx,grp_hdrfx,snp_hdrfx,,75,0,91,91,125,1000,1500,allon,default,allon,default,8,8,priority,oldest,0,0,50,90,0.25,1,3d,default,nonlooping,,1,300,50,75,99,0.1,no,no,none,0,,no,f35,exterior,no,no,no,0,0,yes,no,,0,,no,no,no
zmb_ai_mechz_vox_death,raw\sound\zmb\ai\mechz\vox\death\death_00.LN50.pc.snd.wav,,loaded,bus_hdrfx,grp_hdrfx,snp_hdrfx,,75,0,85,85,250,1000,1500,allon,default,allon,default,8,8,priority,oldest,0,0,50,90,0.25,1,3d,default,nonlooping,,1,0,0,0,0,0.1,yes,no,none,0,,no,f35,interior,no,no,no,0,0,yes,no,,0,,no,no,no
zmb_ai_mechz_vox_death,raw\sound\zmb\ai\mechz\vox\death_nh\death_nh_00.SN50.pc.snd.flac,,streamed,bus_hdrfx,grp_hdrfx,snp_hdrfx,,75,0,85,85,250,1000,1500,allon,default,allon,default,8,8,priority,oldest,0,0,50,90,0.25,1,3d,default,nonlooping,,1,0,0,0,0,0.1,no,no,none,0,,no,f35,exterior,no,no,no,0,0,yes,no,,0,,no,no,no
zmb_ai_mechz_vox_death,raw\sound\zmb\ai\mechz\vox\death_nh\death_nh_01.SN50.pc.snd.flac,,streamed,bus_hdrfx,grp_hdrfx,snp_hdrfx,,75,0,85,85,250,1000,1500,allon,default,allon,default,8,8,priority,oldest,0,0,50,90,0.25,1,3d,default,nonlooping,,1,0,0,0,0,0.1,no,no,none,0,,no,f35,exterior,no,no,no,0,0,yes,no,,0,,no,no,no
zmb_ai_mechz_vox_death,raw\sound\zmb\ai\mechz\vox\death_nh\death_nh_02.SN50.pc.snd.flac,,streamed,bus_hdrfx,grp_hdrfx,snp_hdrfx,,75,0,85,85,250,1000,1500,allon,default,allon,default,8,8,priority,oldest,0,0,50,90,0.25,1,3d,default,nonlooping,,1,0,0,0,0,0.1,no,no,none,0,,no,f35,exterior,no,no,no,0,0,yes,no,,0,,no,no,no
zmb_ai_mechz_vox_pain,raw\sound\zmb\ai\mechz\vox\death_nh\death_nh_00.LN50.pc.snd.wav,,loaded,bus_hdrfx,grp_hdrfx,snp_hdrfx,,75,0,85,85,125,1000,1500,allon,default,allon,default,8,8,priority,oldest,0,0,50,90,0.25,1,3d,default,nonlooping,,1,0,0,0,0,0.1,yes,no,none,0,,no,f35,exterior,no,no,no,0,0,yes,no,,0,,no,no,no
zmb_ai_mechz_vox_pain,raw\sound\zmb\ai\mechz\vox\death_nh\death_nh_01.LN50.pc.snd.wav,,loaded,bus_hdrfx,grp_hdrfx,snp_hdrfx,,75,0,85,85,125,1000,1500,allon,default,allon,default,8,8,priority,oldest,0,0,50,90,0.25,1,3d,default,nonlooping,,1,0,0,0,0,0.1,yes,no,none,0,,no,f35,exterior,no,no,no,0,0,yes,no,,0,,no,no,no
zmb_ai_mechz_vox_pain,raw\sound\zmb\ai\mechz\vox\death_nh\death_nh_02.LN50.pc.snd.wav,,loaded,bus_hdrfx,grp_hdrfx,snp_hdrfx,,75,0,85,85,125,1000,1500,allon,default,allon,default,8,8,priority,oldest,0,0,50,90,0.25,1,3d,default,nonlooping,,1,0,0,0,0,0.1,yes,no,none,0,,no,f35,exterior,no,no,no,0,0,yes,no,,0,,no,no,no
zmb_ai_mechz_vox_pain,raw\sound\zmb\ai\mechz\vox\pain\pain_00.LN50.pc.snd.wav,,loaded,bus_hdrfx,grp_hdrfx,snp_hdrfx,,75,0,85,85,125,1000,1500,allon,default,allon,default,8,8,priority,oldest,0,0,50,90,0.25,1,3d,default,nonlooping,,1,0,0,0,0,0.1,yes,no,none,0,,no,f35,interior,no,no,no,0,0,yes,no,,0,,no,no,no
zmb_ai_mechz_vox_pain,raw\sound\zmb\ai\mechz\vox\pain\pain_01.LN50.pc.snd.wav,,loaded,bus_hdrfx,grp_hdrfx,snp_hdrfx,,75,0,85,85,125,1000,1500,allon,default,allon,default,8,8,priority,oldest,0,0,50,90,0.25,1,3d,default,nonlooping,,1,0,0,0,0,0.1,yes,no,none,0,,no,f35,interior,no,no,no,0,0,yes,no,,0,,no,no,no
zmb_ai_mechz_vox_pain,raw\sound\zmb\ai\mechz\vox\pain\pain_02.LN50.pc.snd.wav,,loaded,bus_hdrfx,grp_hdrfx,snp_hdrfx,,75,0,85,85,125,1000,1500,allon,default,allon,default,8,8,priority,oldest,0,0,50,90,0.25,1,3d,default,nonlooping,,1,0,0,0,0,0.1,yes,no,none,0,,no,f35,interior,no,no,no,0,0,yes,no,,0,,no,no,no
zmb_ai_mechz_vox_pain,raw\sound\zmb\ai\mechz\vox\pain\pain_03.LN50.pc.snd.wav,,loaded,bus_hdrfx,grp_hdrfx,snp_hdrfx,,75,0,85,85,125,1000,1500,allon,default,allon,default,8,8,priority,oldest,0,0,50,90,0.25,1,3d,default,nonlooping,,1,0,0,0,0,0.1,yes,no,none,0,,no,f35,interior,no,no,no,0,0,yes,no,,0,,no,no,no
zmb_ai_mechz_vox_swing,raw\sound\zmb\ai\mechz\vox\swing\swing_00.LN50.pc.snd.wav,,loaded,bus_hdrfx,grp_hdrfx,snp_hdrfx,,75,0,81,81,125,1000,1500,allon,default,allon,default,8,8,priority,oldest,0,0,50,90,0.25,1,3d,default,nonlooping,,1,0,0,0,0,0.1,yes,no,none,0,,no,f35,interior,no,no,no,0,0,yes,no,,0,,no,no,no
zmb_ai_mechz_vox_swing,raw\sound\zmb\ai\mechz\vox\swing\swing_01.LN50.pc.snd.wav,,loaded,bus_hdrfx,grp_hdrfx,snp_hdrfx,,75,0,81,81,125,1000,1500,allon,default,allon,default,8,8,priority,oldest,0,0,50,90,0.25,1,3d,default,nonlooping,,1,0,0,0,0,0.1,yes,no,none,0,,no,f35,interior,no,no,no,0,0,yes,no,,0,,no,no,no
zmb_ai_mechz_vox_swing,raw\sound\zmb\ai\mechz\vox\swing\swing_02.LN50.pc.snd.wav,,loaded,bus_hdrfx,grp_hdrfx,snp_hdrfx,,75,0,81,81,125,1000,1500,allon,default,allon,default,8,8,priority,oldest,0,0,50,90,0.25,1,3d,default,nonlooping,,1,0,0,0,0,0.1,yes,no,none,0,,no,f35,interior,no,no,no,0,0,yes,no,,0,,no,no,no
zmb_ai_mechz_vox_swing,raw\sound\zmb\ai\mechz\vox\swing\swing_03.LN50.pc.snd.wav,,loaded,bus_hdrfx,grp_hdrfx,snp_hdrfx,,75,0,81,81,125,1000,1500,allon,default,allon,default,8,8,priority,oldest,0,0,50,90,0.25,1,3d,default,nonlooping,,1,0,0,0,0,0.1,yes,no,none,0,,no,f35,interior,no,no,no,0,0,yes,no,,0,,no,no,no
zmb_ai_mechz_vox_swing,raw\sound\zmb\ai\mechz\vox\swing\swing_04.LN50.pc.snd.wav,,loaded,bus_hdrfx,grp_hdrfx,snp_hdrfx,,75,0,81,81,125,1000,1500,allon,default,allon,default,8,8,priority,oldest,0,0,50,90,0.25,1,3d,default,nonlooping,,1,0,0,0,0,0.1,yes,no,none,0,,no,f35,interior,no,no,no,0,0,yes,no,,0,,no,no,no
zmb_ai_mechz_vox_swing,raw\sound\zmb\ai\mechz\vox\swing_nh\swing_nh_00.SN50.pc.snd.flac,,streamed,bus_hdrfx,grp_hdrfx,snp_hdrfx,,75,0,86,86,125,1000,1500,allon,default,allon,default,8,8,priority,oldest,0,0,50,90,0.25,1,3d,default,nonlooping,,1,0,0,0,0,0.1,no,no,none,0,,no,f35,exterior,no,no,no,0,0,yes,no,,0,,no,no,no
zmb_ai_mechz_vox_swing,raw\sound\zmb\ai\mechz\vox\swing_nh\swing_nh_01.SN50.pc.snd.flac,,streamed,bus_hdrfx,grp_hdrfx,snp_hdrfx,,75,0,86,86,125,1000,1500,allon,default,allon,default,8,8,priority,oldest,0,0,50,90,0.25,1,3d,default,nonlooping,,1,0,0,0,0,0.1,no,no,none,0,,no,f35,exterior,no,no,no,0,0,yes,no,,0,,no,no,no
zmb_ai_mechz_vox_swing,raw\sound\zmb\ai\mechz\vox\swing_nh\swing_nh_02.SN50.pc.snd.flac,,streamed,bus_hdrfx,grp_hdrfx,snp_hdrfx,,75,0,86,86,125,1000,1500,allon,default,allon,default,8,8,priority,oldest,0,0,50,90,0.25,1,3d,default,nonlooping,,1,0,0,0,0,0.1,no,no,none,0,,no,f35,exterior,no,no,no,0,0,yes,no,,0,,no,no,no
zmb_ai_mechz_vox_swing,raw\sound\zmb\ai\mechz\vox\swing_nh\swing_nh_03.SN50.pc.snd.flac,,streamed,bus_hdrfx,grp_hdrfx,snp_hdrfx,,75,0,86,86,125,1000,1500,allon,default,allon,default,8,8,priority,oldest,0,0,50,90,0.25,1,3d,default,nonlooping,,1,0,0,0,0,0.1,no,no,none,0,,no,f35,exterior,no,no,no,0,0,yes,no,,0,,no,no,no
mus_mechz_fight_loop,raw\sound\mus\zombie\tomb\mechz_round\desolation.SL45.pc.snd.flac,,streamed,bus_music,grp_music,snp_movie,,0,0,91,91,0,5000,5000,allon,default,allon,default,1,8,oldest,oldest,0,0,100,100,0,1,2d,quad,looping,,1,0,0,0,0,0.25,no,yes,none,0,,no,,,yes,yes,no,0,0,yes,yes,,0,,no,no,no
fly_step_mechz,raw\sound\zmb\ai\mechz\step\anim_decepticon_lg_run_01.LN50.pc.snd.wav,fly_step_mechz_weight,loaded,bus_fx,grp_foley,snp_foley,,40,0,82,82,250,1000,1750,allon,default,allon,default,3,2,priority,oldest,-170,170,60,95,0.25,1,3d,default,nonlooping,,1,0,25,100,80,0.1,yes,yes,none,0,,no,,,yes,no,no,0,0,yes,no,,0,,no,no,no
fly_step_mechz,raw\sound\zmb\ai\mechz\step\anim_decepticon_lg_run_02.LN50.pc.snd.wav,fly_step_mechz_weight,loaded,bus_fx,grp_foley,snp_foley,,40,0,82,82,250,1000,1750,allon,default,allon,default,3,2,priority,oldest,-170,170,60,95,0.25,1,3d,default,nonlooping,,1,0,25,100,80,0.1,yes,yes,none,0,,no,,,yes,no,no,0,0,yes,no,,0,,no,no,no
fly_step_mechz,raw\sound\zmb\ai\mechz\step\anim_decepticon_lg_run_03.LN50.pc.snd.wav,fly_step_mechz_weight,loaded,bus_fx,grp_foley,snp_foley,,40,0,82,82,250,1000,1750,allon,default,allon,default,3,2,priority,oldest,-170,170,60,95,0.25,1,3d,default,nonlooping,,1,0,25,100,80,0.1,yes,yes,none,0,,no,,,yes,no,no,0,0,yes,no,,0,,no,no,no
fly_step_mechz,raw\sound\zmb\ai\mechz\step\anim_decepticon_lg_run_04.LN50.pc.snd.wav,fly_step_mechz_weight,loaded,bus_fx,grp_foley,snp_foley,,40,0,82,82,250,1000,1750,allon,default,allon,default,3,2,priority,oldest,-170,170,60,95,0.25,1,3d,default,nonlooping,,1,0,25,100,80,0.1,yes,yes,none,0,,no,,,yes,no,no,0,0,yes,no,,0,,no,no,no
fly_step_mechz_run_asphalt,raw\sound\zmb\ai\mechz\step\anim_decepticon_lg_run_01.LN50.pc.snd.wav,fly_step_mechz_weight,loaded,bus_fx,grp_foley,snp_foley,,40,0,82,82,250,1000,1750,allon,default,allon,default,3,2,priority,oldest,-170,170,60,95,0.25,1,3d,default,nonlooping,,1,0,25,100,80,0.1,yes,yes,none,0,,no,,,yes,no,no,0,0,yes,no,,0,,no,no,no
fly_step_mechz_run_asphalt,raw\sound\zmb\ai\mechz\step\anim_decepticon_lg_run_02.LN50.pc.snd.wav,fly_step_mechz_weight,loaded,bus_fx,grp_foley,snp_foley,,40,0,82,82,250,1000,1750,allon,default,allon,default,3,2,priority,oldest,-170,170,60,95,0.25,1,3d,default,nonlooping,,1,0,25,100,80,0.1,yes,yes,none,0,,no,,,yes,no,no,0,0,yes,no,,0,,no,no,no
fly_step_mechz_run_asphalt,raw\sound\zmb\ai\mechz\step\anim_decepticon_lg_run_03.LN50.pc.snd.wav,fly_step_mechz_weight,loaded,bus_fx,grp_foley,snp_foley,,40,0,82,82,250,1000,1750,allon,default,allon,default,3,2,priority,oldest,-170,170,60,95,0.25,1,3d,default,nonlooping,,1,0,25,100,80,0.1,yes,yes,none,0,,no,,,yes,no,no,0,0,yes,no,,0,,no,no,no
fly_step_mechz_run_asphalt,raw\sound\zmb\ai\mechz\step\anim_decepticon_lg_run_04.LN50.pc.snd.wav,fly_step_mechz_weight,loaded,bus_fx,grp_foley,snp_foley,,40,0,82,82,250,1000,1750,allon,default,allon,default,3,2,priority,oldest,-170,170,60,95,0.25,1,3d,default,nonlooping,,1,0,25,100,80,0.1,yes,yes,none,0,,no,,,yes,no,no,0,0,yes,no,,0,,no,no,no
fly_step_mechz_run_bark,raw\sound\zmb\ai\mechz\step\anim_decepticon_lg_run_01.LN50.pc.snd.wav,fly_step_mechz_weight,loaded,bus_fx,grp_foley,snp_foley,,40,0,82,82,250,1000,1750,allon,default,allon,default,3,2,priority,oldest,-170,170,60,95,0.25,1,3d,default,nonlooping,,1,0,25,100,80,0.1,yes,yes,none,0,,no,,,yes,no,no,0,0,yes,no,,0,,no,no,no
fly_step_mechz_run_bark,raw\sound\zmb\ai\mechz\step\anim_decepticon_lg_run_02.LN50.pc.snd.wav,fly_step_mechz_weight,loaded,bus_fx,grp_foley,snp_foley,,40,0,82,82,250,1000,1750,allon,default,allon,default,3,2,priority,oldest,-170,170,60,95,0.25,1,3d,default,nonlooping,,1,0,25,100,80,0.1,yes,yes,none,0,,no,,,yes,no,no,0,0,yes,no,,0,,no,no,no
fly_step_mechz_run_bark,raw\sound\zmb\ai\mechz\step\anim_decepticon_lg_run_03.LN50.pc.snd.wav,fly_step_mechz_weight,loaded,bus_fx,grp_foley,snp_foley,,40,0,82,82,250,1000,1750,allon,default,allon,default,3,2,priority,oldest,-170,170,60,95,0.25,1,3d,default,nonlooping,,1,0,25,100,80,0.1,yes,yes,none,0,,no,,,yes,no,no,0,0,yes,no,,0,,no,no,no
fly_step_mechz_run_bark,raw\sound\zmb\ai\mechz\step\anim_decepticon_lg_run_04.LN50.pc.snd.wav,fly_step_mechz_weight,loaded,bus_fx,grp_foley,snp_foley,,40,0,82,82,250,1000,1750,allon,default,allon,default,3,2,priority,oldest,-170,170,60,95,0.25,1,3d,default,nonlooping,,1,0,25,100,80,0.1,yes,yes,none,0,,no,,,yes,no,no,0,0,yes,no,,0,,no,no,no
fly_step_mechz_run_brick,raw\sound\zmb\ai\mechz\step\anim_decepticon_lg_run_01.LN50.pc.snd.wav,fly_step_mechz_weight,loaded,bus_fx,grp_foley,snp_foley,,40,0,82,82,250,1000,1750,allon,default,allon,default,3,2,priority,oldest,-170,170,60,95,0.25,1,3d,default,nonlooping,,1,0,25,100,80,0.1,yes,yes,none,0,,no,,,yes,no,no,0,0,yes,no,,0,,no,no,no
fly_step_mechz_run_brick,raw\sound\zmb\ai\mechz\step\anim_decepticon_lg_run_02.LN50.pc.snd.wav,fly_step_mechz_weight,loaded,bus_fx,grp_foley,snp_foley,,40,0,82,82,250,1000,1750,allon,default,allon,default,3,2,priority,oldest,-170,170,60,95,0.25,1,3d,default,nonlooping,,1,0,25,100,80,0.1,yes,yes,none,0,,no,,,yes,no,no,0,0,yes,no,,0,,no,no,no
fly_step_mechz_run_brick,raw\sound\zmb\ai\mechz\step\anim_decepticon_lg_run_03.LN50.pc.snd.wav,fly_step_mechz_weight,loaded,bus_fx,grp_foley,snp_foley,,40,0,82,82,250,1000,1750,allon,default,allon,default,3,2,priority,oldest,-170,170,60,95,0.25,1,3d,default,nonlooping,,1,0,25,100,80,0.1,yes,yes,none,0,,no,,,yes,no,no,0,0,yes,no,,0,,no,no,no
fly_step_mechz_run_brick,raw\sound\zmb\ai\mechz\step\anim_decepticon_lg_run_04.LN50.pc.snd.wav,fly_step_mechz_weight,loaded,bus_fx,grp_foley,snp_foley,,40,0,82,82,250,1000,1750,allon,default,allon,default,3,2,priority,oldest,-170,170,60,95,0.25,1,3d,default,nonlooping,,1,0,25,100,80,0.1,yes,yes,none,0,,no,,,yes,no,no,0,0,yes,no,,0,,no,no,no
fly_step_mechz_run_carpet,raw\sound\zmb\ai\mechz\step\anim_decepticon_lg_run_01.LN50.pc.snd.wav,fly_step_mechz_weight,loaded,bus_fx,grp_foley,snp_foley,,40,0,82,82,250,1000,1750,allon,default,allon,default,3,2,oldest,oldest,-170,170,60,95,0.25,1,3d,default,nonlooping,,1,0,25,100,80,0.1,yes,yes,none,0,,no,,,yes,no,no,0,0,yes,no,,0,,no,no,no
fly_step_mechz_run_carpet,raw\sound\zmb\ai\mechz\step\anim_decepticon_lg_run_02.LN50.pc.snd.wav,fly_step_mechz_weight,loaded,bus_fx,grp_foley,snp_foley,,40,0,82,82,250,1000,1750,allon,default,allon,default,3,2,oldest,oldest,-170,170,60,95,0.25,1,3d,default,nonlooping,,1,0,25,100,80,0.1,yes,yes,none,0,,no,,,yes,no,no,0,0,yes,no,,0,,no,no,no
fly_step_mechz_run_carpet,raw\sound\zmb\ai\mechz\step\anim_decepticon_lg_run_03.LN50.pc.snd.wav,fly_step_mechz_weight,loaded,bus_fx,grp_foley,snp_foley,,40,0,82,82,250,1000,1750,allon,default,allon,default,3,2,oldest,oldest,-170,170,60,95,0.25,1,3d,default,nonlooping,,1,0,25,100,80,0.1,yes,yes,none,0,,no,,,yes,no,no,0,0,yes,no,,0,,no,no,no
fly_step_mechz_run_carpet,raw\sound\zmb\ai\mechz\step\anim_decepticon_lg_run_04.LN50.pc.snd.wav,fly_step_mechz_weight,loaded,bus_fx,grp_foley,snp_foley,,40,0,82,82,250,1000,1750,allon,default,allon,default,3,2,oldest,oldest,-170,170,60,95,0.25,1,3d,default,nonlooping,,1,0,25,100,80,0.1,yes,yes,none,0,,no,,,yes,no,no,0,0,yes,no,,0,,no,no,no
fly_step_mechz_run_ceramic,raw\sound\zmb\ai\mechz\step\anim_decepticon_lg_run_01.LN50.pc.snd.wav,fly_step_mechz_weight,loaded,bus_fx,grp_foley,snp_foley,,40,0,82,82,250,1000,1750,allon,default,allon,default,3,2,priority,oldest,-170,170,60,95,0.25,1,3d,default,nonlooping,,1,0,25,100,80,0.1,yes,yes,none,0,,no,,,yes,no,no,0,0,yes,no,,0,,no,no,no
fly_step_mechz_run_ceramic,raw\sound\zmb\ai\mechz\step\anim_decepticon_lg_run_02.LN50.pc.snd.wav,fly_step_mechz_weight,loaded,bus_fx,grp_foley,snp_foley,,40,0,82,82,250,1000,1750,allon,default,allon,default,3,2,priority,oldest,-170,170,60,95,0.25,1,3d,default,nonlooping,,1,0,25,100,80,0.1,yes,yes,none,0,,no,,,yes,no,no,0,0,yes,no,,0,,no,no,no
fly_step_mechz_run_ceramic,raw\sound\zmb\ai\mechz\step\anim_decepticon_lg_run_03.LN50.pc.snd.wav,fly_step_mechz_weight,loaded,bus_fx,grp_foley,snp_foley,,40,0,82,82,250,1000,1750,allon,default,allon,default,3,2,priority,oldest,-170,170,60,95,0.25,1,3d,default,nonlooping,,1,0,25,100,80,0.1,yes,yes,none,0,,no,,,yes,no,no,0,0,yes,no,,0,,no,no,no
fly_step_mechz_run_ceramic,raw\sound\zmb\ai\mechz\step\anim_decepticon_lg_run_04.LN50.pc.snd.wav,fly_step_mechz_weight,loaded,bus_fx,grp_foley,snp_foley,,40,0,82,82,250,1000,1750,allon,default,allon,default,3,2,priority,oldest,-170,170,60,95,0.25,1,3d,default,nonlooping,,1,0,25,100,80,0.1,yes,yes,none,0,,no,,,yes,no,no,0,0,yes,no,,0,,no,no,no
fly_step_mechz_run_cloth,raw\sound\zmb\ai\mechz\step\anim_decepticon_lg_run_01.LN50.pc.snd.wav,fly_step_mechz_weight,loaded,bus_fx,grp_foley,snp_foley,,40,0,82,82,250,1000,1750,allon,default,allon,default,3,2,priority,oldest,-170,170,60,95,0.25,1,3d,default,nonlooping,,1,0,25,100,80,0.1,yes,yes,none,0,,no,,,yes,no,no,0,0,yes,no,,0,,no,no,no
fly_step_mechz_run_cloth,raw\sound\zmb\ai\mechz\step\anim_decepticon_lg_run_02.LN50.pc.snd.wav,fly_step_mechz_weight,loaded,bus_fx,grp_foley,snp_foley,,40,0,82,82,250,1000,1750,allon,default,allon,default,3,2,priority,oldest,-170,170,60,95,0.25,1,3d,default,nonlooping,,1,0,25,100,80,0.1,yes,yes,none,0,,no,,,yes,no,no,0,0,yes,no,,0,,no,no,no
fly_step_mechz_run_cloth,raw\sound\zmb\ai\mechz\step\anim_decepticon_lg_run_03.LN50.pc.snd.wav,fly_step_mechz_weight,loaded,bus_fx,grp_foley,snp_foley,,40,0,82,82,250,1000,1750,allon,default,allon,default,3,2,priority,oldest,-170,170,60,95,0.25,1,3d,default,nonlooping,,1,0,25,100,80,0.1,yes,yes,none,0,,no,,,yes,no,no,0,0,yes,no,,0,,no,no,no
fly_step_mechz_run_cloth,raw\sound\zmb\ai\mechz\step\anim_decepticon_lg_run_04.LN50.pc.snd.wav,fly_step_mechz_weight,loaded,bus_fx,grp_foley,snp_foley,,40,0,82,82,250,1000,1750,allon,default,allon,default,3,2,priority,oldest,-170,170,60,95,0.25,1,3d,default,nonlooping,,1,0,25,100,80,0.1,yes,yes,none,0,,no,,,yes,no,no,0,0,yes,no,,0,,no,no,no
fly_step_mechz_run_concrete,raw\sound\zmb\ai\mechz\step\anim_decepticon_lg_run_01.LN50.pc.snd.wav,fly_step_mechz_weight,loaded,bus_fx,grp_foley,snp_foley,,40,0,82,82,250,1000,1750,allon,default,allon,default,3,2,priority,oldest,-170,170,60,95,0.25,1,3d,default,nonlooping,,1,0,25,100,80,0.1,yes,yes,none,0,,no,,,yes,no,no,0,0,yes,no,,0,,no,no,no
fly_step_mechz_run_concrete,raw\sound\zmb\ai\mechz\step\anim_decepticon_lg_run_02.LN50.pc.snd.wav,fly_step_mechz_weight,loaded,bus_fx,grp_foley,snp_foley,,40,0,82,82,250,1000,1750,allon,default,allon,default,3,2,priority,oldest,-170,170,60,95,0.25,1,3d,default,nonlooping,,1,0,25,100,80,0.1,yes,yes,none,0,,no,,,yes,no,no,0,0,yes,no,,0,,no,no,no
fly_step_mechz_run_concrete,raw\sound\zmb\ai\mechz\step\anim_decepticon_lg_run_03.LN50.pc.snd.wav,fly_step_mechz_weight,loaded,bus_fx,grp_foley,snp_foley,,40,0,82,82,250,1000,1750,allon,default,allon,default,3,2,priority,oldest,-170,170,60,95,0.25,1,3d,default,nonlooping,,1,0,25,100,80,0.1,yes,yes,none,0,,no,,,yes,no,no,0,0,yes,no,,0,,no,no,no
fly_step_mechz_run_concrete,raw\sound\zmb\ai\mechz\step\anim_decepticon_lg_run_04.LN50.pc.snd.wav,fly_step_mechz_weight,loaded,bus_fx,grp_foley,snp_foley,,40,0,82,82,250,1000,1750,allon,default,allon,default,3,2,priority,oldest,-170,170,60,95,0.25,1,3d,default,nonlooping,,1,0,25,100,80,0.1,yes,yes,none,0,,no,,,yes,no,no,0,0,yes,no,,0,,no,no,no
fly_step_mechz_run_cushion,raw\sound\zmb\ai\mechz\step\anim_decepticon_lg_run_01.LN50.pc.snd.wav,fly_step_mechz_weight,loaded,bus_fx,grp_foley,snp_foley,,40,0,82,82,250,1000,1750,allon,default,allon,default,3,2,priority,oldest,-170,170,60,95,0.25,1,3d,default,nonlooping,,1,0,25,100,80,0.1,yes,yes,none,0,,no,,,yes,no,no,0,0,yes,no,,0,,no,no,no
fly_step_mechz_run_cushion,raw\sound\zmb\ai\mechz\step\anim_decepticon_lg_run_02.LN50.pc.snd.wav,fly_step_mechz_weight,loaded,bus_fx,grp_foley,snp_foley,,40,0,82,82,250,1000,1750,allon,default,allon,default,3,2,priority,oldest,-170,170,60,95,0.25,1,3d,default,nonlooping,,1,0,25,100,80,0.1,yes,yes,none,0,,no,,,yes,no,no,0,0,yes,no,,0,,no,no,no
fly_step_mechz_run_cushion,raw\sound\zmb\ai\mechz\step\anim_decepticon_lg_run_03.LN50.pc.snd.wav,fly_step_mechz_weight,loaded,bus_fx,grp_foley,snp_foley,,40,0,82,82,250,1000,1750,allon,default,allon,default,3,2,priority,oldest,-170,170,60,95,0.25,1,3d,default,nonlooping,,1,0,25,100,80,0.1,yes,yes,none,0,,no,,,yes,no,no,0,0,yes,no,,0,,no,no,no
fly_step_mechz_run_cushion,raw\sound\zmb\ai\mechz\step\anim_decepticon_lg_run_04.LN50.pc.snd.wav,fly_step_mechz_weight,loaded,bus_fx,grp_foley,snp_foley,,40,0,82,82,250,1000,1750,allon,default,allon,default,3,2,priority,oldest,-170,170,60,95,0.25,1,3d,default,nonlooping,,1,0,25,100,80,0.1,yes,yes,none,0,,no,,,yes,no,no,0,0,yes,no,,0,,no,no,no
fly_step_mechz_run_default,raw\sound\zmb\ai\mechz\step\anim_decepticon_lg_run_01.LN50.pc.snd.wav,fly_step_mechz_weight,loaded,bus_fx,grp_foley,snp_foley,,40,0,82,82,250,1000,1750,allon,default,allon,default,3,2,priority,oldest,-170,170,60,95,0.25,1,3d,default,nonlooping,,1,0,25,100,80,0.1,yes,yes,none,0,,no,,,yes,no,no,0,0,yes,no,,0,,no,no,no
fly_step_mechz_run_default,raw\sound\zmb\ai\mechz\step\anim_decepticon_lg_run_02.LN50.pc.snd.wav,fly_step_mechz_weight,loaded,bus_fx,grp_foley,snp_foley,,40,0,82,82,250,1000,1750,allon,default,allon,default,3,2,priority,oldest,-170,170,60,95,0.25,1,3d,default,nonlooping,,1,0,25,100,80,0.1,yes,yes,none,0,,no,,,yes,no,no,0,0,yes,no,,0,,no,no,no
fly_step_mechz_run_default,raw\sound\zmb\ai\mechz\step\anim_decepticon_lg_run_03.LN50.pc.snd.wav,fly_step_mechz_weight,loaded,bus_fx,grp_foley,snp_foley,,40,0,82,82,250,1000,1750,allon,default,allon,default,3,2,priority,oldest,-170,170,60,95,0.25,1,3d,default,nonlooping,,1,0,25,100,80,0.1,yes,yes,none,0,,no,,,yes,no,no,0,0,yes,no,,0,,no,no,no
fly_step_mechz_run_default,raw\sound\zmb\ai\mechz\step\anim_decepticon_lg_run_04.LN50.pc.snd.wav,fly_step_mechz_weight,loaded,bus_fx,grp_foley,snp_foley,,40,0,82,82,250,1000,1750,allon,default,allon,default,3,2,priority,oldest,-170,170,60,95,0.25,1,3d,default,nonlooping,,1,0,25,100,80,0.1,yes,yes,none,0,,no,,,yes,no,no,0,0,yes,no,,0,,no,no,no
fly_step_mechz_run_dirt,raw\sound\zmb\ai\mechz\step\anim_decepticon_lg_run_01.LN50.pc.snd.wav,fly_step_mechz_weight,loaded,bus_fx,grp_foley,snp_foley,,40,0,82,82,250,1000,1750,allon,default,allon,default,3,2,priority,oldest,-170,170,60,95,0.25,1,3d,default,nonlooping,,1,0,25,100,80,0.1,yes,yes,none,0,,no,,,yes,no,no,0,0,yes,no,,0,,no,no,no
fly_step_mechz_run_dirt,raw\sound\zmb\ai\mechz\step\anim_decepticon_lg_run_02.LN50.pc.snd.wav,fly_step_mechz_weight,loaded,bus_fx,grp_foley,snp_foley,,40,0,82,82,250,1000,1750,allon,default,allon,default,3,2,priority,oldest,-170,170,60,95,0.25,1,3d,default,nonlooping,,1,0,25,100,80,0.1,yes,yes,none,0,,no,,,yes,no,no,0,0,yes,no,,0,,no,no,no
fly_step_mechz_run_dirt,raw\sound\zmb\ai\mechz\step\anim_decepticon_lg_run_03.LN50.pc.snd.wav,fly_step_mechz_weight,loaded,bus_fx,grp_foley,snp_foley,,40,0,82,82,250,1000,1750,allon,default,allon,default,3,2,priority,oldest,-170,170,60,95,0.25,1,3d,default,nonlooping,,1,0,25,100,80,0.1,yes,yes,none,0,,no,,,yes,no,no,0,0,yes,no,,0,,no,no,no
fly_step_mechz_run_dirt,raw\sound\zmb\ai\mechz\step\anim_decepticon_lg_run_04.LN50.pc.snd.wav,fly_step_mechz_weight,loaded,bus_fx,grp_foley,snp_foley,,40,0,82,82,250,1000,1750,allon,default,allon,default,3,2,priority,oldest,-170,170,60,95,0.25,1,3d,default,nonlooping,,1,0,25,100,80,0.1,yes,yes,none,0,,no,,,yes,no,no,0,0,yes,no,,0,,no,no,no
fly_step_mechz_run_flesh,raw\sound\zmb\ai\mechz\step\anim_decepticon_lg_run_01.LN50.pc.snd.wav,fly_step_mechz_weight,loaded,bus_fx,grp_foley,snp_foley,,40,0,82,82,250,1000,1750,allon,default,allon,default,3,2,priority,oldest,-170,170,60,95,0.25,1,3d,default,nonlooping,,1,0,25,100,80,0.1,yes,yes,none,0,,no,,,yes,no,no,0,0,yes,no,,0,,no,no,no
fly_step_mechz_run_flesh,raw\sound\zmb\ai\mechz\step\anim_decepticon_lg_run_02.LN50.pc.snd.wav,fly_step_mechz_weight,loaded,bus_fx,grp_foley,snp_foley,,40,0,82,82,250,1000,1750,allon,default,allon,default,3,2,priority,oldest,-170,170,60,95,0.25,1,3d,default,nonlooping,,1,0,25,100,80,0.1,yes,yes,none,0,,no,,,yes,no,no,0,0,yes,no,,0,,no,no,no
fly_step_mechz_run_flesh,raw\sound\zmb\ai\mechz\step\anim_decepticon_lg_run_03.LN50.pc.snd.wav,fly_step_mechz_weight,loaded,bus_fx,grp_foley,snp_foley,,40,0,82,82,250,1000,1750,allon,default,allon,default,3,2,priority,oldest,-170,170,60,95,0.25,1,3d,default,nonlooping,,1,0,25,100,80,0.1,yes,yes,none,0,,no,,,yes,no,no,0,0,yes,no,,0,,no,no,no
fly_step_mechz_run_flesh,raw\sound\zmb\ai\mechz\step\anim_decepticon_lg_run_04.LN50.pc.snd.wav,fly_step_mechz_weight,loaded,bus_fx,grp_foley,snp_foley,,40,0,82,82,250,1000,1750,allon,default,allon,default,3,2,priority,oldest,-170,170,60,95,0.25,1,3d,default,nonlooping,,1,0,25,100,80,0.1,yes,yes,none,0,,no,,,yes,no,no,0,0,yes,no,,0,,no,no,no
fly_step_mechz_run_foliage,raw\sound\zmb\ai\mechz\step\anim_decepticon_lg_run_01.LN50.pc.snd.wav,fly_step_mechz_weight,loaded,bus_fx,grp_foley,snp_foley,,40,0,82,82,250,1000,1750,allon,default,allon,default,3,2,priority,oldest,-170,170,60,95,0.25,1,3d,default,nonlooping,,1,0,25,100,80,0.1,yes,yes,none,0,,no,,,yes,no,no,0,0,yes,no,,0,,no,no,no
fly_step_mechz_run_foliage,raw\sound\zmb\ai\mechz\step\anim_decepticon_lg_run_02.LN50.pc.snd.wav,fly_step_mechz_weight,loaded,bus_fx,grp_foley,snp_foley,,40,0,82,82,250,1000,1750,allon,default,allon,default,3,2,priority,oldest,-170,170,60,95,0.25,1,3d,default,nonlooping,,1,0,25,100,80,0.1,yes,yes,none,0,,no,,,yes,no,no,0,0,yes,no,,0,,no,no,no
fly_step_mechz_run_foliage,raw\sound\zmb\ai\mechz\step\anim_decepticon_lg_run_03.LN50.pc.snd.wav,fly_step_mechz_weight,loaded,bus_fx,grp_foley,snp_foley,,40,0,82,82,250,1000,1750,allon,default,allon,default,3,2,priority,oldest,-170,170,60,95,0.25,1,3d,default,nonlooping,,1,0,25,100,80,0.1,yes,yes,none,0,,no,,,yes,no,no,0,0,yes,no,,0,,no,no,no
fly_step_mechz_run_foliage,raw\sound\zmb\ai\mechz\step\anim_decepticon_lg_run_04.LN50.pc.snd.wav,fly_step_mechz_weight,loaded,bus_fx,grp_foley,snp_foley,,40,0,82,82,250,1000,1750,allon,default,allon,default,3,2,priority,oldest,-170,170,60,95,0.25,1,3d,default,nonlooping,,1,0,25,100,80,0.1,yes,yes,none,0,,no,,,yes,no,no,0,0,yes,no,,0,,no,no,no
fly_step_mechz_run_fruit,raw\sound\zmb\ai\mechz\step\anim_decepticon_lg_run_01.LN50.pc.snd.wav,fly_step_mechz_weight,loaded,bus_fx,grp_foley,snp_foley,,40,0,82,82,250,1000,1750,allon,default,allon,default,3,2,priority,oldest,-170,170,60,95,0.25,1,3d,default,nonlooping,,1,0,25,100,80,0.1,yes,yes,none,0,,no,,,yes,no,no,0,0,yes,no,,0,,no,no,no
fly_step_mechz_run_fruit,raw\sound\zmb\ai\mechz\step\anim_decepticon_lg_run_02.LN50.pc.snd.wav,fly_step_mechz_weight,loaded,bus_fx,grp_foley,snp_foley,,40,0,82,82,250,1000,1750,allon,default,allon,default,3,2,priority,oldest,-170,170,60,95,0.25,1,3d,default,nonlooping,,1,0,25,100,80,0.1,yes,yes,none,0,,no,,,yes,no,no,0,0,yes,no,,0,,no,no,no
fly_step_mechz_run_fruit,raw\sound\zmb\ai\mechz\step\anim_decepticon_lg_run_03.LN50.pc.snd.wav,fly_step_mechz_weight,loaded,bus_fx,grp_foley,snp_foley,,40,0,82,82,250,1000,1750,allon,default,allon,default,3,2,priority,oldest,-170,170,60,95,0.25,1,3d,default,nonlooping,,1,0,25,100,80,0.1,yes,yes,none,0,,no,,,yes,no,no,0,0,yes,no,,0,,no,no,no
fly_step_mechz_run_fruit,raw\sound\zmb\ai\mechz\step\anim_decepticon_lg_run_04.LN50.pc.snd.wav,fly_step_mechz_weight,loaded,bus_fx,grp_foley,snp_foley,,40,0,82,82,250,1000,1750,allon,default,allon,default,3,2,priority,oldest,-170,170,60,95,0.25,1,3d,default,nonlooping,,1,0,25,100,80,0.1,yes,yes,none,0,,no,,,yes,no,no,0,0,yes,no,,0,,no,no,no
fly_step_mechz_run_glass,raw\sound\zmb\ai\mechz\step\anim_decepticon_lg_run_01.LN50.pc.snd.wav,fly_step_mechz_weight,loaded,bus_fx,grp_foley,snp_foley,,40,0,82,82,250,1000,1750,allon,default,allon,default,3,2,priority,oldest,-170,170,60,95,0.25,1,3d,default,nonlooping,,1,0,25,100,80,0.1,yes,yes,none,0,,no,,,yes,no,no,0,0,yes,no,,0,,no,no,no
fly_step_mechz_run_glass,raw\sound\zmb\ai\mechz\step\anim_decepticon_lg_run_02.LN50.pc.snd.wav,fly_step_mechz_weight,loaded,bus_fx,grp_foley,snp_foley,,40,0,82,82,250,1000,1750,allon,default,allon,default,3,2,priority,oldest,-170,170,60,95,0.25,1,3d,default,nonlooping,,1,0,25,100,80,0.1,yes,yes,none,0,,no,,,yes,no,no,0,0,yes,no,,0,,no,no,no
fly_step_mechz_run_glass,raw\sound\zmb\ai\mechz\step\anim_decepticon_lg_run_03.LN50.pc.snd.wav,fly_step_mechz_weight,loaded,bus_fx,grp_foley,snp_foley,,40,0,82,82,250,1000,1750,allon,default,allon,default,3,2,priority,oldest,-170,170,60,95,0.25,1,3d,default,nonlooping,,1,0,25,100,80,0.1,yes,yes,none,0,,no,,,yes,no,no,0,0,yes,no,,0,,no,no,no
fly_step_mechz_run_glass,raw\sound\zmb\ai\mechz\step\anim_decepticon_lg_run_04.LN50.pc.snd.wav,fly_step_mechz_weight,loaded,bus_fx,grp_foley,snp_foley,,40,0,82,82,250,1000,1750,allon,default,allon,default,3,2,priority,oldest,-170,170,60,95,0.25,1,3d,default,nonlooping,,1,0,25,100,80,0.1,yes,yes,none,0,,no,,,yes,no,no,0,0,yes,no,,0,,no,no,no
fly_step_mechz_run_grass,raw\sound\zmb\ai\mechz\step\anim_decepticon_lg_run_01.LN50.pc.snd.wav,fly_step_mechz_weight,loaded,bus_fx,grp_foley,snp_foley,,40,0,82,82,250,1000,1750,allon,default,allon,default,3,2,priority,oldest,-170,170,60,95,0.25,1,3d,default,nonlooping,,1,0,25,100,80,0.1,yes,yes,none,0,,no,,,yes,no,no,0,0,yes,no,,0,,no,no,no
fly_step_mechz_run_grass,raw\sound\zmb\ai\mechz\step\anim_decepticon_lg_run_02.LN50.pc.snd.wav,fly_step_mechz_weight,loaded,bus_fx,grp_foley,snp_foley,,40,0,82,82,250,1000,1750,allon,default,allon,default,3,2,priority,oldest,-170,170,60,95,0.25,1,3d,default,nonlooping,,1,0,25,100,80,0.1,yes,yes,none,0,,no,,,yes,no,no,0,0,yes,no,,0,,no,no,no
fly_step_mechz_run_grass,raw\sound\zmb\ai\mechz\step\anim_decepticon_lg_run_03.LN50.pc.snd.wav,fly_step_mechz_weight,loaded,bus_fx,grp_foley,snp_foley,,40,0,82,82,250,1000,1750,allon,default,allon,default,3,2,priority,oldest,-170,170,60,95,0.25,1,3d,default,nonlooping,,1,0,25,100,80,0.1,yes,yes,none,0,,no,,,yes,no,no,0,0,yes,no,,0,,no,no,no
fly_step_mechz_run_grass,raw\sound\zmb\ai\mechz\step\anim_decepticon_lg_run_04.LN50.pc.snd.wav,fly_step_mechz_weight,loaded,bus_fx,grp_foley,snp_foley,,40,0,82,82,250,1000,1750,allon,default,allon,default,3,2,priority,oldest,-170,170,60,95,0.25,1,3d,default,nonlooping,,1,0,25,100,80,0.1,yes,yes,none,0,,no,,,yes,no,no,0,0,yes,no,,0,,no,no,no
fly_step_mechz_run_gravel,raw\sound\zmb\ai\mechz\step\anim_decepticon_lg_run_01.LN50.pc.snd.wav,fly_step_mechz_weight,loaded,bus_fx,grp_foley,snp_foley,,40,0,82,82,250,1000,1750,allon,default,allon,default,3,2,priority,oldest,-170,170,60,95,0.25,1,3d,default,nonlooping,,1,0,25,100,80,0.1,yes,yes,none,0,,no,,,yes,no,no,0,0,yes,no,,0,,no,no,no
fly_step_mechz_run_gravel,raw\sound\zmb\ai\mechz\step\anim_decepticon_lg_run_02.LN50.pc.snd.wav,fly_step_mechz_weight,loaded,bus_fx,grp_foley,snp_foley,,40,0,82,82,250,1000,1750,allon,default,allon,default,3,2,priority,oldest,-170,170,60,95,0.25,1,3d,default,nonlooping,,1,0,25,100,80,0.1,yes,yes,none,0,,no,,,yes,no,no,0,0,yes,no,,0,,no,no,no
fly_step_mechz_run_gravel,raw\sound\zmb\ai\mechz\step\anim_decepticon_lg_run_03.LN50.pc.snd.wav,fly_step_mechz_weight,loaded,bus_fx,grp_foley,snp_foley,,40,0,82,82,250,1000,1750,allon,default,allon,default,3,2,priority,oldest,-170,170,60,95,0.25,1,3d,default,nonlooping,,1,0,25,100,80,0.1,yes,yes,none,0,,no,,,yes,no,no,0,0,yes,no,,0,,no,no,no
fly_step_mechz_run_gravel,raw\sound\zmb\ai\mechz\step\anim_decepticon_lg_run_04.LN50.pc.snd.wav,fly_step_mechz_weight,loaded,bus_fx,grp_foley,snp_foley,,40,0,82,82,250,1000,1750,allon,default,allon,default,3,2,priority,oldest,-170,170,60,95,0.25,1,3d,default,nonlooping,,1,0,25,100,80,0.1,yes,yes,none,0,,no,,,yes,no,no,0,0,yes,no,,0,,no,no,no
fly_step_mechz_run_ice,raw\sound\zmb\ai\mechz\step\anim_decepticon_lg_run_01.LN50.pc.snd.wav,fly_step_mechz_weight,loaded,bus_fx,grp_foley,snp_foley,,40,0,82,82,250,1000,1750,allon,default,allon,default,3,2,priority,oldest,-170,170,60,95,0.25,1,3d,default,nonlooping,,1,0,25,100,80,0.1,yes,yes,none,0,,no,,,yes,no,no,0,0,yes,no,,0,,no,no,no
fly_step_mechz_run_ice,raw\sound\zmb\ai\mechz\step\anim_decepticon_lg_run_02.LN50.pc.snd.wav,fly_step_mechz_weight,loaded,bus_fx,grp_foley,snp_foley,,40,0,82,82,250,1000,1750,allon,default,allon,default,3,2,priority,oldest,-170,170,60,95,0.25,1,3d,default,nonlooping,,1,0,25,100,80,0.1,yes,yes,none,0,,no,,,yes,no,no,0,0,yes,no,,0,,no,no,no
fly_step_mechz_run_ice,raw\sound\zmb\ai\mechz\step\anim_decepticon_lg_run_03.LN50.pc.snd.wav,fly_step_mechz_weight,loaded,bus_fx,grp_foley,snp_foley,,40,0,82,82,250,1000,1750,allon,default,allon,default,3,2,priority,oldest,-170,170,60,95,0.25,1,3d,default,nonlooping,,1,0,25,100,80,0.1,yes,yes,none,0,,no,,,yes,no,no,0,0,yes,no,,0,,no,no,no
fly_step_mechz_run_ice,raw\sound\zmb\ai\mechz\step\anim_decepticon_lg_run_04.LN50.pc.snd.wav,fly_step_mechz_weight,loaded,bus_fx,grp_foley,snp_foley,,40,0,82,82,250,1000,1750,allon,default,allon,default,3,2,priority,oldest,-170,170,60,95,0.25,1,3d,default,nonlooping,,1,0,25,100,80,0.1,yes,yes,none,0,,no,,,yes,no,no,0,0,yes,no,,0,,no,no,no
fly_step_mechz_run_metal,raw\sound\zmb\ai\mechz\step\anim_decepticon_lg_run_01.LN50.pc.snd.wav,fly_step_mechz_weight,loaded,bus_fx,grp_foley,snp_foley,,40,0,82,82,250,1000,1750,allon,default,allon,default,3,2,priority,oldest,-170,170,60,95,0.25,1,3d,default,nonlooping,,1,0,25,100,80,0.1,yes,yes,none,0,,no,,,yes,no,no,0,0,yes,no,,0,,no,no,no
fly_step_mechz_run_metal,raw\sound\zmb\ai\mechz\step\anim_decepticon_lg_run_02.LN50.pc.snd.wav,fly_step_mechz_weight,loaded,bus_fx,grp_foley,snp_foley,,40,0,82,82,250,1000,1750,allon,default,allon,default,3,2,priority,oldest,-170,170,60,95,0.25,1,3d,default,nonlooping,,1,0,25,100,80,0.1,yes,yes,none,0,,no,,,yes,no,no,0,0,yes,no,,0,,no,no,no
fly_step_mechz_run_metal,raw\sound\zmb\ai\mechz\step\anim_decepticon_lg_run_03.LN50.pc.snd.wav,fly_step_mechz_weight,loaded,bus_fx,grp_foley,snp_foley,,40,0,82,82,250,1000,1750,allon,default,allon,default,3,2,priority,oldest,-170,170,60,95,0.25,1,3d,default,nonlooping,,1,0,25,100,80,0.1,yes,yes,none,0,,no,,,yes,no,no,0,0,yes,no,,0,,no,no,no
fly_step_mechz_run_metal,raw\sound\zmb\ai\mechz\step\anim_decepticon_lg_run_04.LN50.pc.snd.wav,fly_step_mechz_weight,loaded,bus_fx,grp_foley,snp_foley,,40,0,82,82,250,1000,1750,allon,default,allon,default,3,2,priority,oldest,-170,170,60,95,0.25,1,3d,default,nonlooping,,1,0,25,100,80,0.1,yes,yes,none,0,,no,,,yes,no,no,0,0,yes,no,,0,,no,no,no
fly_step_mechz_run_mud,raw\sound\zmb\ai\mechz\step\anim_decepticon_lg_run_01.LN50.pc.snd.wav,fly_step_mechz_water,loaded,bus_fx,grp_foley,snp_foley,,40,0,82,82,250,1000,1750,allon,default,allon,default,3,2,priority,oldest,-170,170,60,95,0.25,1,3d,default,nonlooping,,1,0,25,100,80,0.1,yes,yes,none,0,,no,,,yes,no,no,0,0,yes,no,,0,,no,no,no
fly_step_mechz_run_mud,raw\sound\zmb\ai\mechz\step\anim_decepticon_lg_run_02.LN50.pc.snd.wav,fly_step_mechz_water,loaded,bus_fx,grp_foley,snp_foley,,40,0,82,82,250,1000,1750,allon,default,allon,default,3,2,priority,oldest,-170,170,60,95,0.25,1,3d,default,nonlooping,,1,0,25,100,80,0.1,yes,yes,none,0,,no,,,yes,no,no,0,0,yes,no,,0,,no,no,no
fly_step_mechz_run_mud,raw\sound\zmb\ai\mechz\step\anim_decepticon_lg_run_03.LN50.pc.snd.wav,fly_step_mechz_water,loaded,bus_fx,grp_foley,snp_foley,,40,0,82,82,250,1000,1750,allon,default,allon,default,3,2,priority,oldest,-170,170,60,95,0.25,1,3d,default,nonlooping,,1,0,25,100,80,0.1,yes,yes,none,0,,no,,,yes,no,no,0,0,yes,no,,0,,no,no,no
fly_step_mechz_run_mud,raw\sound\zmb\ai\mechz\step\anim_decepticon_lg_run_04.LN50.pc.snd.wav,fly_step_mechz_water,loaded,bus_fx,grp_foley,snp_foley,,40,0,82,82,250,1000,1750,allon,default,allon,default,3,2,priority,oldest,-170,170,60,95,0.25,1,3d,default,nonlooping,,1,0,25,100,80,0.1,yes,yes,none,0,,no,,,yes,no,no,0,0,yes,no,,0,,no,no,no
fly_step_mechz_run_paintedmetal,raw\sound\zmb\ai\mechz\step\anim_decepticon_lg_run_01.LN50.pc.snd.wav,fly_step_mechz_weight,loaded,bus_fx,grp_foley,snp_foley,,40,0,82,82,250,1000,1750,allon,default,allon,default,3,2,priority,oldest,-170,170,60,95,0.25,1,3d,default,nonlooping,,1,0,25,100,80,0.1,yes,yes,none,0,,no,,,yes,no,no,0,0,yes,no,,0,,no,no,no
fly_step_mechz_run_paintedmetal,raw\sound\zmb\ai\mechz\step\anim_decepticon_lg_run_02.LN50.pc.snd.wav,fly_step_mechz_weight,loaded,bus_fx,grp_foley,snp_foley,,40,0,82,82,250,1000,1750,allon,default,allon,default,3,2,priority,oldest,-170,170,60,95,0.25,1,3d,default,nonlooping,,1,0,25,100,80,0.1,yes,yes,none,0,,no,,,yes,no,no,0,0,yes,no,,0,,no,no,no
fly_step_mechz_run_paintedmetal,raw\sound\zmb\ai\mechz\step\anim_decepticon_lg_run_03.LN50.pc.snd.wav,fly_step_mechz_weight,loaded,bus_fx,grp_foley,snp_foley,,40,0,82,82,250,1000,1750,allon,default,allon,default,3,2,priority,oldest,-170,170,60,95,0.25,1,3d,default,nonlooping,,1,0,25,100,80,0.1,yes,yes,none,0,,no,,,yes,no,no,0,0,yes,no,,0,,no,no,no
fly_step_mechz_run_paintedmetal,raw\sound\zmb\ai\mechz\step\anim_decepticon_lg_run_04.LN50.pc.snd.wav,fly_step_mechz_weight,loaded,bus_fx,grp_foley,snp_foley,,40,0,82,82,250,1000,1750,allon,default,allon,default,3,2,priority,oldest,-170,170,60,95,0.25,1,3d,default,nonlooping,,1,0,25,100,80,0.1,yes,yes,none,0,,no,,,yes,no,no,0,0,yes,no,,0,,no,no,no
fly_step_mechz_run_paper,raw\sound\zmb\ai\mechz\step\anim_decepticon_lg_run_01.LN50.pc.snd.wav,fly_step_mechz_weight,loaded,bus_fx,grp_foley,snp_foley,,40,0,82,82,250,1000,1750,allon,default,allon,default,3,2,priority,oldest,-170,170,60,95,0.25,1,3d,default,nonlooping,,1,0,25,100,80,0.1,yes,yes,none,0,,no,,,yes,no,no,0,0,yes,no,,0,,no,no,no
fly_step_mechz_run_paper,raw\sound\zmb\ai\mechz\step\anim_decepticon_lg_run_02.LN50.pc.snd.wav,fly_step_mechz_weight,loaded,bus_fx,grp_foley,snp_foley,,40,0,82,82,250,1000,1750,allon,default,allon,default,3,2,priority,oldest,-170,170,60,95,0.25,1,3d,default,nonlooping,,1,0,25,100,80,0.1,yes,yes,none,0,,no,,,yes,no,no,0,0,yes,no,,0,,no,no,no
fly_step_mechz_run_paper,raw\sound\zmb\ai\mechz\step\anim_decepticon_lg_run_03.LN50.pc.snd.wav,fly_step_mechz_weight,loaded,bus_fx,grp_foley,snp_foley,,40,0,82,82,250,1000,1750,allon,default,allon,default,3,2,priority,oldest,-170,170,60,95,0.25,1,3d,default,nonlooping,,1,0,25,100,80,0.1,yes,yes,none,0,,no,,,yes,no,no,0,0,yes,no,,0,,no,no,no
fly_step_mechz_run_paper,raw\sound\zmb\ai\mechz\step\anim_decepticon_lg_run_04.LN50.pc.snd.wav,fly_step_mechz_weight,loaded,bus_fx,grp_foley,snp_foley,,40,0,82,82,250,1000,1750,allon,default,allon,default,3,2,priority,oldest,-170,170,60,95,0.25,1,3d,default,nonlooping,,1,0,25,100,80,0.1,yes,yes,none,0,,no,,,yes,no,no,0,0,yes,no,,0,,no,no,no
fly_step_mechz_run_plaster,raw\sound\zmb\ai\mechz\step\anim_decepticon_lg_run_01.LN50.pc.snd.wav,fly_step_mechz_weight,loaded,bus_fx,grp_foley,snp_foley,,40,0,82,82,250,1000,1750,allon,default,allon,default,3,2,priority,oldest,-170,170,60,95,0.25,1,3d,default,nonlooping,,1,0,25,100,80,0.1,yes,yes,none,0,,no,,,yes,no,no,0,0,yes,no,,0,,no,no,no
fly_step_mechz_run_plaster,raw\sound\zmb\ai\mechz\step\anim_decepticon_lg_run_02.LN50.pc.snd.wav,fly_step_mechz_weight,loaded,bus_fx,grp_foley,snp_foley,,40,0,82,82,250,1000,1750,allon,default,allon,default,3,2,priority,oldest,-170,170,60,95,0.25,1,3d,default,nonlooping,,1,0,25,100,80,0.1,yes,yes,none,0,,no,,,yes,no,no,0,0,yes,no,,0,,no,no,no
fly_step_mechz_run_plaster,raw\sound\zmb\ai\mechz\step\anim_decepticon_lg_run_03.LN50.pc.snd.wav,fly_step_mechz_weight,loaded,bus_fx,grp_foley,snp_foley,,40,0,82,82,250,1000,1750,allon,default,allon,default,3,2,priority,oldest,-170,170,60,95,0.25,1,3d,default,nonlooping,,1,0,25,100,80,0.1,yes,yes,none,0,,no,,,yes,no,no,0,0,yes,no,,0,,no,no,no
fly_step_mechz_run_plaster,raw\sound\zmb\ai\mechz\step\anim_decepticon_lg_run_04.LN50.pc.snd.wav,fly_step_mechz_weight,loaded,bus_fx,grp_foley,snp_foley,,40,0,82,82,250,1000,1750,allon,default,allon,default,3,2,priority,oldest,-170,170,60,95,0.25,1,3d,default,nonlooping,,1,0,25,100,80,0.1,yes,yes,none,0,,no,,,yes,no,no,0,0,yes,no,,0,,no,no,no
fly_step_mechz_run_plastic,raw\sound\zmb\ai\mechz\step\anim_decepticon_lg_run_01.LN50.pc.snd.wav,fly_step_mechz_weight,loaded,bus_fx,grp_foley,snp_foley,,40,0,82,82,250,1000,1750,allon,default,allon,default,3,2,priority,oldest,-170,170,60,95,0.25,1,3d,default,nonlooping,,1,0,25,100,80,0.1,yes,yes,none,0,,no,,,yes,no,no,0,0,yes,no,,0,,no,no,no
fly_step_mechz_run_plastic,raw\sound\zmb\ai\mechz\step\anim_decepticon_lg_run_02.LN50.pc.snd.wav,fly_step_mechz_weight,loaded,bus_fx,grp_foley,snp_foley,,40,0,82,82,250,1000,1750,allon,default,allon,default,3,2,priority,oldest,-170,170,60,95,0.25,1,3d,default,nonlooping,,1,0,25,100,80,0.1,yes,yes,none,0,,no,,,yes,no,no,0,0,yes,no,,0,,no,no,no
fly_step_mechz_run_plastic,raw\sound\zmb\ai\mechz\step\anim_decepticon_lg_run_03.LN50.pc.snd.wav,fly_step_mechz_weight,loaded,bus_fx,grp_foley,snp_foley,,40,0,82,82,250,1000,1750,allon,default,allon,default,3,2,priority,oldest,-170,170,60,95,0.25,1,3d,default,nonlooping,,1,0,25,100,80,0.1,yes,yes,none,0,,no,,,yes,no,no,0,0,yes,no,,0,,no,no,no
fly_step_mechz_run_plastic,raw\sound\zmb\ai\mechz\step\anim_decepticon_lg_run_04.LN50.pc.snd.wav,fly_step_mechz_weight,loaded,bus_fx,grp_foley,snp_foley,,40,0,82,82,250,1000,1750,allon,default,allon,default,3,2,priority,oldest,-170,170,60,95,0.25,1,3d,default,nonlooping,,1,0,25,100,80,0.1,yes,yes,none,0,,no,,,yes,no,no,0,0,yes,no,,0,,no,no,no
fly_step_mechz_run_rock,raw\sound\zmb\ai\mechz\step\anim_decepticon_lg_run_01.LN50.pc.snd.wav,fly_step_mechz_weight,loaded,bus_fx,grp_foley,snp_foley,,40,0,82,82,250,1000,1750,allon,default,allon,default,3,2,priority,oldest,-170,170,60,95,0.25,1,3d,default,nonlooping,,1,0,25,100,80,0.1,yes,yes,none,0,,no,,,yes,no,no,0,0,yes,no,,0,,no,no,no
fly_step_mechz_run_rock,raw\sound\zmb\ai\mechz\step\anim_decepticon_lg_run_02.LN50.pc.snd.wav,fly_step_mechz_weight,loaded,bus_fx,grp_foley,snp_foley,,40,0,82,82,250,1000,1750,allon,default,allon,default,3,2,priority,oldest,-170,170,60,95,0.25,1,3d,default,nonlooping,,1,0,25,100,80,0.1,yes,yes,none,0,,no,,,yes,no,no,0,0,yes,no,,0,,no,no,no
fly_step_mechz_run_rock,raw\sound\zmb\ai\mechz\step\anim_decepticon_lg_run_03.LN50.pc.snd.wav,fly_step_mechz_weight,loaded,bus_fx,grp_foley,snp_foley,,40,0,82,82,250,1000,1750,allon,default,allon,default,3,2,priority,oldest,-170,170,60,95,0.25,1,3d,default,nonlooping,,1,0,25,100,80,0.1,yes,yes,none,0,,no,,,yes,no,no,0,0,yes,no,,0,,no,no,no
fly_step_mechz_run_rock,raw\sound\zmb\ai\mechz\step\anim_decepticon_lg_run_04.LN50.pc.snd.wav,fly_step_mechz_weight,loaded,bus_fx,grp_foley,snp_foley,,40,0,82,82,250,1000,1750,allon,default,allon,default,3,2,priority,oldest,-170,170,60,95,0.25,1,3d,default,nonlooping,,1,0,25,100,80,0.1,yes,yes,none,0,,no,,,yes,no,no,0,0,yes,no,,0,,no,no,no
fly_step_mechz_run_rubber,raw\sound\zmb\ai\mechz\step\anim_decepticon_lg_run_01.LN50.pc.snd.wav,fly_step_mechz_weight,loaded,bus_fx,grp_foley,snp_foley,,40,0,82,82,250,1000,1750,allon,default,allon,default,3,2,priority,oldest,-170,170,60,95,0.25,1,3d,default,nonlooping,,1,0,25,100,80,0.1,yes,yes,none,0,,no,,,yes,no,no,0,0,yes,no,,0,,no,no,no
fly_step_mechz_run_rubber,raw\sound\zmb\ai\mechz\step\anim_decepticon_lg_run_02.LN50.pc.snd.wav,fly_step_mechz_weight,loaded,bus_fx,grp_foley,snp_foley,,40,0,82,82,250,1000,1750,allon,default,allon,default,3,2,priority,oldest,-170,170,60,95,0.25,1,3d,default,nonlooping,,1,0,25,100,80,0.1,yes,yes,none,0,,no,,,yes,no,no,0,0,yes,no,,0,,no,no,no
fly_step_mechz_run_rubber,raw\sound\zmb\ai\mechz\step\anim_decepticon_lg_run_03.LN50.pc.snd.wav,fly_step_mechz_weight,loaded,bus_fx,grp_foley,snp_foley,,40,0,82,82,250,1000,1750,allon,default,allon,default,3,2,priority,oldest,-170,170,60,95,0.25,1,3d,default,nonlooping,,1,0,25,100,80,0.1,yes,yes,none,0,,no,,,yes,no,no,0,0,yes,no,,0,,no,no,no
fly_step_mechz_run_rubber,raw\sound\zmb\ai\mechz\step\anim_decepticon_lg_run_04.LN50.pc.snd.wav,fly_step_mechz_weight,loaded,bus_fx,grp_foley,snp_foley,,40,0,82,82,250,1000,1750,allon,default,allon,default,3,2,priority,oldest,-170,170,60,95,0.25,1,3d,default,nonlooping,,1,0,25,100,80,0.1,yes,yes,none,0,,no,,,yes,no,no,0,0,yes,no,,0,,no,no,no
fly_step_mechz_run_sand,raw\sound\zmb\ai\mechz\step\anim_decepticon_lg_run_01.LN50.pc.snd.wav,fly_step_mechz_weight,loaded,bus_fx,grp_foley,snp_foley,,40,0,82,82,250,1000,1750,allon,default,allon,default,3,2,priority,oldest,-170,170,60,95,0.25,1,3d,default,nonlooping,,1,0,25,100,80,0.1,yes,yes,none,0,,no,,,yes,no,no,0,0,yes,no,,0,,no,no,no
fly_step_mechz_run_sand,raw\sound\zmb\ai\mechz\step\anim_decepticon_lg_run_02.LN50.pc.snd.wav,fly_step_mechz_weight,loaded,bus_fx,grp_foley,snp_foley,,40,0,82,82,250,1000,1750,allon,default,allon,default,3,2,priority,oldest,-170,170,60,95,0.25,1,3d,default,nonlooping,,1,0,25,100,80,0.1,yes,yes,none,0,,no,,,yes,no,no,0,0,yes,no,,0,,no,no,no
fly_step_mechz_run_sand,raw\sound\zmb\ai\mechz\step\anim_decepticon_lg_run_03.LN50.pc.snd.wav,fly_step_mechz_weight,loaded,bus_fx,grp_foley,snp_foley,,40,0,82,82,250,1000,1750,allon,default,allon,default,3,2,priority,oldest,-170,170,60,95,0.25,1,3d,default,nonlooping,,1,0,25,100,80,0.1,yes,yes,none,0,,no,,,yes,no,no,0,0,yes,no,,0,,no,no,no
fly_step_mechz_run_sand,raw\sound\zmb\ai\mechz\step\anim_decepticon_lg_run_04.LN50.pc.snd.wav,fly_step_mechz_weight,loaded,bus_fx,grp_foley,snp_foley,,40,0,82,82,250,1000,1750,allon,default,allon,default,3,2,priority,oldest,-170,170,60,95,0.25,1,3d,default,nonlooping,,1,0,25,100,80,0.1,yes,yes,none,0,,no,,,yes,no,no,0,0,yes,no,,0,,no,no,no
fly_step_mechz_run_snow,raw\sound\zmb\ai\mechz\step\anim_decepticon_lg_run_01.LN50.pc.snd.wav,fly_step_mechz_weight,loaded,bus_fx,grp_foley,snp_foley,,40,0,82,82,250,1000,1750,allon,default,allon,default,3,2,priority,oldest,-170,170,60,95,0.25,1,3d,default,nonlooping,,1,0,25,100,80,0.1,yes,yes,none,0,,no,,,yes,no,no,0,0,yes,no,,0,,no,no,no
fly_step_mechz_run_snow,raw\sound\zmb\ai\mechz\step\anim_decepticon_lg_run_02.LN50.pc.snd.wav,fly_step_mechz_weight,loaded,bus_fx,grp_foley,snp_foley,,40,0,82,82,250,1000,1750,allon,default,allon,default,3,2,priority,oldest,-170,170,60,95,0.25,1,3d,default,nonlooping,,1,0,25,100,80,0.1,yes,yes,none,0,,no,,,yes,no,no,0,0,yes,no,,0,,no,no,no
fly_step_mechz_run_snow,raw\sound\zmb\ai\mechz\step\anim_decepticon_lg_run_03.LN50.pc.snd.wav,fly_step_mechz_weight,loaded,bus_fx,grp_foley,snp_foley,,40,0,82,82,250,1000,1750,allon,default,allon,default,3,2,priority,oldest,-170,170,60,95,0.25,1,3d,default,nonlooping,,1,0,25,100,80,0.1,yes,yes,none,0,,no,,,yes,no,no,0,0,yes,no,,0,,no,no,no
fly_step_mechz_run_snow,raw\sound\zmb\ai\mechz\step\anim_decepticon_lg_run_04.LN50.pc.snd.wav,fly_step_mechz_weight,loaded,bus_fx,grp_foley,snp_foley,,40,0,82,82,250,1000,1750,allon,default,allon,default,3,2,priority,oldest,-170,170,60,95,0.25,1,3d,default,nonlooping,,1,0,25,100,80,0.1,yes,yes,none,0,,no,,,yes,no,no,0,0,yes,no,,0,,no,no,no
fly_step_mechz_run_water,raw\sound\zmb\ai\mechz\step\anim_decepticon_lg_run_01.LN50.pc.snd.wav,fly_step_mechz_water,loaded,bus_fx,grp_foley,snp_foley,,40,0,82,82,250,1000,1750,allon,default,allon,default,3,2,oldest,oldest,-170,170,60,95,0.25,1,3d,default,nonlooping,,1,0,25,100,80,0.1,yes,yes,none,0,,no,,,yes,no,no,0,0,yes,no,,0,,no,no,no
fly_step_mechz_run_water,raw\sound\zmb\ai\mechz\step\anim_decepticon_lg_run_02.LN50.pc.snd.wav,fly_step_mechz_water,loaded,bus_fx,grp_foley,snp_foley,,40,0,82,82,250,1000,1750,allon,default,allon,default,3,2,oldest,oldest,-170,170,60,95,0.25,1,3d,default,nonlooping,,1,0,25,100,80,0.1,yes,yes,none,0,,no,,,yes,no,no,0,0,yes,no,,0,,no,no,no
fly_step_mechz_run_water,raw\sound\zmb\ai\mechz\step\anim_decepticon_lg_run_03.LN50.pc.snd.wav,fly_step_mechz_water,loaded,bus_fx,grp_foley,snp_foley,,40,0,82,82,250,1000,1750,allon,default,allon,default,3,2,oldest,oldest,-170,170,60,95,0.25,1,3d,default,nonlooping,,1,0,25,100,80,0.1,yes,yes,none,0,,no,,,yes,no,no,0,0,yes,no,,0,,no,no,no
fly_step_mechz_run_water,raw\sound\zmb\ai\mechz\step\anim_decepticon_lg_run_04.LN50.pc.snd.wav,fly_step_mechz_water,loaded,bus_fx,grp_foley,snp_foley,,40,0,82,82,250,1000,1750,allon,default,allon,default,3,2,oldest,oldest,-170,170,60,95,0.25,1,3d,default,nonlooping,,1,0,25,100,80,0.1,yes,yes,none,0,,no,,,yes,no,no,0,0,yes,no,,0,,no,no,no
fly_step_mechz_run_wood,raw\sound\zmb\ai\mechz\step\anim_decepticon_lg_run_01.LN50.pc.snd.wav,fly_step_mechz_weight,loaded,bus_fx,grp_foley,snp_foley,,40,0,82,82,250,1000,1750,allon,default,allon,default,3,2,priority,oldest,-170,170,60,95,0.25,1,3d,default,nonlooping,,1,0,25,100,80,0.1,yes,yes,none,0,,no,,,yes,no,no,0,0,yes,no,,0,,no,no,no
fly_step_mechz_run_wood,raw\sound\zmb\ai\mechz\step\anim_decepticon_lg_run_02.LN50.pc.snd.wav,fly_step_mechz_weight,loaded,bus_fx,grp_foley,snp_foley,,40,0,82,82,250,1000,1750,allon,default,allon,default,3,2,priority,oldest,-170,170,60,95,0.25,1,3d,default,nonlooping,,1,0,25,100,80,0.1,yes,yes,none,0,,no,,,yes,no,no,0,0,yes,no,,0,,no,no,no
fly_step_mechz_run_wood,raw\sound\zmb\ai\mechz\step\anim_decepticon_lg_run_03.LN50.pc.snd.wav,fly_step_mechz_weight,loaded,bus_fx,grp_foley,snp_foley,,40,0,82,82,250,1000,1750,allon,default,allon,default,3,2,priority,oldest,-170,170,60,95,0.25,1,3d,default,nonlooping,,1,0,25,100,80,0.1,yes,yes,none,0,,no,,,yes,no,no,0,0,yes,no,,0,,no,no,no
fly_step_mechz_run_wood,raw\sound\zmb\ai\mechz\step\anim_decepticon_lg_run_04.LN50.pc.snd.wav,fly_step_mechz_weight,loaded,bus_fx,grp_foley,snp_foley,,40,0,82,82,250,1000,1750,allon,default,allon,default,3,2,priority,oldest,-170,170,60,95,0.25,1,3d,default,nonlooping,,1,0,25,100,80,0.1,yes,yes,none,0,,no,,,yes,no,no,0,0,yes,no,,0,,no,no,no
fly_step_mechz_sprint_asphalt,raw\sound\zmb\ai\mechz\step\anim_decepticon_lg_run_01.LN50.pc.snd.wav,fly_step_mechz_weight,loaded,bus_fx,grp_foley,snp_foley,,40,0,82,82,250,1000,1750,allon,default,allon,default,3,2,priority,oldest,-170,170,60,95,0.25,1,3d,default,nonlooping,,1,0,25,100,80,0.1,yes,yes,none,0,,no,,,yes,no,no,0,0,yes,no,,0,,no,no,no
fly_step_mechz_sprint_asphalt,raw\sound\zmb\ai\mechz\step\anim_decepticon_lg_run_02.LN50.pc.snd.wav,fly_step_mechz_weight,loaded,bus_fx,grp_foley,snp_foley,,40,0,82,82,250,1000,1750,allon,default,allon,default,3,2,priority,oldest,-170,170,60,95,0.25,1,3d,default,nonlooping,,1,0,25,100,80,0.1,yes,yes,none,0,,no,,,yes,no,no,0,0,yes,no,,0,,no,no,no
fly_step_mechz_sprint_asphalt,raw\sound\zmb\ai\mechz\step\anim_decepticon_lg_run_03.LN50.pc.snd.wav,fly_step_mechz_weight,loaded,bus_fx,grp_foley,snp_foley,,40,0,82,82,250,1000,1750,allon,default,allon,default,3,2,priority,oldest,-170,170,60,95,0.25,1,3d,default,nonlooping,,1,0,25,100,80,0.1,yes,yes,none,0,,no,,,yes,no,no,0,0,yes,no,,0,,no,no,no
fly_step_mechz_sprint_asphalt,raw\sound\zmb\ai\mechz\step\anim_decepticon_lg_run_04.LN50.pc.snd.wav,fly_step_mechz_weight,loaded,bus_fx,grp_foley,snp_foley,,40,0,82,82,250,1000,1750,allon,default,allon,default,3,2,priority,oldest,-170,170,60,95,0.25,1,3d,default,nonlooping,,1,0,25,100,80,0.1,yes,yes,none,0,,no,,,yes,no,no,0,0,yes,no,,0,,no,no,no
fly_step_mechz_sprint_bark,raw\sound\zmb\ai\mechz\step\anim_decepticon_lg_run_01.LN50.pc.snd.wav,fly_step_mechz_weight,loaded,bus_fx,grp_foley,snp_foley,,40,0,82,82,250,1000,1750,allon,default,allon,default,3,2,priority,oldest,-170,170,60,95,0.25,1,3d,default,nonlooping,,1,0,25,100,80,0.1,yes,yes,none,0,,no,,,yes,no,no,0,0,yes,no,,0,,no,no,no
fly_step_mechz_sprint_bark,raw\sound\zmb\ai\mechz\step\anim_decepticon_lg_run_02.LN50.pc.snd.wav,fly_step_mechz_weight,loaded,bus_fx,grp_foley,snp_foley,,40,0,82,82,250,1000,1750,allon,default,allon,default,3,2,priority,oldest,-170,170,60,95,0.25,1,3d,default,nonlooping,,1,0,25,100,80,0.1,yes,yes,none,0,,no,,,yes,no,no,0,0,yes,no,,0,,no,no,no
fly_step_mechz_sprint_bark,raw\sound\zmb\ai\mechz\step\anim_decepticon_lg_run_03.LN50.pc.snd.wav,fly_step_mechz_weight,loaded,bus_fx,grp_foley,snp_foley,,40,0,82,82,250,1000,1750,allon,default,allon,default,3,2,priority,oldest,-170,170,60,95,0.25,1,3d,default,nonlooping,,1,0,25,100,80,0.1,yes,yes,none,0,,no,,,yes,no,no,0,0,yes,no,,0,,no,no,no
fly_step_mechz_sprint_bark,raw\sound\zmb\ai\mechz\step\anim_decepticon_lg_run_04.LN50.pc.snd.wav,fly_step_mechz_weight,loaded,bus_fx,grp_foley,snp_foley,,40,0,82,82,250,1000,1750,allon,default,allon,default,3,2,priority,oldest,-170,170,60,95,0.25,1,3d,default,nonlooping,,1,0,25,100,80,0.1,yes,yes,none,0,,no,,,yes,no,no,0,0,yes,no,,0,,no,no,no
fly_step_mechz_sprint_brick,raw\sound\zmb\ai\mechz\step\anim_decepticon_lg_run_01.LN50.pc.snd.wav,fly_step_mechz_weight,loaded,bus_fx,grp_foley,snp_foley,,40,0,82,82,250,1000,1750,allon,default,allon,default,3,2,priority,oldest,-170,170,60,95,0.25,1,3d,default,nonlooping,,1,0,25,100,80,0.1,yes,yes,none,0,,no,,,yes,no,no,0,0,yes,no,,0,,no,no,no
fly_step_mechz_sprint_brick,raw\sound\zmb\ai\mechz\step\anim_decepticon_lg_run_02.LN50.pc.snd.wav,fly_step_mechz_weight,loaded,bus_fx,grp_foley,snp_foley,,40,0,82,82,250,1000,1750,allon,default,allon,default,3,2,priority,oldest,-170,170,60,95,0.25,1,3d,default,nonlooping,,1,0,25,100,80,0.1,yes,yes,none,0,,no,,,yes,no,no,0,0,yes,no,,0,,no,no,no
fly_step_mechz_sprint_brick,raw\sound\zmb\ai\mechz\step\anim_decepticon_lg_run_03.LN50.pc.snd.wav,fly_step_mechz_weight,loaded,bus_fx,grp_foley,snp_foley,,40,0,82,82,250,1000,1750,allon,default,allon,default,3,2,priority,oldest,-170,170,60,95,0.25,1,3d,default,nonlooping,,1,0,25,100,80,0.1,yes,yes,none,0,,no,,,yes,no,no,0,0,yes,no,,0,,no,no,no
fly_step_mechz_sprint_brick,raw\sound\zmb\ai\mechz\step\anim_decepticon_lg_run_04.LN50.pc.snd.wav,fly_step_mechz_weight,loaded,bus_fx,grp_foley,snp_foley,,40,0,82,82,250,1000,1750,allon,default,allon,default,3,2,priority,oldest,-170,170,60,95,0.25,1,3d,default,nonlooping,,1,0,25,100,80,0.1,yes,yes,none,0,,no,,,yes,no,no,0,0,yes,no,,0,,no,no,no
fly_step_mechz_sprint_carpet,raw\sound\zmb\ai\mechz\step\anim_decepticon_lg_run_01.LN50.pc.snd.wav,fly_step_mechz_weight,loaded,bus_fx,grp_foley,snp_foley,,40,0,82,82,250,1000,1750,allon,default,allon,default,3,2,oldest,oldest,-170,170,60,95,0.25,1,3d,default,nonlooping,,1,0,25,100,80,0.1,yes,yes,none,0,,no,,,yes,no,no,0,0,yes,no,,0,,no,no,no
fly_step_mechz_sprint_carpet,raw\sound\zmb\ai\mechz\step\anim_decepticon_lg_run_02.LN50.pc.snd.wav,fly_step_mechz_weight,loaded,bus_fx,grp_foley,snp_foley,,40,0,82,82,250,1000,1750,allon,default,allon,default,3,2,oldest,oldest,-170,170,60,95,0.25,1,3d,default,nonlooping,,1,0,25,100,80,0.1,yes,yes,none,0,,no,,,yes,no,no,0,0,yes,no,,0,,no,no,no
fly_step_mechz_sprint_carpet,raw\sound\zmb\ai\mechz\step\anim_decepticon_lg_run_03.LN50.pc.snd.wav,fly_step_mechz_weight,loaded,bus_fx,grp_foley,snp_foley,,40,0,82,82,250,1000,1750,allon,default,allon,default,3,2,oldest,oldest,-170,170,60,95,0.25,1,3d,default,nonlooping,,1,0,25,100,80,0.1,yes,yes,none,0,,no,,,yes,no,no,0,0,yes,no,,0,,no,no,no
fly_step_mechz_sprint_carpet,raw\sound\zmb\ai\mechz\step\anim_decepticon_lg_run_04.LN50.pc.snd.wav,fly_step_mechz_weight,loaded,bus_fx,grp_foley,snp_foley,,40,0,82,82,250,1000,1750,allon,default,allon,default,3,2,oldest,oldest,-170,170,60,95,0.25,1,3d,default,nonlooping,,1,0,25,100,80,0.1,yes,yes,none,0,,no,,,yes,no,no,0,0,yes,no,,0,,no,no,no
fly_step_mechz_sprint_ceramic,raw\sound\zmb\ai\mechz\step\anim_decepticon_lg_run_01.LN50.pc.snd.wav,fly_step_mechz_weight,loaded,bus_fx,grp_foley,snp_foley,,40,0,82,82,250,1000,1750,allon,default,allon,default,3,2,priority,oldest,-170,170,60,95,0.25,1,3d,default,nonlooping,,1,0,25,100,80,0.1,yes,yes,none,0,,no,,,yes,no,no,0,0,yes,no,,0,,no,no,no
fly_step_mechz_sprint_ceramic,raw\sound\zmb\ai\mechz\step\anim_decepticon_lg_run_02.LN50.pc.snd.wav,fly_step_mechz_weight,loaded,bus_fx,grp_foley,snp_foley,,40,0,82,82,250,1000,1750,allon,default,allon,default,3,2,priority,oldest,-170,170,60,95,0.25,1,3d,default,nonlooping,,1,0,25,100,80,0.1,yes,yes,none,0,,no,,,yes,no,no,0,0,yes,no,,0,,no,no,no
fly_step_mechz_sprint_ceramic,raw\sound\zmb\ai\mechz\step\anim_decepticon_lg_run_03.LN50.pc.snd.wav,fly_step_mechz_weight,loaded,bus_fx,grp_foley,snp_foley,,40,0,82,82,250,1000,1750,allon,default,allon,default,3,2,priority,oldest,-170,170,60,95,0.25,1,3d,default,nonlooping,,1,0,25,100,80,0.1,yes,yes,none,0,,no,,,yes,no,no,0,0,yes,no,,0,,no,no,no
fly_step_mechz_sprint_ceramic,raw\sound\zmb\ai\mechz\step\anim_decepticon_lg_run_04.LN50.pc.snd.wav,fly_step_mechz_weight,loaded,bus_fx,grp_foley,snp_foley,,40,0,82,82,250,1000,1750,allon,default,allon,default,3,2,priority,oldest,-170,170,60,95,0.25,1,3d,default,nonlooping,,1,0,25,100,80,0.1,yes,yes,none,0,,no,,,yes,no,no,0,0,yes,no,,0,,no,no,no
fly_step_mechz_sprint_cloth,raw\sound\zmb\ai\mechz\step\anim_decepticon_lg_run_01.LN50.pc.snd.wav,fly_step_mechz_weight,loaded,bus_fx,grp_foley,snp_foley,,40,0,82,82,250,1000,1750,allon,default,allon,default,3,2,priority,oldest,-170,170,60,95,0.25,1,3d,default,nonlooping,,1,0,25,100,80,0.1,yes,yes,none,0,,no,,,yes,no,no,0,0,yes,no,,0,,no,no,no
fly_step_mechz_sprint_cloth,raw\sound\zmb\ai\mechz\step\anim_decepticon_lg_run_02.LN50.pc.snd.wav,fly_step_mechz_weight,loaded,bus_fx,grp_foley,snp_foley,,40,0,82,82,250,1000,1750,allon,default,allon,default,3,2,priority,oldest,-170,170,60,95,0.25,1,3d,default,nonlooping,,1,0,25,100,80,0.1,yes,yes,none,0,,no,,,yes,no,no,0,0,yes,no,,0,,no,no,no
fly_step_mechz_sprint_cloth,raw\sound\zmb\ai\mechz\step\anim_decepticon_lg_run_03.LN50.pc.snd.wav,fly_step_mechz_weight,loaded,bus_fx,grp_foley,snp_foley,,40,0,82,82,250,1000,1750,allon,default,allon,default,3,2,priority,oldest,-170,170,60,95,0.25,1,3d,default,nonlooping,,1,0,25,100,80,0.1,yes,yes,none,0,,no,,,yes,no,no,0,0,yes,no,,0,,no,no,no
fly_step_mechz_sprint_cloth,raw\sound\zmb\ai\mechz\step\anim_decepticon_lg_run_04.LN50.pc.snd.wav,fly_step_mechz_weight,loaded,bus_fx,grp_foley,snp_foley,,40,0,82,82,250,1000,1750,allon,default,allon,default,3,2,priority,oldest,-170,170,60,95,0.25,1,3d,default,nonlooping,,1,0,25,100,80,0.1,yes,yes,none,0,,no,,,yes,no,no,0,0,yes,no,,0,,no,no,no
fly_step_mechz_sprint_concrete,raw\sound\zmb\ai\mechz\step\anim_decepticon_lg_run_01.LN50.pc.snd.wav,fly_step_mechz_weight,loaded,bus_fx,grp_foley,snp_foley,,40,0,82,82,250,1000,1750,allon,default,allon,default,3,2,priority,oldest,-170,170,60,95,0.25,1,3d,default,nonlooping,,1,0,25,100,80,0.1,yes,yes,none,0,,no,,,yes,no,no,0,0,yes,no,,0,,no,no,no
fly_step_mechz_sprint_concrete,raw\sound\zmb\ai\mechz\step\anim_decepticon_lg_run_02.LN50.pc.snd.wav,fly_step_mechz_weight,loaded,bus_fx,grp_foley,snp_foley,,40,0,82,82,250,1000,1750,allon,default,allon,default,3,2,priority,oldest,-170,170,60,95,0.25,1,3d,default,nonlooping,,1,0,25,100,80,0.1,yes,yes,none,0,,no,,,yes,no,no,0,0,yes,no,,0,,no,no,no
fly_step_mechz_sprint_concrete,raw\sound\zmb\ai\mechz\step\anim_decepticon_lg_run_03.LN50.pc.snd.wav,fly_step_mechz_weight,loaded,bus_fx,grp_foley,snp_foley,,40,0,82,82,250,1000,1750,allon,default,allon,default,3,2,priority,oldest,-170,170,60,95,0.25,1,3d,default,nonlooping,,1,0,25,100,80,0.1,yes,yes,none,0,,no,,,yes,no,no,0,0,yes,no,,0,,no,no,no
fly_step_mechz_sprint_concrete,raw\sound\zmb\ai\mechz\step\anim_decepticon_lg_run_04.LN50.pc.snd.wav,fly_step_mechz_weight,loaded,bus_fx,grp_foley,snp_foley,,40,0,82,82,250,1000,1750,allon,default,allon,default,3,2,priority,oldest,-170,170,60,95,0.25,1,3d,default,nonlooping,,1,0,25,100,80,0.1,yes,yes,none,0,,no,,,yes,no,no,0,0,yes,no,,0,,no,no,no
fly_step_mechz_sprint_cushion,raw\sound\zmb\ai\mechz\step\anim_decepticon_lg_run_01.LN50.pc.snd.wav,fly_step_mechz_weight,loaded,bus_fx,grp_foley,snp_foley,,40,0,82,82,250,1000,1750,allon,default,allon,default,3,2,priority,oldest,-170,170,60,95,0.25,1,3d,default,nonlooping,,1,0,25,100,80,0.1,yes,yes,none,0,,no,,,yes,no,no,0,0,yes,no,,0,,no,no,no
fly_step_mechz_sprint_cushion,raw\sound\zmb\ai\mechz\step\anim_decepticon_lg_run_02.LN50.pc.snd.wav,fly_step_mechz_weight,loaded,bus_fx,grp_foley,snp_foley,,40,0,82,82,250,1000,1750,allon,default,allon,default,3,2,priority,oldest,-170,170,60,95,0.25,1,3d,default,nonlooping,,1,0,25,100,80,0.1,yes,yes,none,0,,no,,,yes,no,no,0,0,yes,no,,0,,no,no,no
fly_step_mechz_sprint_cushion,raw\sound\zmb\ai\mechz\step\anim_decepticon_lg_run_03.LN50.pc.snd.wav,fly_step_mechz_weight,loaded,bus_fx,grp_foley,snp_foley,,40,0,82,82,250,1000,1750,allon,default,allon,default,3,2,priority,oldest,-170,170,60,95,0.25,1,3d,default,nonlooping,,1,0,25,100,80,0.1,yes,yes,none,0,,no,,,yes,no,no,0,0,yes,no,,0,,no,no,no
fly_step_mechz_sprint_cushion,raw\sound\zmb\ai\mechz\step\anim_decepticon_lg_run_04.LN50.pc.snd.wav,fly_step_mechz_weight,loaded,bus_fx,grp_foley,snp_foley,,40,0,82,82,250,1000,1750,allon,default,allon,default,3,2,priority,oldest,-170,170,60,95,0.25,1,3d,default,nonlooping,,1,0,25,100,80,0.1,yes,yes,none,0,,no,,,yes,no,no,0,0,yes,no,,0,,no,no,no
fly_step_mechz_sprint_default,raw\sound\zmb\ai\mechz\step\anim_decepticon_lg_run_01.LN50.pc.snd.wav,fly_step_mechz_weight,loaded,bus_fx,grp_foley,snp_foley,,40,0,82,82,250,1000,1750,allon,default,allon,default,3,2,priority,oldest,-170,170,60,95,0.25,1,3d,default,nonlooping,,1,0,25,100,80,0.1,yes,yes,none,0,,no,,,yes,no,no,0,0,yes,no,,0,,no,no,no
fly_step_mechz_sprint_default,raw\sound\zmb\ai\mechz\step\anim_decepticon_lg_run_02.LN50.pc.snd.wav,fly_step_mechz_weight,loaded,bus_fx,grp_foley,snp_foley,,40,0,82,82,250,1000,1750,allon,default,allon,default,3,2,priority,oldest,-170,170,60,95,0.25,1,3d,default,nonlooping,,1,0,25,100,80,0.1,yes,yes,none,0,,no,,,yes,no,no,0,0,yes,no,,0,,no,no,no
fly_step_mechz_sprint_default,raw\sound\zmb\ai\mechz\step\anim_decepticon_lg_run_03.LN50.pc.snd.wav,fly_step_mechz_weight,loaded,bus_fx,grp_foley,snp_foley,,40,0,82,82,250,1000,1750,allon,default,allon,default,3,2,priority,oldest,-170,170,60,95,0.25,1,3d,default,nonlooping,,1,0,25,100,80,0.1,yes,yes,none,0,,no,,,yes,no,no,0,0,yes,no,,0,,no,no,no
fly_step_mechz_sprint_default,raw\sound\zmb\ai\mechz\step\anim_decepticon_lg_run_04.LN50.pc.snd.wav,fly_step_mechz_weight,loaded,bus_fx,grp_foley,snp_foley,,40,0,82,82,250,1000,1750,allon,default,allon,default,3,2,priority,oldest,-170,170,60,95,0.25,1,3d,default,nonlooping,,1,0,25,100,80,0.1,yes,yes,none,0,,no,,,yes,no,no,0,0,yes,no,,0,,no,no,no
fly_step_mechz_sprint_dirt,raw\sound\zmb\ai\mechz\step\anim_decepticon_lg_run_01.LN50.pc.snd.wav,fly_step_mechz_weight,loaded,bus_fx,grp_foley,snp_foley,,40,0,82,82,250,1000,1750,allon,default,allon,default,3,2,priority,oldest,-170,170,60,95,0.25,1,3d,default,nonlooping,,1,0,25,100,80,0.1,yes,yes,none,0,,no,,,yes,no,no,0,0,yes,no,,0,,no,no,no
fly_step_mechz_sprint_dirt,raw\sound\zmb\ai\mechz\step\anim_decepticon_lg_run_02.LN50.pc.snd.wav,fly_step_mechz_weight,loaded,bus_fx,grp_foley,snp_foley,,40,0,82,82,250,1000,1750,allon,default,allon,default,3,2,priority,oldest,-170,170,60,95,0.25,1,3d,default,nonlooping,,1,0,25,100,80,0.1,yes,yes,none,0,,no,,,yes,no,no,0,0,yes,no,,0,,no,no,no
fly_step_mechz_sprint_dirt,raw\sound\zmb\ai\mechz\step\anim_decepticon_lg_run_03.LN50.pc.snd.wav,fly_step_mechz_weight,loaded,bus_fx,grp_foley,snp_foley,,40,0,82,82,250,1000,1750,allon,default,allon,default,3,2,priority,oldest,-170,170,60,95,0.25,1,3d,default,nonlooping,,1,0,25,100,80,0.1,yes,yes,none,0,,no,,,yes,no,no,0,0,yes,no,,0,,no,no,no
fly_step_mechz_sprint_dirt,raw\sound\zmb\ai\mechz\step\anim_decepticon_lg_run_04.LN50.pc.snd.wav,fly_step_mechz_weight,loaded,bus_fx,grp_foley,snp_foley,,40,0,82,82,250,1000,1750,allon,default,allon,default,3,2,priority,oldest,-170,170,60,95,0.25,1,3d,default,nonlooping,,1,0,25,100,80,0.1,yes,yes,none,0,,no,,,yes,no,no,0,0,yes,no,,0,,no,no,no
fly_step_mechz_sprint_flesh,raw\sound\zmb\ai\mechz\step\anim_decepticon_lg_run_01.LN50.pc.snd.wav,fly_step_mechz_weight,loaded,bus_fx,grp_foley,snp_foley,,40,0,82,82,250,1000,1750,allon,default,allon,default,3,2,priority,oldest,-170,170,60,95,0.25,1,3d,default,nonlooping,,1,0,25,100,80,0.1,yes,yes,none,0,,no,,,yes,no,no,0,0,yes,no,,0,,no,no,no
fly_step_mechz_sprint_flesh,raw\sound\zmb\ai\mechz\step\anim_decepticon_lg_run_02.LN50.pc.snd.wav,fly_step_mechz_weight,loaded,bus_fx,grp_foley,snp_foley,,40,0,82,82,250,1000,1750,allon,default,allon,default,3,2,priority,oldest,-170,170,60,95,0.25,1,3d,default,nonlooping,,1,0,25,100,80,0.1,yes,yes,none,0,,no,,,yes,no,no,0,0,yes,no,,0,,no,no,no
fly_step_mechz_sprint_flesh,raw\sound\zmb\ai\mechz\step\anim_decepticon_lg_run_03.LN50.pc.snd.wav,fly_step_mechz_weight,loaded,bus_fx,grp_foley,snp_foley,,40,0,82,82,250,1000,1750,allon,default,allon,default,3,2,priority,oldest,-170,170,60,95,0.25,1,3d,default,nonlooping,,1,0,25,100,80,0.1,yes,yes,none,0,,no,,,yes,no,no,0,0,yes,no,,0,,no,no,no
fly_step_mechz_sprint_flesh,raw\sound\zmb\ai\mechz\step\anim_decepticon_lg_run_04.LN50.pc.snd.wav,fly_step_mechz_weight,loaded,bus_fx,grp_foley,snp_foley,,40,0,82,82,250,1000,1750,allon,default,allon,default,3,2,priority,oldest,-170,170,60,95,0.25,1,3d,default,nonlooping,,1,0,25,100,80,0.1,yes,yes,none,0,,no,,,yes,no,no,0,0,yes,no,,0,,no,no,no
fly_step_mechz_sprint_foliage,raw\sound\zmb\ai\mechz\step\anim_decepticon_lg_run_01.LN50.pc.snd.wav,fly_step_mechz_weight,loaded,bus_fx,grp_foley,snp_foley,,40,0,82,82,250,1000,1750,allon,default,allon,default,3,2,priority,oldest,-170,170,60,95,0.25,1,3d,default,nonlooping,,1,0,25,100,80,0.1,yes,yes,none,0,,no,,,yes,no,no,0,0,yes,no,,0,,no,no,no
fly_step_mechz_sprint_foliage,raw\sound\zmb\ai\mechz\step\anim_decepticon_lg_run_02.LN50.pc.snd.wav,fly_step_mechz_weight,loaded,bus_fx,grp_foley,snp_foley,,40,0,82,82,250,1000,1750,allon,default,allon,default,3,2,priority,oldest,-170,170,60,95,0.25,1,3d,default,nonlooping,,1,0,25,100,80,0.1,yes,yes,none,0,,no,,,yes,no,no,0,0,yes,no,,0,,no,no,no
fly_step_mechz_sprint_foliage,raw\sound\zmb\ai\mechz\step\anim_decepticon_lg_run_03.LN50.pc.snd.wav,fly_step_mechz_weight,loaded,bus_fx,grp_foley,snp_foley,,40,0,82,82,250,1000,1750,allon,default,allon,default,3,2,priority,oldest,-170,170,60,95,0.25,1,3d,default,nonlooping,,1,0,25,100,80,0.1,yes,yes,none,0,,no,,,yes,no,no,0,0,yes,no,,0,,no,no,no
fly_step_mechz_sprint_foliage,raw\sound\zmb\ai\mechz\step\anim_decepticon_lg_run_04.LN50.pc.snd.wav,fly_step_mechz_weight,loaded,bus_fx,grp_foley,snp_foley,,40,0,82,82,250,1000,1750,allon,default,allon,default,3,2,priority,oldest,-170,170,60,95,0.25,1,3d,default,nonlooping,,1,0,25,100,80,0.1,yes,yes,none,0,,no,,,yes,no,no,0,0,yes,no,,0,,no,no,no
fly_step_mechz_sprint_fruit,raw\sound\zmb\ai\mechz\step\anim_decepticon_lg_run_01.LN50.pc.snd.wav,fly_step_mechz_weight,loaded,bus_fx,grp_foley,snp_foley,,40,0,82,82,250,1000,1750,allon,default,allon,default,3,2,priority,oldest,-170,170,60,95,0.25,1,3d,default,nonlooping,,1,0,25,100,80,0.1,yes,yes,none,0,,no,,,yes,no,no,0,0,yes,no,,0,,no,no,no
fly_step_mechz_sprint_fruit,raw\sound\zmb\ai\mechz\step\anim_decepticon_lg_run_02.LN50.pc.snd.wav,fly_step_mechz_weight,loaded,bus_fx,grp_foley,snp_foley,,40,0,82,82,250,1000,1750,allon,default,allon,default,3,2,priority,oldest,-170,170,60,95,0.25,1,3d,default,nonlooping,,1,0,25,100,80,0.1,yes,yes,none,0,,no,,,yes,no,no,0,0,yes,no,,0,,no,no,no
fly_step_mechz_sprint_fruit,raw\sound\zmb\ai\mechz\step\anim_decepticon_lg_run_03.LN50.pc.snd.wav,fly_step_mechz_weight,loaded,bus_fx,grp_foley,snp_foley,,40,0,82,82,250,1000,1750,allon,default,allon,default,3,2,priority,oldest,-170,170,60,95,0.25,1,3d,default,nonlooping,,1,0,25,100,80,0.1,yes,yes,none,0,,no,,,yes,no,no,0,0,yes,no,,0,,no,no,no
fly_step_mechz_sprint_fruit,raw\sound\zmb\ai\mechz\step\anim_decepticon_lg_run_04.LN50.pc.snd.wav,fly_step_mechz_weight,loaded,bus_fx,grp_foley,snp_foley,,40,0,82,82,250,1000,1750,allon,default,allon,default,3,2,priority,oldest,-170,170,60,95,0.25,1,3d,default,nonlooping,,1,0,25,100,80,0.1,yes,yes,none,0,,no,,,yes,no,no,0,0,yes,no,,0,,no,no,no
fly_step_mechz_sprint_glass,raw\sound\zmb\ai\mechz\step\anim_decepticon_lg_run_01.LN50.pc.snd.wav,fly_step_mechz_weight,loaded,bus_fx,grp_foley,snp_foley,,40,0,82,82,250,1000,1750,allon,default,allon,default,3,2,priority,oldest,-170,170,60,95,0.25,1,3d,default,nonlooping,,1,0,25,100,80,0.1,yes,yes,none,0,,no,,,yes,no,no,0,0,yes,no,,0,,no,no,no
fly_step_mechz_sprint_glass,raw\sound\zmb\ai\mechz\step\anim_decepticon_lg_run_02.LN50.pc.snd.wav,fly_step_mechz_weight,loaded,bus_fx,grp_foley,snp_foley,,40,0,82,82,250,1000,1750,allon,default,allon,default,3,2,priority,oldest,-170,170,60,95,0.25,1,3d,default,nonlooping,,1,0,25,100,80,0.1,yes,yes,none,0,,no,,,yes,no,no,0,0,yes,no,,0,,no,no,no
fly_step_mechz_sprint_glass,raw\sound\zmb\ai\mechz\step\anim_decepticon_lg_run_03.LN50.pc.snd.wav,fly_step_mechz_weight,loaded,bus_fx,grp_foley,snp_foley,,40,0,82,82,250,1000,1750,allon,default,allon,default,3,2,priority,oldest,-170,170,60,95,0.25,1,3d,default,nonlooping,,1,0,25,100,80,0.1,yes,yes,none,0,,no,,,yes,no,no,0,0,yes,no,,0,,no,no,no
fly_step_mechz_sprint_glass,raw\sound\zmb\ai\mechz\step\anim_decepticon_lg_run_04.LN50.pc.snd.wav,fly_step_mechz_weight,loaded,bus_fx,grp_foley,snp_foley,,40,0,82,82,250,1000,1750,allon,default,allon,default,3,2,priority,oldest,-170,170,60,95,0.25,1,3d,default,nonlooping,,1,0,25,100,80,0.1,yes,yes,none,0,,no,,,yes,no,no,0,0,yes,no,,0,,no,no,no
fly_step_mechz_sprint_grass,raw\sound\zmb\ai\mechz\step\anim_decepticon_lg_run_01.LN50.pc.snd.wav,fly_step_mechz_weight,loaded,bus_fx,grp_foley,snp_foley,,40,0,82,82,250,1000,1750,allon,default,allon,default,3,2,priority,oldest,-170,170,60,95,0.25,1,3d,default,nonlooping,,1,0,25,100,80,0.1,yes,yes,none,0,,no,,,yes,no,no,0,0,yes,no,,0,,no,no,no
fly_step_mechz_sprint_grass,raw\sound\zmb\ai\mechz\step\anim_decepticon_lg_run_02.LN50.pc.snd.wav,fly_step_mechz_weight,loaded,bus_fx,grp_foley,snp_foley,,40,0,82,82,250,1000,1750,allon,default,allon,default,3,2,priority,oldest,-170,170,60,95,0.25,1,3d,default,nonlooping,,1,0,25,100,80,0.1,yes,yes,none,0,,no,,,yes,no,no,0,0,yes,no,,0,,no,no,no
fly_step_mechz_sprint_grass,raw\sound\zmb\ai\mechz\step\anim_decepticon_lg_run_03.LN50.pc.snd.wav,fly_step_mechz_weight,loaded,bus_fx,grp_foley,snp_foley,,40,0,82,82,250,1000,1750,allon,default,allon,default,3,2,priority,oldest,-170,170,60,95,0.25,1,3d,default,nonlooping,,1,0,25,100,80,0.1,yes,yes,none,0,,no,,,yes,no,no,0,0,yes,no,,0,,no,no,no
fly_step_mechz_sprint_grass,raw\sound\zmb\ai\mechz\step\anim_decepticon_lg_run_04.LN50.pc.snd.wav,fly_step_mechz_weight,loaded,bus_fx,grp_foley,snp_foley,,40,0,82,82,250,1000,1750,allon,default,allon,default,3,2,priority,oldest,-170,170,60,95,0.25,1,3d,default,nonlooping,,1,0,25,100,80,0.1,yes,yes,none,0,,no,,,yes,no,no,0,0,yes,no,,0,,no,no,no
fly_step_mechz_sprint_gravel,raw\sound\zmb\ai\mechz\step\anim_decepticon_lg_run_01.LN50.pc.snd.wav,fly_step_mechz_weight,loaded,bus_fx,grp_foley,snp_foley,,40,0,82,82,250,1000,1750,allon,default,allon,default,3,2,priority,oldest,-170,170,60,95,0.25,1,3d,default,nonlooping,,1,0,25,100,80,0.1,yes,yes,none,0,,no,,,yes,no,no,0,0,yes,no,,0,,no,no,no
fly_step_mechz_sprint_gravel,raw\sound\zmb\ai\mechz\step\anim_decepticon_lg_run_02.LN50.pc.snd.wav,fly_step_mechz_weight,loaded,bus_fx,grp_foley,snp_foley,,40,0,82,82,250,1000,1750,allon,default,allon,default,3,2,priority,oldest,-170,170,60,95,0.25,1,3d,default,nonlooping,,1,0,25,100,80,0.1,yes,yes,none,0,,no,,,yes,no,no,0,0,yes,no,,0,,no,no,no
fly_step_mechz_sprint_gravel,raw\sound\zmb\ai\mechz\step\anim_decepticon_lg_run_03.LN50.pc.snd.wav,fly_step_mechz_weight,loaded,bus_fx,grp_foley,snp_foley,,40,0,82,82,250,1000,1750,allon,default,allon,default,3,2,priority,oldest,-170,170,60,95,0.25,1,3d,default,nonlooping,,1,0,25,100,80,0.1,yes,yes,none,0,,no,,,yes,no,no,0,0,yes,no,,0,,no,no,no
fly_step_mechz_sprint_gravel,raw\sound\zmb\ai\mechz\step\anim_decepticon_lg_run_04.LN50.pc.snd.wav,fly_step_mechz_weight,loaded,bus_fx,grp_foley,snp_foley,,40,0,82,82,250,1000,1750,allon,default,allon,default,3,2,priority,oldest,-170,170,60,95,0.25,1,3d,default,nonlooping,,1,0,25,100,80,0.1,yes,yes,none,0,,no,,,yes,no,no,0,0,yes,no,,0,,no,no,no
fly_step_mechz_sprint_ice,raw\sound\zmb\ai\mechz\step\anim_decepticon_lg_run_01.LN50.pc.snd.wav,fly_step_mechz_weight,loaded,bus_fx,grp_foley,snp_foley,,40,0,82,82,250,1000,1750,allon,default,allon,default,3,2,priority,oldest,-170,170,60,95,0.25,1,3d,default,nonlooping,,1,0,25,100,80,0.1,yes,yes,none,0,,no,,,yes,no,no,0,0,yes,no,,0,,no,no,no
fly_step_mechz_sprint_ice,raw\sound\zmb\ai\mechz\step\anim_decepticon_lg_run_02.LN50.pc.snd.wav,fly_step_mechz_weight,loaded,bus_fx,grp_foley,snp_foley,,40,0,82,82,250,1000,1750,allon,default,allon,default,3,2,priority,oldest,-170,170,60,95,0.25,1,3d,default,nonlooping,,1,0,25,100,80,0.1,yes,yes,none,0,,no,,,yes,no,no,0,0,yes,no,,0,,no,no,no
fly_step_mechz_sprint_ice,raw\sound\zmb\ai\mechz\step\anim_decepticon_lg_run_03.LN50.pc.snd.wav,fly_step_mechz_weight,loaded,bus_fx,grp_foley,snp_foley,,40,0,82,82,250,1000,1750,allon,default,allon,default,3,2,priority,oldest,-170,170,60,95,0.25,1,3d,default,nonlooping,,1,0,25,100,80,0.1,yes,yes,none,0,,no,,,yes,no,no,0,0,yes,no,,0,,no,no,no
fly_step_mechz_sprint_ice,raw\sound\zmb\ai\mechz\step\anim_decepticon_lg_run_04.LN50.pc.snd.wav,fly_step_mechz_weight,loaded,bus_fx,grp_foley,snp_foley,,40,0,82,82,250,1000,1750,allon,default,allon,default,3,2,priority,oldest,-170,170,60,95,0.25,1,3d,default,nonlooping,,1,0,25,100,80,0.1,yes,yes,none,0,,no,,,yes,no,no,0,0,yes,no,,0,,no,no,no
fly_step_mechz_sprint_metal,raw\sound\zmb\ai\mechz\step\anim_decepticon_lg_run_01.LN50.pc.snd.wav,fly_step_mechz_weight,loaded,bus_fx,grp_foley,snp_foley,,40,0,82,82,250,1000,1750,allon,default,allon,default,3,2,priority,oldest,-170,170,60,95,0.25,1,3d,default,nonlooping,,1,0,25,100,80,0.1,yes,yes,none,0,,no,,,yes,no,no,0,0,yes,no,,0,,no,no,no
fly_step_mechz_sprint_metal,raw\sound\zmb\ai\mechz\step\anim_decepticon_lg_run_02.LN50.pc.snd.wav,fly_step_mechz_weight,loaded,bus_fx,grp_foley,snp_foley,,40,0,82,82,250,1000,1750,allon,default,allon,default,3,2,priority,oldest,-170,170,60,95,0.25,1,3d,default,nonlooping,,1,0,25,100,80,0.1,yes,yes,none,0,,no,,,yes,no,no,0,0,yes,no,,0,,no,no,no
fly_step_mechz_sprint_metal,raw\sound\zmb\ai\mechz\step\anim_decepticon_lg_run_03.LN50.pc.snd.wav,fly_step_mechz_weight,loaded,bus_fx,grp_foley,snp_foley,,40,0,82,82,250,1000,1750,allon,default,allon,default,3,2,priority,oldest,-170,170,60,95,0.25,1,3d,default,nonlooping,,1,0,25,100,80,0.1,yes,yes,none,0,,no,,,yes,no,no,0,0,yes,no,,0,,no,no,no
fly_step_mechz_sprint_metal,raw\sound\zmb\ai\mechz\step\anim_decepticon_lg_run_04.LN50.pc.snd.wav,fly_step_mechz_weight,loaded,bus_fx,grp_foley,snp_foley,,40,0,82,82,250,1000,1750,allon,default,allon,default,3,2,priority,oldest,-170,170,60,95,0.25,1,3d,default,nonlooping,,1,0,25,100,80,0.1,yes,yes,none,0,,no,,,yes,no,no,0,0,yes,no,,0,,no,no,no
fly_step_mechz_sprint_mud,raw\sound\zmb\ai\mechz\step\anim_decepticon_lg_run_01.LN50.pc.snd.wav,fly_step_mechz_water,loaded,bus_fx,grp_foley,snp_foley,,40,0,82,82,250,1000,1750,allon,default,allon,default,3,2,priority,oldest,-170,170,60,95,0.25,1,3d,default,nonlooping,,1,0,25,100,80,0.1,yes,yes,none,0,,no,,,yes,no,no,0,0,yes,no,,0,,no,no,no
fly_step_mechz_sprint_mud,raw\sound\zmb\ai\mechz\step\anim_decepticon_lg_run_02.LN50.pc.snd.wav,fly_step_mechz_water,loaded,bus_fx,grp_foley,snp_foley,,40,0,82,82,250,1000,1750,allon,default,allon,default,3,2,priority,oldest,-170,170,60,95,0.25,1,3d,default,nonlooping,,1,0,25,100,80,0.1,yes,yes,none,0,,no,,,yes,no,no,0,0,yes,no,,0,,no,no,no
fly_step_mechz_sprint_mud,raw\sound\zmb\ai\mechz\step\anim_decepticon_lg_run_03.LN50.pc.snd.wav,fly_step_mechz_water,loaded,bus_fx,grp_foley,snp_foley,,40,0,82,82,250,1000,1750,allon,default,allon,default,3,2,priority,oldest,-170,170,60,95,0.25,1,3d,default,nonlooping,,1,0,25,100,80,0.1,yes,yes,none,0,,no,,,yes,no,no,0,0,yes,no,,0,,no,no,no
fly_step_mechz_sprint_mud,raw\sound\zmb\ai\mechz\step\anim_decepticon_lg_run_04.LN50.pc.snd.wav,fly_step_mechz_water,loaded,bus_fx,grp_foley,snp_foley,,40,0,82,82,250,1000,1750,allon,default,allon,default,3,2,priority,oldest,-170,170,60,95,0.25,1,3d,default,nonlooping,,1,0,25,100,80,0.1,yes,yes,none,0,,no,,,yes,no,no,0,0,yes,no,,0,,no,no,no
fly_step_mechz_sprint_paintedmetal,raw\sound\zmb\ai\mechz\step\anim_decepticon_lg_run_01.LN50.pc.snd.wav,fly_step_mechz_weight,loaded,bus_fx,grp_foley,snp_foley,,40,0,82,82,250,1000,1750,allon,default,allon,default,3,2,priority,oldest,-170,170,60,95,0.25,1,3d,default,nonlooping,,1,0,25,100,80,0.1,yes,yes,none,0,,no,,,yes,no,no,0,0,yes,no,,0,,no,no,no
fly_step_mechz_sprint_paintedmetal,raw\sound\zmb\ai\mechz\step\anim_decepticon_lg_run_02.LN50.pc.snd.wav,fly_step_mechz_weight,loaded,bus_fx,grp_foley,snp_foley,,40,0,82,82,250,1000,1750,allon,default,allon,default,3,2,priority,oldest,-170,170,60,95,0.25,1,3d,default,nonlooping,,1,0,25,100,80,0.1,yes,yes,none,0,,no,,,yes,no,no,0,0,yes,no,,0,,no,no,no
fly_step_mechz_sprint_paintedmetal,raw\sound\zmb\ai\mechz\step\anim_decepticon_lg_run_03.LN50.pc.snd.wav,fly_step_mechz_weight,loaded,bus_fx,grp_foley,snp_foley,,40,0,82,82,250,1000,1750,allon,default,allon,default,3,2,priority,oldest,-170,170,60,95,0.25,1,3d,default,nonlooping,,1,0,25,100,80,0.1,yes,yes,none,0,,no,,,yes,no,no,0,0,yes,no,,0,,no,no,no
fly_step_mechz_sprint_paintedmetal,raw\sound\zmb\ai\mechz\step\anim_decepticon_lg_run_04.LN50.pc.snd.wav,fly_step_mechz_weight,loaded,bus_fx,grp_foley,snp_foley,,40,0,82,82,250,1000,1750,allon,default,allon,default,3,2,priority,oldest,-170,170,60,95,0.25,1,3d,default,nonlooping,,1,0,25,100,80,0.1,yes,yes,none,0,,no,,,yes,no,no,0,0,yes,no,,0,,no,no,no
fly_step_mechz_sprint_paper,raw\sound\zmb\ai\mechz\step\anim_decepticon_lg_run_01.LN50.pc.snd.wav,fly_step_mechz_weight,loaded,bus_fx,grp_foley,snp_foley,,40,0,82,82,250,1000,1750,allon,default,allon,default,3,2,priority,oldest,-170,170,60,95,0.25,1,3d,default,nonlooping,,1,0,25,100,80,0.1,yes,yes,none,0,,no,,,yes,no,no,0,0,yes,no,,0,,no,no,no
fly_step_mechz_sprint_paper,raw\sound\zmb\ai\mechz\step\anim_decepticon_lg_run_02.LN50.pc.snd.wav,fly_step_mechz_weight,loaded,bus_fx,grp_foley,snp_foley,,40,0,82,82,250,1000,1750,allon,default,allon,default,3,2,priority,oldest,-170,170,60,95,0.25,1,3d,default,nonlooping,,1,0,25,100,80,0.1,yes,yes,none,0,,no,,,yes,no,no,0,0,yes,no,,0,,no,no,no
fly_step_mechz_sprint_paper,raw\sound\zmb\ai\mechz\step\anim_decepticon_lg_run_03.LN50.pc.snd.wav,fly_step_mechz_weight,loaded,bus_fx,grp_foley,snp_foley,,40,0,82,82,250,1000,1750,allon,default,allon,default,3,2,priority,oldest,-170,170,60,95,0.25,1,3d,default,nonlooping,,1,0,25,100,80,0.1,yes,yes,none,0,,no,,,yes,no,no,0,0,yes,no,,0,,no,no,no
fly_step_mechz_sprint_paper,raw\sound\zmb\ai\mechz\step\anim_decepticon_lg_run_04.LN50.pc.snd.wav,fly_step_mechz_weight,loaded,bus_fx,grp_foley,snp_foley,,40,0,82,82,250,1000,1750,allon,default,allon,default,3,2,priority,oldest,-170,170,60,95,0.25,1,3d,default,nonlooping,,1,0,25,100,80,0.1,yes,yes,none,0,,no,,,yes,no,no,0,0,yes,no,,0,,no,no,no
fly_step_mechz_sprint_plaster,raw\sound\zmb\ai\mechz\step\anim_decepticon_lg_run_01.LN50.pc.snd.wav,fly_step_mechz_weight,loaded,bus_fx,grp_foley,snp_foley,,40,0,82,82,250,1000,1750,allon,default,allon,default,3,2,priority,oldest,-170,170,60,95,0.25,1,3d,default,nonlooping,,1,0,25,100,80,0.1,yes,yes,none,0,,no,,,yes,no,no,0,0,yes,no,,0,,no,no,no
fly_step_mechz_sprint_plaster,raw\sound\zmb\ai\mechz\step\anim_decepticon_lg_run_02.LN50.pc.snd.wav,fly_step_mechz_weight,loaded,bus_fx,grp_foley,snp_foley,,40,0,82,82,250,1000,1750,allon,default,allon,default,3,2,priority,oldest,-170,170,60,95,0.25,1,3d,default,nonlooping,,1,0,25,100,80,0.1,yes,yes,none,0,,no,,,yes,no,no,0,0,yes,no,,0,,no,no,no
fly_step_mechz_sprint_plaster,raw\sound\zmb\ai\mechz\step\anim_decepticon_lg_run_03.LN50.pc.snd.wav,fly_step_mechz_weight,loaded,bus_fx,grp_foley,snp_foley,,40,0,82,82,250,1000,1750,allon,default,allon,default,3,2,priority,oldest,-170,170,60,95,0.25,1,3d,default,nonlooping,,1,0,25,100,80,0.1,yes,yes,none,0,,no,,,yes,no,no,0,0,yes,no,,0,,no,no,no
fly_step_mechz_sprint_plaster,raw\sound\zmb\ai\mechz\step\anim_decepticon_lg_run_04.LN50.pc.snd.wav,fly_step_mechz_weight,loaded,bus_fx,grp_foley,snp_foley,,40,0,82,82,250,1000,1750,allon,default,allon,default,3,2,priority,oldest,-170,170,60,95,0.25,1,3d,default,nonlooping,,1,0,25,100,80,0.1,yes,yes,none,0,,no,,,yes,no,no,0,0,yes,no,,0,,no,no,no
fly_step_mechz_sprint_plastic,raw\sound\zmb\ai\mechz\step\anim_decepticon_lg_run_01.LN50.pc.snd.wav,fly_step_mechz_weight,loaded,bus_fx,grp_foley,snp_foley,,40,0,82,82,250,1000,1750,allon,default,allon,default,3,2,priority,oldest,-170,170,60,95,0.25,1,3d,default,nonlooping,,1,0,25,100,80,0.1,yes,yes,none,0,,no,,,yes,no,no,0,0,yes,no,,0,,no,no,no
fly_step_mechz_sprint_plastic,raw\sound\zmb\ai\mechz\step\anim_decepticon_lg_run_02.LN50.pc.snd.wav,fly_step_mechz_weight,loaded,bus_fx,grp_foley,snp_foley,,40,0,82,82,250,1000,1750,allon,default,allon,default,3,2,priority,oldest,-170,170,60,95,0.25,1,3d,default,nonlooping,,1,0,25,100,80,0.1,yes,yes,none,0,,no,,,yes,no,no,0,0,yes,no,,0,,no,no,no
fly_step_mechz_sprint_plastic,raw\sound\zmb\ai\mechz\step\anim_decepticon_lg_run_03.LN50.pc.snd.wav,fly_step_mechz_weight,loaded,bus_fx,grp_foley,snp_foley,,40,0,82,82,250,1000,1750,allon,default,allon,default,3,2,priority,oldest,-170,170,60,95,0.25,1,3d,default,nonlooping,,1,0,25,100,80,0.1,yes,yes,none,0,,no,,,yes,no,no,0,0,yes,no,,0,,no,no,no
fly_step_mechz_sprint_plastic,raw\sound\zmb\ai\mechz\step\anim_decepticon_lg_run_04.LN50.pc.snd.wav,fly_step_mechz_weight,loaded,bus_fx,grp_foley,snp_foley,,40,0,82,82,250,1000,1750,allon,default,allon,default,3,2,priority,oldest,-170,170,60,95,0.25,1,3d,default,nonlooping,,1,0,25,100,80,0.1,yes,yes,none,0,,no,,,yes,no,no,0,0,yes,no,,0,,no,no,no
fly_step_mechz_sprint_rock,raw\sound\zmb\ai\mechz\step\anim_decepticon_lg_run_01.LN50.pc.snd.wav,fly_step_mechz_weight,loaded,bus_fx,grp_foley,snp_foley,,40,0,82,82,250,1000,1750,allon,default,allon,default,3,2,priority,oldest,-170,170,60,95,0.25,1,3d,default,nonlooping,,1,0,25,100,80,0.1,yes,yes,none,0,,no,,,yes,no,no,0,0,yes,no,,0,,no,no,no
fly_step_mechz_sprint_rock,raw\sound\zmb\ai\mechz\step\anim_decepticon_lg_run_02.LN50.pc.snd.wav,fly_step_mechz_weight,loaded,bus_fx,grp_foley,snp_foley,,40,0,82,82,250,1000,1750,allon,default,allon,default,3,2,priority,oldest,-170,170,60,95,0.25,1,3d,default,nonlooping,,1,0,25,100,80,0.1,yes,yes,none,0,,no,,,yes,no,no,0,0,yes,no,,0,,no,no,no
fly_step_mechz_sprint_rock,raw\sound\zmb\ai\mechz\step\anim_decepticon_lg_run_03.LN50.pc.snd.wav,fly_step_mechz_weight,loaded,bus_fx,grp_foley,snp_foley,,40,0,82,82,250,1000,1750,allon,default,allon,default,3,2,priority,oldest,-170,170,60,95,0.25,1,3d,default,nonlooping,,1,0,25,100,80,0.1,yes,yes,none,0,,no,,,yes,no,no,0,0,yes,no,,0,,no,no,no
fly_step_mechz_sprint_rock,raw\sound\zmb\ai\mechz\step\anim_decepticon_lg_run_04.LN50.pc.snd.wav,fly_step_mechz_weight,loaded,bus_fx,grp_foley,snp_foley,,40,0,82,82,250,1000,1750,allon,default,allon,default,3,2,priority,oldest,-170,170,60,95,0.25,1,3d,default,nonlooping,,1,0,25,100,80,0.1,yes,yes,none,0,,no,,,yes,no,no,0,0,yes,no,,0,,no,no,no
fly_step_mechz_sprint_rubber,raw\sound\zmb\ai\mechz\step\anim_decepticon_lg_run_01.LN50.pc.snd.wav,fly_step_mechz_weight,loaded,bus_fx,grp_foley,snp_foley,,40,0,82,82,250,1000,1750,allon,default,allon,default,3,2,priority,oldest,-170,170,60,95,0.25,1,3d,default,nonlooping,,1,0,25,100,80,0.1,yes,yes,none,0,,no,,,yes,no,no,0,0,yes,no,,0,,no,no,no
fly_step_mechz_sprint_rubber,raw\sound\zmb\ai\mechz\step\anim_decepticon_lg_run_02.LN50.pc.snd.wav,fly_step_mechz_weight,loaded,bus_fx,grp_foley,snp_foley,,40,0,82,82,250,1000,1750,allon,default,allon,default,3,2,priority,oldest,-170,170,60,95,0.25,1,3d,default,nonlooping,,1,0,25,100,80,0.1,yes,yes,none,0,,no,,,yes,no,no,0,0,yes,no,,0,,no,no,no
fly_step_mechz_sprint_rubber,raw\sound\zmb\ai\mechz\step\anim_decepticon_lg_run_03.LN50.pc.snd.wav,fly_step_mechz_weight,loaded,bus_fx,grp_foley,snp_foley,,40,0,82,82,250,1000,1750,allon,default,allon,default,3,2,priority,oldest,-170,170,60,95,0.25,1,3d,default,nonlooping,,1,0,25,100,80,0.1,yes,yes,none,0,,no,,,yes,no,no,0,0,yes,no,,0,,no,no,no
fly_step_mechz_sprint_rubber,raw\sound\zmb\ai\mechz\step\anim_decepticon_lg_run_04.LN50.pc.snd.wav,fly_step_mechz_weight,loaded,bus_fx,grp_foley,snp_foley,,40,0,82,82,250,1000,1750,allon,default,allon,default,3,2,priority,oldest,-170,170,60,95,0.25,1,3d,default,nonlooping,,1,0,25,100,80,0.1,yes,yes,none,0,,no,,,yes,no,no,0,0,yes,no,,0,,no,no,no
fly_step_mechz_sprint_sand,raw\sound\zmb\ai\mechz\step\anim_decepticon_lg_run_01.LN50.pc.snd.wav,fly_step_mechz_weight,loaded,bus_fx,grp_foley,snp_foley,,40,0,82,82,250,1000,1750,allon,default,allon,default,3,2,priority,oldest,-170,170,60,95,0.25,1,3d,default,nonlooping,,1,0,25,100,80,0.1,yes,yes,none,0,,no,,,yes,no,no,0,0,yes,no,,0,,no,no,no
fly_step_mechz_sprint_sand,raw\sound\zmb\ai\mechz\step\anim_decepticon_lg_run_02.LN50.pc.snd.wav,fly_step_mechz_weight,loaded,bus_fx,grp_foley,snp_foley,,40,0,82,82,250,1000,1750,allon,default,allon,default,3,2,priority,oldest,-170,170,60,95,0.25,1,3d,default,nonlooping,,1,0,25,100,80,0.1,yes,yes,none,0,,no,,,yes,no,no,0,0,yes,no,,0,,no,no,no
fly_step_mechz_sprint_sand,raw\sound\zmb\ai\mechz\step\anim_decepticon_lg_run_03.LN50.pc.snd.wav,fly_step_mechz_weight,loaded,bus_fx,grp_foley,snp_foley,,40,0,82,82,250,1000,1750,allon,default,allon,default,3,2,priority,oldest,-170,170,60,95,0.25,1,3d,default,nonlooping,,1,0,25,100,80,0.1,yes,yes,none,0,,no,,,yes,no,no,0,0,yes,no,,0,,no,no,no
fly_step_mechz_sprint_sand,raw\sound\zmb\ai\mechz\step\anim_decepticon_lg_run_04.LN50.pc.snd.wav,fly_step_mechz_weight,loaded,bus_fx,grp_foley,snp_foley,,40,0,82,82,250,1000,1750,allon,default,allon,default,3,2,priority,oldest,-170,170,60,95,0.25,1,3d,default,nonlooping,,1,0,25,100,80,0.1,yes,yes,none,0,,no,,,yes,no,no,0,0,yes,no,,0,,no,no,no
fly_step_mechz_sprint_snow,raw\sound\zmb\ai\mechz\step\anim_decepticon_lg_run_01.LN50.pc.snd.wav,fly_step_mechz_weight,loaded,bus_fx,grp_foley,snp_foley,,40,0,82,82,250,1000,1750,allon,default,allon,default,3,2,priority,oldest,-170,170,60,95,0.25,1,3d,default,nonlooping,,1,0,25,100,80,0.1,yes,yes,none,0,,no,,,yes,no,no,0,0,yes,no,,0,,no,no,no
fly_step_mechz_sprint_snow,raw\sound\zmb\ai\mechz\step\anim_decepticon_lg_run_02.LN50.pc.snd.wav,fly_step_mechz_weight,loaded,bus_fx,grp_foley,snp_foley,,40,0,82,82,250,1000,1750,allon,default,allon,default,3,2,priority,oldest,-170,170,60,95,0.25,1,3d,default,nonlooping,,1,0,25,100,80,0.1,yes,yes,none,0,,no,,,yes,no,no,0,0,yes,no,,0,,no,no,no
fly_step_mechz_sprint_snow,raw\sound\zmb\ai\mechz\step\anim_decepticon_lg_run_03.LN50.pc.snd.wav,fly_step_mechz_weight,loaded,bus_fx,grp_foley,snp_foley,,40,0,82,82,250,1000,1750,allon,default,allon,default,3,2,priority,oldest,-170,170,60,95,0.25,1,3d,default,nonlooping,,1,0,25,100,80,0.1,yes,yes,none,0,,no,,,yes,no,no,0,0,yes,no,,0,,no,no,no
fly_step_mechz_sprint_snow,raw\sound\zmb\ai\mechz\step\anim_decepticon_lg_run_04.LN50.pc.snd.wav,fly_step_mechz_weight,loaded,bus_fx,grp_foley,snp_foley,,40,0,82,82,250,1000,1750,allon,default,allon,default,3,2,priority,oldest,-170,170,60,95,0.25,1,3d,default,nonlooping,,1,0,25,100,80,0.1,yes,yes,none,0,,no,,,yes,no,no,0,0,yes,no,,0,,no,no,no
fly_step_mechz_sprint_water,raw\sound\zmb\ai\mechz\step\anim_decepticon_lg_run_01.LN50.pc.snd.wav,fly_step_mechz_water,loaded,bus_fx,grp_foley,snp_foley,,40,0,82,82,250,1000,1750,allon,default,allon,default,3,2,oldest,oldest,-170,170,60,95,0.25,1,3d,default,nonlooping,,1,0,25,100,80,0.1,yes,yes,none,0,,no,,,yes,no,no,0,0,yes,no,,0,,no,no,no
fly_step_mechz_sprint_water,raw\sound\zmb\ai\mechz\step\anim_decepticon_lg_run_02.LN50.pc.snd.wav,fly_step_mechz_water,loaded,bus_fx,grp_foley,snp_foley,,40,0,82,82,250,1000,1750,allon,default,allon,default,3,2,oldest,oldest,-170,170,60,95,0.25,1,3d,default,nonlooping,,1,0,25,100,80,0.1,yes,yes,none,0,,no,,,yes,no,no,0,0,yes,no,,0,,no,no,no
fly_step_mechz_sprint_water,raw\sound\zmb\ai\mechz\step\anim_decepticon_lg_run_03.LN50.pc.snd.wav,fly_step_mechz_water,loaded,bus_fx,grp_foley,snp_foley,,40,0,82,82,250,1000,1750,allon,default,allon,default,3,2,oldest,oldest,-170,170,60,95,0.25,1,3d,default,nonlooping,,1,0,25,100,80,0.1,yes,yes,none,0,,no,,,yes,no,no,0,0,yes,no,,0,,no,no,no
fly_step_mechz_sprint_water,raw\sound\zmb\ai\mechz\step\anim_decepticon_lg_run_04.LN50.pc.snd.wav,fly_step_mechz_water,loaded,bus_fx,grp_foley,snp_foley,,40,0,82,82,250,1000,1750,allon,default,allon,default,3,2,oldest,oldest,-170,170,60,95,0.25,1,3d,default,nonlooping,,1,0,25,100,80,0.1,yes,yes,none,0,,no,,,yes,no,no,0,0,yes,no,,0,,no,no,no
fly_step_mechz_sprint_wood,raw\sound\zmb\ai\mechz\step\anim_decepticon_lg_run_01.LN50.pc.snd.wav,fly_step_mechz_weight,loaded,bus_fx,grp_foley,snp_foley,,40,0,82,82,250,1000,1750,allon,default,allon,default,3,2,priority,oldest,-170,170,60,95,0.25,1,3d,default,nonlooping,,1,0,25,100,80,0.1,yes,yes,none,0,,no,,,yes,no,no,0,0,yes,no,,0,,no,no,no
fly_step_mechz_sprint_wood,raw\sound\zmb\ai\mechz\step\anim_decepticon_lg_run_02.LN50.pc.snd.wav,fly_step_mechz_weight,loaded,bus_fx,grp_foley,snp_foley,,40,0,82,82,250,1000,1750,allon,default,allon,default,3,2,priority,oldest,-170,170,60,95,0.25,1,3d,default,nonlooping,,1,0,25,100,80,0.1,yes,yes,none,0,,no,,,yes,no,no,0,0,yes,no,,0,,no,no,no
fly_step_mechz_sprint_wood,raw\sound\zmb\ai\mechz\step\anim_decepticon_lg_run_03.LN50.pc.snd.wav,fly_step_mechz_weight,loaded,bus_fx,grp_foley,snp_foley,,40,0,82,82,250,1000,1750,allon,default,allon,default,3,2,priority,oldest,-170,170,60,95,0.25,1,3d,default,nonlooping,,1,0,25,100,80,0.1,yes,yes,none,0,,no,,,yes,no,no,0,0,yes,no,,0,,no,no,no
fly_step_mechz_sprint_wood,raw\sound\zmb\ai\mechz\step\anim_decepticon_lg_run_04.LN50.pc.snd.wav,fly_step_mechz_weight,loaded,bus_fx,grp_foley,snp_foley,,40,0,82,82,250,1000,1750,allon,default,allon,default,3,2,priority,oldest,-170,170,60,95,0.25,1,3d,default,nonlooping,,1,0,25,100,80,0.1,yes,yes,none,0,,no,,,yes,no,no,0,0,yes,no,,0,,no,no,no
fly_step_mechz_walk_asphalt,raw\sound\zmb\ai\mechz\step\anim_decepticon_lg_run_01.LN50.pc.snd.wav,fly_step_mechz_weight,loaded,bus_fx,grp_foley,snp_foley,,40,0,82,82,250,1000,1750,allon,default,allon,default,3,2,priority,oldest,-170,170,60,95,0.25,1,3d,default,nonlooping,,1,0,25,100,80,0.1,yes,yes,none,0,,no,,,yes,no,no,0,0,yes,no,,0,,no,no,no
fly_step_mechz_walk_asphalt,raw\sound\zmb\ai\mechz\step\anim_decepticon_lg_run_02.LN50.pc.snd.wav,fly_step_mechz_weight,loaded,bus_fx,grp_foley,snp_foley,,40,0,82,82,250,1000,1750,allon,default,allon,default,3,2,priority,oldest,-170,170,60,95,0.25,1,3d,default,nonlooping,,1,0,25,100,80,0.1,yes,yes,none,0,,no,,,yes,no,no,0,0,yes,no,,0,,no,no,no
fly_step_mechz_walk_asphalt,raw\sound\zmb\ai\mechz\step\anim_decepticon_lg_run_03.LN50.pc.snd.wav,fly_step_mechz_weight,loaded,bus_fx,grp_foley,snp_foley,,40,0,82,82,250,1000,1750,allon,default,allon,default,3,2,priority,oldest,-170,170,60,95,0.25,1,3d,default,nonlooping,,1,0,25,100,80,0.1,yes,yes,none,0,,no,,,yes,no,no,0,0,yes,no,,0,,no,no,no
fly_step_mechz_walk_asphalt,raw\sound\zmb\ai\mechz\step\anim_decepticon_lg_run_04.LN50.pc.snd.wav,fly_step_mechz_weight,loaded,bus_fx,grp_foley,snp_foley,,40,0,82,82,250,1000,1750,allon,default,allon,default,3,2,priority,oldest,-170,170,60,95,0.25,1,3d,default,nonlooping,,1,0,25,100,80,0.1,yes,yes,none,0,,no,,,yes,no,no,0,0,yes,no,,0,,no,no,no
fly_step_mechz_walk_bark,raw\sound\zmb\ai\mechz\step\anim_decepticon_lg_run_01.LN50.pc.snd.wav,fly_step_mechz_weight,loaded,bus_fx,grp_foley,snp_foley,,40,0,82,82,250,1000,1750,allon,default,allon,default,3,2,priority,oldest,-170,170,60,95,0.25,1,3d,default,nonlooping,,1,0,25,100,80,0.1,yes,yes,none,0,,no,,,yes,no,no,0,0,yes,no,,0,,no,no,no
fly_step_mechz_walk_bark,raw\sound\zmb\ai\mechz\step\anim_decepticon_lg_run_02.LN50.pc.snd.wav,fly_step_mechz_weight,loaded,bus_fx,grp_foley,snp_foley,,40,0,82,82,250,1000,1750,allon,default,allon,default,3,2,priority,oldest,-170,170,60,95,0.25,1,3d,default,nonlooping,,1,0,25,100,80,0.1,yes,yes,none,0,,no,,,yes,no,no,0,0,yes,no,,0,,no,no,no
fly_step_mechz_walk_bark,raw\sound\zmb\ai\mechz\step\anim_decepticon_lg_run_03.LN50.pc.snd.wav,fly_step_mechz_weight,loaded,bus_fx,grp_foley,snp_foley,,40,0,82,82,250,1000,1750,allon,default,allon,default,3,2,priority,oldest,-170,170,60,95,0.25,1,3d,default,nonlooping,,1,0,25,100,80,0.1,yes,yes,none,0,,no,,,yes,no,no,0,0,yes,no,,0,,no,no,no
fly_step_mechz_walk_bark,raw\sound\zmb\ai\mechz\step\anim_decepticon_lg_run_04.LN50.pc.snd.wav,fly_step_mechz_weight,loaded,bus_fx,grp_foley,snp_foley,,40,0,82,82,250,1000,1750,allon,default,allon,default,3,2,priority,oldest,-170,170,60,95,0.25,1,3d,default,nonlooping,,1,0,25,100,80,0.1,yes,yes,none,0,,no,,,yes,no,no,0,0,yes,no,,0,,no,no,no
fly_step_mechz_walk_brick,raw\sound\zmb\ai\mechz\step\anim_decepticon_lg_run_01.LN50.pc.snd.wav,fly_step_mechz_weight,loaded,bus_fx,grp_foley,snp_foley,,40,0,82,82,250,1000,1750,allon,default,allon,default,3,2,priority,oldest,-170,170,60,95,0.25,1,3d,default,nonlooping,,1,0,25,100,80,0.1,yes,yes,none,0,,no,,,yes,no,no,0,0,yes,no,,0,,no,no,no
fly_step_mechz_walk_brick,raw\sound\zmb\ai\mechz\step\anim_decepticon_lg_run_02.LN50.pc.snd.wav,fly_step_mechz_weight,loaded,bus_fx,grp_foley,snp_foley,,40,0,82,82,250,1000,1750,allon,default,allon,default,3,2,priority,oldest,-170,170,60,95,0.25,1,3d,default,nonlooping,,1,0,25,100,80,0.1,yes,yes,none,0,,no,,,yes,no,no,0,0,yes,no,,0,,no,no,no
fly_step_mechz_walk_brick,raw\sound\zmb\ai\mechz\step\anim_decepticon_lg_run_03.LN50.pc.snd.wav,fly_step_mechz_weight,loaded,bus_fx,grp_foley,snp_foley,,40,0,82,82,250,1000,1750,allon,default,allon,default,3,2,priority,oldest,-170,170,60,95,0.25,1,3d,default,nonlooping,,1,0,25,100,80,0.1,yes,yes,none,0,,no,,,yes,no,no,0,0,yes,no,,0,,no,no,no
fly_step_mechz_walk_brick,raw\sound\zmb\ai\mechz\step\anim_decepticon_lg_run_04.LN50.pc.snd.wav,fly_step_mechz_weight,loaded,bus_fx,grp_foley,snp_foley,,40,0,82,82,250,1000,1750,allon,default,allon,default,3,2,priority,oldest,-170,170,60,95,0.25,1,3d,default,nonlooping,,1,0,25,100,80,0.1,yes,yes,none,0,,no,,,yes,no,no,0,0,yes,no,,0,,no,no,no
fly_step_mechz_walk_carpet,raw\sound\zmb\ai\mechz\step\anim_decepticon_lg_run_01.LN50.pc.snd.wav,fly_step_mechz_weight,loaded,bus_fx,grp_foley,snp_foley,,40,0,82,82,250,1000,1750,allon,default,allon,default,3,2,oldest,oldest,-170,170,60,95,0.25,1,3d,default,nonlooping,,1,0,25,100,80,0.1,yes,yes,none,0,,no,,,yes,no,no,0,0,yes,no,,0,,no,no,no
fly_step_mechz_walk_carpet,raw\sound\zmb\ai\mechz\step\anim_decepticon_lg_run_02.LN50.pc.snd.wav,fly_step_mechz_weight,loaded,bus_fx,grp_foley,snp_foley,,40,0,82,82,250,1000,1750,allon,default,allon,default,3,2,oldest,oldest,-170,170,60,95,0.25,1,3d,default,nonlooping,,1,0,25,100,80,0.1,yes,yes,none,0,,no,,,yes,no,no,0,0,yes,no,,0,,no,no,no
fly_step_mechz_walk_carpet,raw\sound\zmb\ai\mechz\step\anim_decepticon_lg_run_03.LN50.pc.snd.wav,fly_step_mechz_weight,loaded,bus_fx,grp_foley,snp_foley,,40,0,82,82,250,1000,1750,allon,default,allon,default,3,2,oldest,oldest,-170,170,60,95,0.25,1,3d,default,nonlooping,,1,0,25,100,80,0.1,yes,yes,none,0,,no,,,yes,no,no,0,0,yes,no,,0,,no,no,no
fly_step_mechz_walk_carpet,raw\sound\zmb\ai\mechz\step\anim_decepticon_lg_run_04.LN50.pc.snd.wav,fly_step_mechz_weight,loaded,bus_fx,grp_foley,snp_foley,,40,0,82,82,250,1000,1750,allon,default,allon,default,3,2,oldest,oldest,-170,170,60,95,0.25,1,3d,default,nonlooping,,1,0,25,100,80,0.1,yes,yes,none,0,,no,,,yes,no,no,0,0,yes,no,,0,,no,no,no
fly_step_mechz_walk_ceramic,raw\sound\zmb\ai\mechz\step\anim_decepticon_lg_run_01.LN50.pc.snd.wav,fly_step_mechz_weight,loaded,bus_fx,grp_foley,snp_foley,,40,0,82,82,250,1000,1750,allon,default,allon,default,3,2,priority,oldest,-170,170,60,95,0.25,1,3d,default,nonlooping,,1,0,25,100,80,0.1,yes,yes,none,0,,no,,,yes,no,no,0,0,yes,no,,0,,no,no,no
fly_step_mechz_walk_ceramic,raw\sound\zmb\ai\mechz\step\anim_decepticon_lg_run_02.LN50.pc.snd.wav,fly_step_mechz_weight,loaded,bus_fx,grp_foley,snp_foley,,40,0,82,82,250,1000,1750,allon,default,allon,default,3,2,priority,oldest,-170,170,60,95,0.25,1,3d,default,nonlooping,,1,0,25,100,80,0.1,yes,yes,none,0,,no,,,yes,no,no,0,0,yes,no,,0,,no,no,no
fly_step_mechz_walk_ceramic,raw\sound\zmb\ai\mechz\step\anim_decepticon_lg_run_03.LN50.pc.snd.wav,fly_step_mechz_weight,loaded,bus_fx,grp_foley,snp_foley,,40,0,82,82,250,1000,1750,allon,default,allon,default,3,2,priority,oldest,-170,170,60,95,0.25,1,3d,default,nonlooping,,1,0,25,100,80,0.1,yes,yes,none,0,,no,,,yes,no,no,0,0,yes,no,,0,,no,no,no
fly_step_mechz_walk_ceramic,raw\sound\zmb\ai\mechz\step\anim_decepticon_lg_run_04.LN50.pc.snd.wav,fly_step_mechz_weight,loaded,bus_fx,grp_foley,snp_foley,,40,0,82,82,250,1000,1750,allon,default,allon,default,3,2,priority,oldest,-170,170,60,95,0.25,1,3d,default,nonlooping,,1,0,25,100,80,0.1,yes,yes,none,0,,no,,,yes,no,no,0,0,yes,no,,0,,no,no,no
fly_step_mechz_walk_cloth,raw\sound\zmb\ai\mechz\step\anim_decepticon_lg_run_01.LN50.pc.snd.wav,fly_step_mechz_weight,loaded,bus_fx,grp_foley,snp_foley,,40,0,82,82,250,1000,1750,allon,default,allon,default,3,2,priority,oldest,-170,170,60,95,0.25,1,3d,default,nonlooping,,1,0,25,100,80,0.1,yes,yes,none,0,,no,,,yes,no,no,0,0,yes,no,,0,,no,no,no
fly_step_mechz_walk_cloth,raw\sound\zmb\ai\mechz\step\anim_decepticon_lg_run_02.LN50.pc.snd.wav,fly_step_mechz_weight,loaded,bus_fx,grp_foley,snp_foley,,40,0,82,82,250,1000,1750,allon,default,allon,default,3,2,priority,oldest,-170,170,60,95,0.25,1,3d,default,nonlooping,,1,0,25,100,80,0.1,yes,yes,none,0,,no,,,yes,no,no,0,0,yes,no,,0,,no,no,no
fly_step_mechz_walk_cloth,raw\sound\zmb\ai\mechz\step\anim_decepticon_lg_run_03.LN50.pc.snd.wav,fly_step_mechz_weight,loaded,bus_fx,grp_foley,snp_foley,,40,0,82,82,250,1000,1750,allon,default,allon,default,3,2,priority,oldest,-170,170,60,95,0.25,1,3d,default,nonlooping,,1,0,25,100,80,0.1,yes,yes,none,0,,no,,,yes,no,no,0,0,yes,no,,0,,no,no,no
fly_step_mechz_walk_cloth,raw\sound\zmb\ai\mechz\step\anim_decepticon_lg_run_04.LN50.pc.snd.wav,fly_step_mechz_weight,loaded,bus_fx,grp_foley,snp_foley,,40,0,82,82,250,1000,1750,allon,default,allon,default,3,2,priority,oldest,-170,170,60,95,0.25,1,3d,default,nonlooping,,1,0,25,100,80,0.1,yes,yes,none,0,,no,,,yes,no,no,0,0,yes,no,,0,,no,no,no
fly_step_mechz_walk_concrete,raw\sound\zmb\ai\mechz\step\anim_decepticon_lg_run_01.LN50.pc.snd.wav,fly_step_mechz_weight,loaded,bus_fx,grp_foley,snp_foley,,40,0,82,82,250,1000,1750,allon,default,allon,default,3,2,priority,oldest,-170,170,60,95,0.25,1,3d,default,nonlooping,,1,0,25,100,80,0.1,yes,yes,none,0,,no,,,yes,no,no,0,0,yes,no,,0,,no,no,no
fly_step_mechz_walk_concrete,raw\sound\zmb\ai\mechz\step\anim_decepticon_lg_run_02.LN50.pc.snd.wav,fly_step_mechz_weight,loaded,bus_fx,grp_foley,snp_foley,,40,0,82,82,250,1000,1750,allon,default,allon,default,3,2,priority,oldest,-170,170,60,95,0.25,1,3d,default,nonlooping,,1,0,25,100,80,0.1,yes,yes,none,0,,no,,,yes,no,no,0,0,yes,no,,0,,no,no,no
fly_step_mechz_walk_concrete,raw\sound\zmb\ai\mechz\step\anim_decepticon_lg_run_03.LN50.pc.snd.wav,fly_step_mechz_weight,loaded,bus_fx,grp_foley,snp_foley,,40,0,82,82,250,1000,1750,allon,default,allon,default,3,2,priority,oldest,-170,170,60,95,0.25,1,3d,default,nonlooping,,1,0,25,100,80,0.1,yes,yes,none,0,,no,,,yes,no,no,0,0,yes,no,,0,,no,no,no
fly_step_mechz_walk_concrete,raw\sound\zmb\ai\mechz\step\anim_decepticon_lg_run_04.LN50.pc.snd.wav,fly_step_mechz_weight,loaded,bus_fx,grp_foley,snp_foley,,40,0,82,82,250,1000,1750,allon,default,allon,default,3,2,priority,oldest,-170,170,60,95,0.25,1,3d,default,nonlooping,,1,0,25,100,80,0.1,yes,yes,none,0,,no,,,yes,no,no,0,0,yes,no,,0,,no,no,no
fly_step_mechz_walk_cushion,raw\sound\zmb\ai\mechz\step\anim_decepticon_lg_run_01.LN50.pc.snd.wav,fly_step_mechz_weight,loaded,bus_fx,grp_foley,snp_foley,,40,0,82,82,250,1000,1750,allon,default,allon,default,3,2,priority,oldest,-170,170,60,95,0.25,1,3d,default,nonlooping,,1,0,25,100,80,0.1,yes,yes,none,0,,no,,,yes,no,no,0,0,yes,no,,0,,no,no,no
fly_step_mechz_walk_cushion,raw\sound\zmb\ai\mechz\step\anim_decepticon_lg_run_02.LN50.pc.snd.wav,fly_step_mechz_weight,loaded,bus_fx,grp_foley,snp_foley,,40,0,82,82,250,1000,1750,allon,default,allon,default,3,2,priority,oldest,-170,170,60,95,0.25,1,3d,default,nonlooping,,1,0,25,100,80,0.1,yes,yes,none,0,,no,,,yes,no,no,0,0,yes,no,,0,,no,no,no
fly_step_mechz_walk_cushion,raw\sound\zmb\ai\mechz\step\anim_decepticon_lg_run_03.LN50.pc.snd.wav,fly_step_mechz_weight,loaded,bus_fx,grp_foley,snp_foley,,40,0,82,82,250,1000,1750,allon,default,allon,default,3,2,priority,oldest,-170,170,60,95,0.25,1,3d,default,nonlooping,,1,0,25,100,80,0.1,yes,yes,none,0,,no,,,yes,no,no,0,0,yes,no,,0,,no,no,no
fly_step_mechz_walk_cushion,raw\sound\zmb\ai\mechz\step\anim_decepticon_lg_run_04.LN50.pc.snd.wav,fly_step_mechz_weight,loaded,bus_fx,grp_foley,snp_foley,,40,0,82,82,250,1000,1750,allon,default,allon,default,3,2,priority,oldest,-170,170,60,95,0.25,1,3d,default,nonlooping,,1,0,25,100,80,0.1,yes,yes,none,0,,no,,,yes,no,no,0,0,yes,no,,0,,no,no,no
fly_step_mechz_walk_default,raw\sound\zmb\ai\mechz\step\anim_decepticon_lg_run_01.LN50.pc.snd.wav,fly_step_mechz_weight,loaded,bus_fx,grp_foley,snp_foley,,40,0,82,82,250,1000,1750,allon,default,allon,default,3,2,priority,oldest,-170,170,60,95,0.25,1,3d,default,nonlooping,,1,0,25,100,80,0.1,yes,yes,none,0,,no,,,yes,no,no,0,0,yes,no,,0,,no,no,no
fly_step_mechz_walk_default,raw\sound\zmb\ai\mechz\step\anim_decepticon_lg_run_02.LN50.pc.snd.wav,fly_step_mechz_weight,loaded,bus_fx,grp_foley,snp_foley,,40,0,82,82,250,1000,1750,allon,default,allon,default,3,2,priority,oldest,-170,170,60,95,0.25,1,3d,default,nonlooping,,1,0,25,100,80,0.1,yes,yes,none,0,,no,,,yes,no,no,0,0,yes,no,,0,,no,no,no
fly_step_mechz_walk_default,raw\sound\zmb\ai\mechz\step\anim_decepticon_lg_run_03.LN50.pc.snd.wav,fly_step_mechz_weight,loaded,bus_fx,grp_foley,snp_foley,,40,0,82,82,250,1000,1750,allon,default,allon,default,3,2,priority,oldest,-170,170,60,95,0.25,1,3d,default,nonlooping,,1,0,25,100,80,0.1,yes,yes,none,0,,no,,,yes,no,no,0,0,yes,no,,0,,no,no,no
fly_step_mechz_walk_default,raw\sound\zmb\ai\mechz\step\anim_decepticon_lg_run_04.LN50.pc.snd.wav,fly_step_mechz_weight,loaded,bus_fx,grp_foley,snp_foley,,40,0,82,82,250,1000,1750,allon,default,allon,default,3,2,priority,oldest,-170,170,60,95,0.25,1,3d,default,nonlooping,,1,0,25,100,80,0.1,yes,yes,none,0,,no,,,yes,no,no,0,0,yes,no,,0,,no,no,no
fly_step_mechz_walk_dirt,raw\sound\zmb\ai\mechz\step\anim_decepticon_lg_run_01.LN50.pc.snd.wav,fly_step_mechz_weight,loaded,bus_fx,grp_foley,snp_foley,,40,0,82,82,250,1000,1750,allon,default,allon,default,3,2,priority,oldest,-170,170,60,95,0.25,1,3d,default,nonlooping,,1,0,25,100,80,0.1,yes,yes,none,0,,no,,,yes,no,no,0,0,yes,no,,0,,no,no,no
fly_step_mechz_walk_dirt,raw\sound\zmb\ai\mechz\step\anim_decepticon_lg_run_02.LN50.pc.snd.wav,fly_step_mechz_weight,loaded,bus_fx,grp_foley,snp_foley,,40,0,82,82,250,1000,1750,allon,default,allon,default,3,2,priority,oldest,-170,170,60,95,0.25,1,3d,default,nonlooping,,1,0,25,100,80,0.1,yes,yes,none,0,,no,,,yes,no,no,0,0,yes,no,,0,,no,no,no
fly_step_mechz_walk_dirt,raw\sound\zmb\ai\mechz\step\anim_decepticon_lg_run_03.LN50.pc.snd.wav,fly_step_mechz_weight,loaded,bus_fx,grp_foley,snp_foley,,40,0,82,82,250,1000,1750,allon,default,allon,default,3,2,priority,oldest,-170,170,60,95,0.25,1,3d,default,nonlooping,,1,0,25,100,80,0.1,yes,yes,none,0,,no,,,yes,no,no,0,0,yes,no,,0,,no,no,no
fly_step_mechz_walk_dirt,raw\sound\zmb\ai\mechz\step\anim_decepticon_lg_run_04.LN50.pc.snd.wav,fly_step_mechz_weight,loaded,bus_fx,grp_foley,snp_foley,,40,0,82,82,250,1000,1750,allon,default,allon,default,3,2,priority,oldest,-170,170,60,95,0.25,1,3d,default,nonlooping,,1,0,25,100,80,0.1,yes,yes,none,0,,no,,,yes,no,no,0,0,yes,no,,0,,no,no,no
fly_step_mechz_walk_flesh,raw\sound\zmb\ai\mechz\step\anim_decepticon_lg_run_01.LN50.pc.snd.wav,fly_step_mechz_weight,loaded,bus_fx,grp_foley,snp_foley,,40,0,82,82,250,1000,1750,allon,default,allon,default,3,2,priority,oldest,-170,170,60,95,0.25,1,3d,default,nonlooping,,1,0,25,100,80,0.1,yes,yes,none,0,,no,,,yes,no,no,0,0,yes,no,,0,,no,no,no
fly_step_mechz_walk_flesh,raw\sound\zmb\ai\mechz\step\anim_decepticon_lg_run_02.LN50.pc.snd.wav,fly_step_mechz_weight,loaded,bus_fx,grp_foley,snp_foley,,40,0,82,82,250,1000,1750,allon,default,allon,default,3,2,priority,oldest,-170,170,60,95,0.25,1,3d,default,nonlooping,,1,0,25,100,80,0.1,yes,yes,none,0,,no,,,yes,no,no,0,0,yes,no,,0,,no,no,no
fly_step_mechz_walk_flesh,raw\sound\zmb\ai\mechz\step\anim_decepticon_lg_run_03.LN50.pc.snd.wav,fly_step_mechz_weight,loaded,bus_fx,grp_foley,snp_foley,,40,0,82,82,250,1000,1750,allon,default,allon,default,3,2,priority,oldest,-170,170,60,95,0.25,1,3d,default,nonlooping,,1,0,25,100,80,0.1,yes,yes,none,0,,no,,,yes,no,no,0,0,yes,no,,0,,no,no,no
fly_step_mechz_walk_flesh,raw\sound\zmb\ai\mechz\step\anim_decepticon_lg_run_04.LN50.pc.snd.wav,fly_step_mechz_weight,loaded,bus_fx,grp_foley,snp_foley,,40,0,82,82,250,1000,1750,allon,default,allon,default,3,2,priority,oldest,-170,170,60,95,0.25,1,3d,default,nonlooping,,1,0,25,100,80,0.1,yes,yes,none,0,,no,,,yes,no,no,0,0,yes,no,,0,,no,no,no
fly_step_mechz_walk_foliage,raw\sound\zmb\ai\mechz\step\anim_decepticon_lg_run_01.LN50.pc.snd.wav,fly_step_mechz_weight,loaded,bus_fx,grp_foley,snp_foley,,40,0,82,82,250,1000,1750,allon,default,allon,default,3,2,priority,oldest,-170,170,60,95,0.25,1,3d,default,nonlooping,,1,0,25,100,80,0.1,yes,yes,none,0,,no,,,yes,no,no,0,0,yes,no,,0,,no,no,no
fly_step_mechz_walk_foliage,raw\sound\zmb\ai\mechz\step\anim_decepticon_lg_run_02.LN50.pc.snd.wav,fly_step_mechz_weight,loaded,bus_fx,grp_foley,snp_foley,,40,0,82,82,250,1000,1750,allon,default,allon,default,3,2,priority,oldest,-170,170,60,95,0.25,1,3d,default,nonlooping,,1,0,25,100,80,0.1,yes,yes,none,0,,no,,,yes,no,no,0,0,yes,no,,0,,no,no,no
fly_step_mechz_walk_foliage,raw\sound\zmb\ai\mechz\step\anim_decepticon_lg_run_03.LN50.pc.snd.wav,fly_step_mechz_weight,loaded,bus_fx,grp_foley,snp_foley,,40,0,82,82,250,1000,1750,allon,default,allon,default,3,2,priority,oldest,-170,170,60,95,0.25,1,3d,default,nonlooping,,1,0,25,100,80,0.1,yes,yes,none,0,,no,,,yes,no,no,0,0,yes,no,,0,,no,no,no
fly_step_mechz_walk_foliage,raw\sound\zmb\ai\mechz\step\anim_decepticon_lg_run_04.LN50.pc.snd.wav,fly_step_mechz_weight,loaded,bus_fx,grp_foley,snp_foley,,40,0,82,82,250,1000,1750,allon,default,allon,default,3,2,priority,oldest,-170,170,60,95,0.25,1,3d,default,nonlooping,,1,0,25,100,80,0.1,yes,yes,none,0,,no,,,yes,no,no,0,0,yes,no,,0,,no,no,no
fly_step_mechz_walk_fruit,raw\sound\zmb\ai\mechz\step\anim_decepticon_lg_run_01.LN50.pc.snd.wav,fly_step_mechz_weight,loaded,bus_fx,grp_foley,snp_foley,,40,0,82,82,250,1000,1750,allon,default,allon,default,3,2,priority,oldest,-170,170,60,95,0.25,1,3d,default,nonlooping,,1,0,25,100,80,0.1,yes,yes,none,0,,no,,,yes,no,no,0,0,yes,no,,0,,no,no,no
fly_step_mechz_walk_fruit,raw\sound\zmb\ai\mechz\step\anim_decepticon_lg_run_02.LN50.pc.snd.wav,fly_step_mechz_weight,loaded,bus_fx,grp_foley,snp_foley,,40,0,82,82,250,1000,1750,allon,default,allon,default,3,2,priority,oldest,-170,170,60,95,0.25,1,3d,default,nonlooping,,1,0,25,100,80,0.1,yes,yes,none,0,,no,,,yes,no,no,0,0,yes,no,,0,,no,no,no
fly_step_mechz_walk_fruit,raw\sound\zmb\ai\mechz\step\anim_decepticon_lg_run_03.LN50.pc.snd.wav,fly_step_mechz_weight,loaded,bus_fx,grp_foley,snp_foley,,40,0,82,82,250,1000,1750,allon,default,allon,default,3,2,priority,oldest,-170,170,60,95,0.25,1,3d,default,nonlooping,,1,0,25,100,80,0.1,yes,yes,none,0,,no,,,yes,no,no,0,0,yes,no,,0,,no,no,no
fly_step_mechz_walk_fruit,raw\sound\zmb\ai\mechz\step\anim_decepticon_lg_run_04.LN50.pc.snd.wav,fly_step_mechz_weight,loaded,bus_fx,grp_foley,snp_foley,,40,0,82,82,250,1000,1750,allon,default,allon,default,3,2,priority,oldest,-170,170,60,95,0.25,1,3d,default,nonlooping,,1,0,25,100,80,0.1,yes,yes,none,0,,no,,,yes,no,no,0,0,yes,no,,0,,no,no,no
fly_step_mechz_walk_glass,raw\sound\zmb\ai\mechz\step\anim_decepticon_lg_run_01.LN50.pc.snd.wav,fly_step_mechz_weight,loaded,bus_fx,grp_foley,snp_foley,,40,0,82,82,250,1000,1750,allon,default,allon,default,3,2,priority,oldest,-170,170,60,95,0.25,1,3d,default,nonlooping,,1,0,25,100,80,0.1,yes,yes,none,0,,no,,,yes,no,no,0,0,yes,no,,0,,no,no,no
fly_step_mechz_walk_glass,raw\sound\zmb\ai\mechz\step\anim_decepticon_lg_run_02.LN50.pc.snd.wav,fly_step_mechz_weight,loaded,bus_fx,grp_foley,snp_foley,,40,0,82,82,250,1000,1750,allon,default,allon,default,3,2,priority,oldest,-170,170,60,95,0.25,1,3d,default,nonlooping,,1,0,25,100,80,0.1,yes,yes,none,0,,no,,,yes,no,no,0,0,yes,no,,0,,no,no,no
fly_step_mechz_walk_glass,raw\sound\zmb\ai\mechz\step\anim_decepticon_lg_run_03.LN50.pc.snd.wav,fly_step_mechz_weight,loaded,bus_fx,grp_foley,snp_foley,,40,0,82,82,250,1000,1750,allon,default,allon,default,3,2,priority,oldest,-170,170,60,95,0.25,1,3d,default,nonlooping,,1,0,25,100,80,0.1,yes,yes,none,0,,no,,,yes,no,no,0,0,yes,no,,0,,no,no,no
fly_step_mechz_walk_glass,raw\sound\zmb\ai\mechz\step\anim_decepticon_lg_run_04.LN50.pc.snd.wav,fly_step_mechz_weight,loaded,bus_fx,grp_foley,snp_foley,,40,0,82,82,250,1000,1750,allon,default,allon,default,3,2,priority,oldest,-170,170,60,95,0.25,1,3d,default,nonlooping,,1,0,25,100,80,0.1,yes,yes,none,0,,no,,,yes,no,no,0,0,yes,no,,0,,no,no,no
fly_step_mechz_walk_grass,raw\sound\zmb\ai\mechz\step\anim_decepticon_lg_run_01.LN50.pc.snd.wav,fly_step_mechz_weight,loaded,bus_fx,grp_foley,snp_foley,,40,0,82,82,250,1000,1750,allon,default,allon,default,3,2,priority,oldest,-170,170,60,95,0.25,1,3d,default,nonlooping,,1,0,25,100,80,0.1,yes,yes,none,0,,no,,,yes,no,no,0,0,yes,no,,0,,no,no,no
fly_step_mechz_walk_grass,raw\sound\zmb\ai\mechz\step\anim_decepticon_lg_run_02.LN50.pc.snd.wav,fly_step_mechz_weight,loaded,bus_fx,grp_foley,snp_foley,,40,0,82,82,250,1000,1750,allon,default,allon,default,3,2,priority,oldest,-170,170,60,95,0.25,1,3d,default,nonlooping,,1,0,25,100,80,0.1,yes,yes,none,0,,no,,,yes,no,no,0,0,yes,no,,0,,no,no,no
fly_step_mechz_walk_grass,raw\sound\zmb\ai\mechz\step\anim_decepticon_lg_run_03.LN50.pc.snd.wav,fly_step_mechz_weight,loaded,bus_fx,grp_foley,snp_foley,,40,0,82,82,250,1000,1750,allon,default,allon,default,3,2,priority,oldest,-170,170,60,95,0.25,1,3d,default,nonlooping,,1,0,25,100,80,0.1,yes,yes,none,0,,no,,,yes,no,no,0,0,yes,no,,0,,no,no,no
fly_step_mechz_walk_grass,raw\sound\zmb\ai\mechz\step\anim_decepticon_lg_run_04.LN50.pc.snd.wav,fly_step_mechz_weight,loaded,bus_fx,grp_foley,snp_foley,,40,0,82,82,250,1000,1750,allon,default,allon,default,3,2,priority,oldest,-170,170,60,95,0.25,1,3d,default,nonlooping,,1,0,25,100,80,0.1,yes,yes,none,0,,no,,,yes,no,no,0,0,yes,no,,0,,no,no,no
fly_step_mechz_walk_gravel,raw\sound\zmb\ai\mechz\step\anim_decepticon_lg_run_01.LN50.pc.snd.wav,fly_step_mechz_weight,loaded,bus_fx,grp_foley,snp_foley,,40,0,82,82,250,1000,1750,allon,default,allon,default,3,2,priority,oldest,-170,170,60,95,0.25,1,3d,default,nonlooping,,1,0,25,100,80,0.1,yes,yes,none,0,,no,,,yes,no,no,0,0,yes,no,,0,,no,no,no
fly_step_mechz_walk_gravel,raw\sound\zmb\ai\mechz\step\anim_decepticon_lg_run_02.LN50.pc.snd.wav,fly_step_mechz_weight,loaded,bus_fx,grp_foley,snp_foley,,40,0,82,82,250,1000,1750,allon,default,allon,default,3,2,priority,oldest,-170,170,60,95,0.25,1,3d,default,nonlooping,,1,0,25,100,80,0.1,yes,yes,none,0,,no,,,yes,no,no,0,0,yes,no,,0,,no,no,no
fly_step_mechz_walk_gravel,raw\sound\zmb\ai\mechz\step\anim_decepticon_lg_run_03.LN50.pc.snd.wav,fly_step_mechz_weight,loaded,bus_fx,grp_foley,snp_foley,,40,0,82,82,250,1000,1750,allon,default,allon,default,3,2,priority,oldest,-170,170,60,95,0.25,1,3d,default,nonlooping,,1,0,25,100,80,0.1,yes,yes,none,0,,no,,,yes,no,no,0,0,yes,no,,0,,no,no,no
fly_step_mechz_walk_gravel,raw\sound\zmb\ai\mechz\step\anim_decepticon_lg_run_04.LN50.pc.snd.wav,fly_step_mechz_weight,loaded,bus_fx,grp_foley,snp_foley,,40,0,82,82,250,1000,1750,allon,default,allon,default,3,2,priority,oldest,-170,170,60,95,0.25,1,3d,default,nonlooping,,1,0,25,100,80,0.1,yes,yes,none,0,,no,,,yes,no,no,0,0,yes,no,,0,,no,no,no
fly_step_mechz_walk_ice,raw\sound\zmb\ai\mechz\step\anim_decepticon_lg_run_01.LN50.pc.snd.wav,fly_step_mechz_weight,loaded,bus_fx,grp_foley,snp_foley,,40,0,82,82,250,1000,1750,allon,default,allon,default,3,2,priority,oldest,-170,170,60,95,0.25,1,3d,default,nonlooping,,1,0,25,100,80,0.1,yes,yes,none,0,,no,,,yes,no,no,0,0,yes,no,,0,,no,no,no
fly_step_mechz_walk_ice,raw\sound\zmb\ai\mechz\step\anim_decepticon_lg_run_02.LN50.pc.snd.wav,fly_step_mechz_weight,loaded,bus_fx,grp_foley,snp_foley,,40,0,82,82,250,1000,1750,allon,default,allon,default,3,2,priority,oldest,-170,170,60,95,0.25,1,3d,default,nonlooping,,1,0,25,100,80,0.1,yes,yes,none,0,,no,,,yes,no,no,0,0,yes,no,,0,,no,no,no
fly_step_mechz_walk_ice,raw\sound\zmb\ai\mechz\step\anim_decepticon_lg_run_03.LN50.pc.snd.wav,fly_step_mechz_weight,loaded,bus_fx,grp_foley,snp_foley,,40,0,82,82,250,1000,1750,allon,default,allon,default,3,2,priority,oldest,-170,170,60,95,0.25,1,3d,default,nonlooping,,1,0,25,100,80,0.1,yes,yes,none,0,,no,,,yes,no,no,0,0,yes,no,,0,,no,no,no
fly_step_mechz_walk_ice,raw\sound\zmb\ai\mechz\step\anim_decepticon_lg_run_04.LN50.pc.snd.wav,fly_step_mechz_weight,loaded,bus_fx,grp_foley,snp_foley,,40,0,82,82,250,1000,1750,allon,default,allon,default,3,2,priority,oldest,-170,170,60,95,0.25,1,3d,default,nonlooping,,1,0,25,100,80,0.1,yes,yes,none,0,,no,,,yes,no,no,0,0,yes,no,,0,,no,no,no
fly_step_mechz_walk_metal,raw\sound\zmb\ai\mechz\step\anim_decepticon_lg_run_01.LN50.pc.snd.wav,fly_step_mechz_weight,loaded,bus_fx,grp_foley,snp_foley,,40,0,82,82,250,1000,1750,allon,default,allon,default,3,2,priority,oldest,-170,170,60,95,0.25,1,3d,default,nonlooping,,1,0,25,100,80,0.1,yes,yes,none,0,,no,,,yes,no,no,0,0,yes,no,,0,,no,no,no
fly_step_mechz_walk_metal,raw\sound\zmb\ai\mechz\step\anim_decepticon_lg_run_02.LN50.pc.snd.wav,fly_step_mechz_weight,loaded,bus_fx,grp_foley,snp_foley,,40,0,82,82,250,1000,1750,allon,default,allon,default,3,2,priority,oldest,-170,170,60,95,0.25,1,3d,default,nonlooping,,1,0,25,100,80,0.1,yes,yes,none,0,,no,,,yes,no,no,0,0,yes,no,,0,,no,no,no
fly_step_mechz_walk_metal,raw\sound\zmb\ai\mechz\step\anim_decepticon_lg_run_03.LN50.pc.snd.wav,fly_step_mechz_weight,loaded,bus_fx,grp_foley,snp_foley,,40,0,82,82,250,1000,1750,allon,default,allon,default,3,2,priority,oldest,-170,170,60,95,0.25,1,3d,default,nonlooping,,1,0,25,100,80,0.1,yes,yes,none,0,,no,,,yes,no,no,0,0,yes,no,,0,,no,no,no
fly_step_mechz_walk_metal,raw\sound\zmb\ai\mechz\step\anim_decepticon_lg_run_04.LN50.pc.snd.wav,fly_step_mechz_weight,loaded,bus_fx,grp_foley,snp_foley,,40,0,82,82,250,1000,1750,allon,default,allon,default,3,2,priority,oldest,-170,170,60,95,0.25,1,3d,default,nonlooping,,1,0,25,100,80,0.1,yes,yes,none,0,,no,,,yes,no,no,0,0,yes,no,,0,,no,no,no
fly_step_mechz_walk_mud,raw\sound\zmb\ai\mechz\step\anim_decepticon_lg_run_01.LN50.pc.snd.wav,fly_step_mechz_water,loaded,bus_fx,grp_foley,snp_foley,,40,0,82,82,250,1000,1750,allon,default,allon,default,3,2,priority,oldest,-170,170,60,95,0.25,1,3d,default,nonlooping,,1,0,25,100,80,0.1,yes,yes,none,0,,no,,,yes,no,no,0,0,yes,no,,0,,no,no,no
fly_step_mechz_walk_mud,raw\sound\zmb\ai\mechz\step\anim_decepticon_lg_run_02.LN50.pc.snd.wav,fly_step_mechz_water,loaded,bus_fx,grp_foley,snp_foley,,40,0,82,82,250,1000,1750,allon,default,allon,default,3,2,priority,oldest,-170,170,60,95,0.25,1,3d,default,nonlooping,,1,0,25,100,80,0.1,yes,yes,none,0,,no,,,yes,no,no,0,0,yes,no,,0,,no,no,no
fly_step_mechz_walk_mud,raw\sound\zmb\ai\mechz\step\anim_decepticon_lg_run_03.LN50.pc.snd.wav,fly_step_mechz_water,loaded,bus_fx,grp_foley,snp_foley,,40,0,82,82,250,1000,1750,allon,default,allon,default,3,2,priority,oldest,-170,170,60,95,0.25,1,3d,default,nonlooping,,1,0,25,100,80,0.1,yes,yes,none,0,,no,,,yes,no,no,0,0,yes,no,,0,,no,no,no
fly_step_mechz_walk_mud,raw\sound\zmb\ai\mechz\step\anim_decepticon_lg_run_04.LN50.pc.snd.wav,fly_step_mechz_water,loaded,bus_fx,grp_foley,snp_foley,,40,0,82,82,250,1000,1750,allon,default,allon,default,3,2,priority,oldest,-170,170,60,95,0.25,1,3d,default,nonlooping,,1,0,25,100,80,0.1,yes,yes,none,0,,no,,,yes,no,no,0,0,yes,no,,0,,no,no,no
fly_step_mechz_walk_paintedmetal,raw\sound\zmb\ai\mechz\step\anim_decepticon_lg_run_01.LN50.pc.snd.wav,fly_step_mechz_weight,loaded,bus_fx,grp_foley,snp_foley,,40,0,82,82,250,1000,1750,allon,default,allon,default,3,2,priority,oldest,-170,170,60,95,0.25,1,3d,default,nonlooping,,1,0,25,100,80,0.1,yes,yes,none,0,,no,,,yes,no,no,0,0,yes,no,,0,,no,no,no
fly_step_mechz_walk_paintedmetal,raw\sound\zmb\ai\mechz\step\anim_decepticon_lg_run_02.LN50.pc.snd.wav,fly_step_mechz_weight,loaded,bus_fx,grp_foley,snp_foley,,40,0,82,82,250,1000,1750,allon,default,allon,default,3,2,priority,oldest,-170,170,60,95,0.25,1,3d,default,nonlooping,,1,0,25,100,80,0.1,yes,yes,none,0,,no,,,yes,no,no,0,0,yes,no,,0,,no,no,no
fly_step_mechz_walk_paintedmetal,raw\sound\zmb\ai\mechz\step\anim_decepticon_lg_run_03.LN50.pc.snd.wav,fly_step_mechz_weight,loaded,bus_fx,grp_foley,snp_foley,,40,0,82,82,250,1000,1750,allon,default,allon,default,3,2,priority,oldest,-170,170,60,95,0.25,1,3d,default,nonlooping,,1,0,25,100,80,0.1,yes,yes,none,0,,no,,,yes,no,no,0,0,yes,no,,0,,no,no,no
fly_step_mechz_walk_paintedmetal,raw\sound\zmb\ai\mechz\step\anim_decepticon_lg_run_04.LN50.pc.snd.wav,fly_step_mechz_weight,loaded,bus_fx,grp_foley,snp_foley,,40,0,82,82,250,1000,1750,allon,default,allon,default,3,2,priority,oldest,-170,170,60,95,0.25,1,3d,default,nonlooping,,1,0,25,100,80,0.1,yes,yes,none,0,,no,,,yes,no,no,0,0,yes,no,,0,,no,no,no
fly_step_mechz_walk_paper,raw\sound\zmb\ai\mechz\step\anim_decepticon_lg_run_01.LN50.pc.snd.wav,fly_step_mechz_weight,loaded,bus_fx,grp_foley,snp_foley,,40,0,82,82,250,1000,1750,allon,default,allon,default,3,2,priority,oldest,-170,170,60,95,0.25,1,3d,default,nonlooping,,1,0,25,100,80,0.1,yes,yes,none,0,,no,,,yes,no,no,0,0,yes,no,,0,,no,no,no
fly_step_mechz_walk_paper,raw\sound\zmb\ai\mechz\step\anim_decepticon_lg_run_02.LN50.pc.snd.wav,fly_step_mechz_weight,loaded,bus_fx,grp_foley,snp_foley,,40,0,82,82,250,1000,1750,allon,default,allon,default,3,2,priority,oldest,-170,170,60,95,0.25,1,3d,default,nonlooping,,1,0,25,100,80,0.1,yes,yes,none,0,,no,,,yes,no,no,0,0,yes,no,,0,,no,no,no
fly_step_mechz_walk_paper,raw\sound\zmb\ai\mechz\step\anim_decepticon_lg_run_03.LN50.pc.snd.wav,fly_step_mechz_weight,loaded,bus_fx,grp_foley,snp_foley,,40,0,82,82,250,1000,1750,allon,default,allon,default,3,2,priority,oldest,-170,170,60,95,0.25,1,3d,default,nonlooping,,1,0,25,100,80,0.1,yes,yes,none,0,,no,,,yes,no,no,0,0,yes,no,,0,,no,no,no
fly_step_mechz_walk_paper,raw\sound\zmb\ai\mechz\step\anim_decepticon_lg_run_04.LN50.pc.snd.wav,fly_step_mechz_weight,loaded,bus_fx,grp_foley,snp_foley,,40,0,82,82,250,1000,1750,allon,default,allon,default,3,2,priority,oldest,-170,170,60,95,0.25,1,3d,default,nonlooping,,1,0,25,100,80,0.1,yes,yes,none,0,,no,,,yes,no,no,0,0,yes,no,,0,,no,no,no
fly_step_mechz_walk_plaster,raw\sound\zmb\ai\mechz\step\anim_decepticon_lg_run_01.LN50.pc.snd.wav,fly_step_mechz_weight,loaded,bus_fx,grp_foley,snp_foley,,40,0,82,82,250,1000,1750,allon,default,allon,default,3,2,priority,oldest,-170,170,60,95,0.25,1,3d,default,nonlooping,,1,0,25,100,80,0.1,yes,yes,none,0,,no,,,yes,no,no,0,0,yes,no,,0,,no,no,no
fly_step_mechz_walk_plaster,raw\sound\zmb\ai\mechz\step\anim_decepticon_lg_run_02.LN50.pc.snd.wav,fly_step_mechz_weight,loaded,bus_fx,grp_foley,snp_foley,,40,0,82,82,250,1000,1750,allon,default,allon,default,3,2,priority,oldest,-170,170,60,95,0.25,1,3d,default,nonlooping,,1,0,25,100,80,0.1,yes,yes,none,0,,no,,,yes,no,no,0,0,yes,no,,0,,no,no,no
fly_step_mechz_walk_plaster,raw\sound\zmb\ai\mechz\step\anim_decepticon_lg_run_03.LN50.pc.snd.wav,fly_step_mechz_weight,loaded,bus_fx,grp_foley,snp_foley,,40,0,82,82,250,1000,1750,allon,default,allon,default,3,2,priority,oldest,-170,170,60,95,0.25,1,3d,default,nonlooping,,1,0,25,100,80,0.1,yes,yes,none,0,,no,,,yes,no,no,0,0,yes,no,,0,,no,no,no
fly_step_mechz_walk_plaster,raw\sound\zmb\ai\mechz\step\anim_decepticon_lg_run_04.LN50.pc.snd.wav,fly_step_mechz_weight,loaded,bus_fx,grp_foley,snp_foley,,40,0,82,82,250,1000,1750,allon,default,allon,default,3,2,priority,oldest,-170,170,60,95,0.25,1,3d,default,nonlooping,,1,0,25,100,80,0.1,yes,yes,none,0,,no,,,yes,no,no,0,0,yes,no,,0,,no,no,no
fly_step_mechz_walk_plastic,raw\sound\zmb\ai\mechz\step\anim_decepticon_lg_run_01.LN50.pc.snd.wav,fly_step_mechz_weight,loaded,bus_fx,grp_foley,snp_foley,,40,0,82,82,250,1000,1750,allon,default,allon,default,3,2,priority,oldest,-170,170,60,95,0.25,1,3d,default,nonlooping,,1,0,25,100,80,0.1,yes,yes,none,0,,no,,,yes,no,no,0,0,yes,no,,0,,no,no,no
fly_step_mechz_walk_plastic,raw\sound\zmb\ai\mechz\step\anim_decepticon_lg_run_02.LN50.pc.snd.wav,fly_step_mechz_weight,loaded,bus_fx,grp_foley,snp_foley,,40,0,82,82,250,1000,1750,allon,default,allon,default,3,2,priority,oldest,-170,170,60,95,0.25,1,3d,default,nonlooping,,1,0,25,100,80,0.1,yes,yes,none,0,,no,,,yes,no,no,0,0,yes,no,,0,,no,no,no
fly_step_mechz_walk_plastic,raw\sound\zmb\ai\mechz\step\anim_decepticon_lg_run_03.LN50.pc.snd.wav,fly_step_mechz_weight,loaded,bus_fx,grp_foley,snp_foley,,40,0,82,82,250,1000,1750,allon,default,allon,default,3,2,priority,oldest,-170,170,60,95,0.25,1,3d,default,nonlooping,,1,0,25,100,80,0.1,yes,yes,none,0,,no,,,yes,no,no,0,0,yes,no,,0,,no,no,no
fly_step_mechz_walk_plastic,raw\sound\zmb\ai\mechz\step\anim_decepticon_lg_run_04.LN50.pc.snd.wav,fly_step_mechz_weight,loaded,bus_fx,grp_foley,snp_foley,,40,0,82,82,250,1000,1750,allon,default,allon,default,3,2,priority,oldest,-170,170,60,95,0.25,1,3d,default,nonlooping,,1,0,25,100,80,0.1,yes,yes,none,0,,no,,,yes,no,no,0,0,yes,no,,0,,no,no,no
fly_step_mechz_walk_rock,raw\sound\zmb\ai\mechz\step\anim_decepticon_lg_run_01.LN50.pc.snd.wav,fly_step_mechz_weight,loaded,bus_fx,grp_foley,snp_foley,,40,0,82,82,250,1000,1750,allon,default,allon,default,3,2,priority,oldest,-170,170,60,95,0.25,1,3d,default,nonlooping,,1,0,25,100,80,0.1,yes,yes,none,0,,no,,,yes,no,no,0,0,yes,no,,0,,no,no,no
fly_step_mechz_walk_rock,raw\sound\zmb\ai\mechz\step\anim_decepticon_lg_run_02.LN50.pc.snd.wav,fly_step_mechz_weight,loaded,bus_fx,grp_foley,snp_foley,,40,0,82,82,250,1000,1750,allon,default,allon,default,3,2,priority,oldest,-170,170,60,95,0.25,1,3d,default,nonlooping,,1,0,25,100,80,0.1,yes,yes,none,0,,no,,,yes,no,no,0,0,yes,no,,0,,no,no,no
fly_step_mechz_walk_rock,raw\sound\zmb\ai\mechz\step\anim_decepticon_lg_run_03.LN50.pc.snd.wav,fly_step_mechz_weight,loaded,bus_fx,grp_foley,snp_foley,,40,0,82,82,250,1000,1750,allon,default,allon,default,3,2,priority,oldest,-170,170,60,95,0.25,1,3d,default,nonlooping,,1,0,25,100,80,0.1,yes,yes,none,0,,no,,,yes,no,no,0,0,yes,no,,0,,no,no,no
fly_step_mechz_walk_rock,raw\sound\zmb\ai\mechz\step\anim_decepticon_lg_run_04.LN50.pc.snd.wav,fly_step_mechz_weight,loaded,bus_fx,grp_foley,snp_foley,,40,0,82,82,250,1000,1750,allon,default,allon,default,3,2,priority,oldest,-170,170,60,95,0.25,1,3d,default,nonlooping,,1,0,25,100,80,0.1,yes,yes,none,0,,no,,,yes,no,no,0,0,yes,no,,0,,no,no,no
fly_step_mechz_walk_rubber,raw\sound\zmb\ai\mechz\step\anim_decepticon_lg_run_01.LN50.pc.snd.wav,fly_step_mechz_weight,loaded,bus_fx,grp_foley,snp_foley,,40,0,82,82,250,1000,1750,allon,default,allon,default,3,2,priority,oldest,-170,170,60,95,0.25,1,3d,default,nonlooping,,1,0,25,100,80,0.1,yes,yes,none,0,,no,,,yes,no,no,0,0,yes,no,,0,,no,no,no
fly_step_mechz_walk_rubber,raw\sound\zmb\ai\mechz\step\anim_decepticon_lg_run_02.LN50.pc.snd.wav,fly_step_mechz_weight,loaded,bus_fx,grp_foley,snp_foley,,40,0,82,82,250,1000,1750,allon,default,allon,default,3,2,priority,oldest,-170,170,60,95,0.25,1,3d,default,nonlooping,,1,0,25,100,80,0.1,yes,yes,none,0,,no,,,yes,no,no,0,0,yes,no,,0,,no,no,no
fly_step_mechz_walk_rubber,raw\sound\zmb\ai\mechz\step\anim_decepticon_lg_run_03.LN50.pc.snd.wav,fly_step_mechz_weight,loaded,bus_fx,grp_foley,snp_foley,,40,0,82,82,250,1000,1750,allon,default,allon,default,3,2,priority,oldest,-170,170,60,95,0.25,1,3d,default,nonlooping,,1,0,25,100,80,0.1,yes,yes,none,0,,no,,,yes,no,no,0,0,yes,no,,0,,no,no,no
fly_step_mechz_walk_rubber,raw\sound\zmb\ai\mechz\step\anim_decepticon_lg_run_04.LN50.pc.snd.wav,fly_step_mechz_weight,loaded,bus_fx,grp_foley,snp_foley,,40,0,82,82,250,1000,1750,allon,default,allon,default,3,2,priority,oldest,-170,170,60,95,0.25,1,3d,default,nonlooping,,1,0,25,100,80,0.1,yes,yes,none,0,,no,,,yes,no,no,0,0,yes,no,,0,,no,no,no
fly_step_mechz_walk_sand,raw\sound\zmb\ai\mechz\step\anim_decepticon_lg_run_01.LN50.pc.snd.wav,fly_step_mechz_weight,loaded,bus_fx,grp_foley,snp_foley,,40,0,82,82,250,1000,1750,allon,default,allon,default,3,2,priority,oldest,-170,170,60,95,0.25,1,3d,default,nonlooping,,1,0,25,100,80,0.1,yes,yes,none,0,,no,,,yes,no,no,0,0,yes,no,,0,,no,no,no
fly_step_mechz_walk_sand,raw\sound\zmb\ai\mechz\step\anim_decepticon_lg_run_02.LN50.pc.snd.wav,fly_step_mechz_weight,loaded,bus_fx,grp_foley,snp_foley,,40,0,82,82,250,1000,1750,allon,default,allon,default,3,2,priority,oldest,-170,170,60,95,0.25,1,3d,default,nonlooping,,1,0,25,100,80,0.1,yes,yes,none,0,,no,,,yes,no,no,0,0,yes,no,,0,,no,no,no
fly_step_mechz_walk_sand,raw\sound\zmb\ai\mechz\step\anim_decepticon_lg_run_03.LN50.pc.snd.wav,fly_step_mechz_weight,loaded,bus_fx,grp_foley,snp_foley,,40,0,82,82,250,1000,1750,allon,default,allon,default,3,2,priority,oldest,-170,170,60,95,0.25,1,3d,default,nonlooping,,1,0,25,100,80,0.1,yes,yes,none,0,,no,,,yes,no,no,0,0,yes,no,,0,,no,no,no
fly_step_mechz_walk_sand,raw\sound\zmb\ai\mechz\step\anim_decepticon_lg_run_04.LN50.pc.snd.wav,fly_step_mechz_weight,loaded,bus_fx,grp_foley,snp_foley,,40,0,82,82,250,1000,1750,allon,default,allon,default,3,2,priority,oldest,-170,170,60,95,0.25,1,3d,default,nonlooping,,1,0,25,100,80,0.1,yes,yes,none,0,,no,,,yes,no,no,0,0,yes,no,,0,,no,no,no
fly_step_mechz_walk_snow,raw\sound\zmb\ai\mechz\step\anim_decepticon_lg_run_01.LN50.pc.snd.wav,fly_step_mechz_weight,loaded,bus_fx,grp_foley,snp_foley,,40,0,82,82,250,1000,1750,allon,default,allon,default,3,2,priority,oldest,-170,170,60,95,0.25,1,3d,default,nonlooping,,1,0,25,100,80,0.1,yes,yes,none,0,,no,,,yes,no,no,0,0,yes,no,,0,,no,no,no
fly_step_mechz_walk_snow,raw\sound\zmb\ai\mechz\step\anim_decepticon_lg_run_02.LN50.pc.snd.wav,fly_step_mechz_weight,loaded,bus_fx,grp_foley,snp_foley,,40,0,82,82,250,1000,1750,allon,default,allon,default,3,2,priority,oldest,-170,170,60,95,0.25,1,3d,default,nonlooping,,1,0,25,100,80,0.1,yes,yes,none,0,,no,,,yes,no,no,0,0,yes,no,,0,,no,no,no
fly_step_mechz_walk_snow,raw\sound\zmb\ai\mechz\step\anim_decepticon_lg_run_03.LN50.pc.snd.wav,fly_step_mechz_weight,loaded,bus_fx,grp_foley,snp_foley,,40,0,82,82,250,1000,1750,allon,default,allon,default,3,2,priority,oldest,-170,170,60,95,0.25,1,3d,default,nonlooping,,1,0,25,100,80,0.1,yes,yes,none,0,,no,,,yes,no,no,0,0,yes,no,,0,,no,no,no
fly_step_mechz_walk_snow,raw\sound\zmb\ai\mechz\step\anim_decepticon_lg_run_04.LN50.pc.snd.wav,fly_step_mechz_weight,loaded,bus_fx,grp_foley,snp_foley,,40,0,82,82,250,1000,1750,allon,default,allon,default,3,2,priority,oldest,-170,170,60,95,0.25,1,3d,default,nonlooping,,1,0,25,100,80,0.1,yes,yes,none,0,,no,,,yes,no,no,0,0,yes,no,,0,,no,no,no
fly_step_mechz_walk_water,raw\sound\zmb\ai\mechz\step\anim_decepticon_lg_run_01.LN50.pc.snd.wav,fly_step_mechz_water,loaded,bus_fx,grp_foley,snp_foley,,40,0,82,82,250,1000,1750,allon,default,allon,default,3,2,oldest,oldest,-170,170,60,95,0.25,1,3d,default,nonlooping,,1,0,25,100,80,0.1,yes,yes,none,0,,no,,,yes,no,no,0,0,yes,no,,0,,no,no,no
fly_step_mechz_walk_water,raw\sound\zmb\ai\mechz\step\anim_decepticon_lg_run_02.LN50.pc.snd.wav,fly_step_mechz_water,loaded,bus_fx,grp_foley,snp_foley,,40,0,82,82,250,1000,1750,allon,default,allon,default,3,2,oldest,oldest,-170,170,60,95,0.25,1,3d,default,nonlooping,,1,0,25,100,80,0.1,yes,yes,none,0,,no,,,yes,no,no,0,0,yes,no,,0,,no,no,no
fly_step_mechz_walk_water,raw\sound\zmb\ai\mechz\step\anim_decepticon_lg_run_03.LN50.pc.snd.wav,fly_step_mechz_water,loaded,bus_fx,grp_foley,snp_foley,,40,0,82,82,250,1000,1750,allon,default,allon,default,3,2,oldest,oldest,-170,170,60,95,0.25,1,3d,default,nonlooping,,1,0,25,100,80,0.1,yes,yes,none,0,,no,,,yes,no,no,0,0,yes,no,,0,,no,no,no
fly_step_mechz_walk_water,raw\sound\zmb\ai\mechz\step\anim_decepticon_lg_run_04.LN50.pc.snd.wav,fly_step_mechz_water,loaded,bus_fx,grp_foley,snp_foley,,40,0,82,82,250,1000,1750,allon,default,allon,default,3,2,oldest,oldest,-170,170,60,95,0.25,1,3d,default,nonlooping,,1,0,25,100,80,0.1,yes,yes,none,0,,no,,,yes,no,no,0,0,yes,no,,0,,no,no,no
fly_step_mechz_walk_wood,raw\sound\zmb\ai\mechz\step\anim_decepticon_lg_run_01.LN50.pc.snd.wav,fly_step_mechz_weight,loaded,bus_fx,grp_foley,snp_foley,,40,0,82,82,250,1000,1750,allon,default,allon,default,3,2,priority,oldest,-170,170,60,95,0.25,1,3d,default,nonlooping,,1,0,25,100,80,0.1,yes,yes,none,0,,no,,,yes,no,no,0,0,yes,no,,0,,no,no,no
fly_step_mechz_walk_wood,raw\sound\zmb\ai\mechz\step\anim_decepticon_lg_run_02.LN50.pc.snd.wav,fly_step_mechz_weight,loaded,bus_fx,grp_foley,snp_foley,,40,0,82,82,250,1000,1750,allon,default,allon,default,3,2,priority,oldest,-170,170,60,95,0.25,1,3d,default,nonlooping,,1,0,25,100,80,0.1,yes,yes,none,0,,no,,,yes,no,no,0,0,yes,no,,0,,no,no,no
fly_step_mechz_walk_wood,raw\sound\zmb\ai\mechz\step\anim_decepticon_lg_run_03.LN50.pc.snd.wav,fly_step_mechz_weight,loaded,bus_fx,grp_foley,snp_foley,,40,0,82,82,250,1000,1750,allon,default,allon,default,3,2,priority,oldest,-170,170,60,95,0.25,1,3d,default,nonlooping,,1,0,25,100,80,0.1,yes,yes,none,0,,no,,,yes,no,no,0,0,yes,no,,0,,no,no,no
fly_step_mechz_walk_wood,raw\sound\zmb\ai\mechz\step\anim_decepticon_lg_run_04.LN50.pc.snd.wav,fly_step_mechz_weight,loaded,bus_fx,grp_foley,snp_foley,,40,0,82,82,250,1000,1750,allon,default,allon,default,3,2,priority,oldest,-170,170,60,95,0.25,1,3d,default,nonlooping,,1,0,25,100,80,0.1,yes,yes,none,0,,no,,,yes,no,no,0,0,yes,no,,0,,no,no,no
fly_step_mechz_water,raw\sound\zmb\ai\mechz\step_water\imp_step_water_01.LN50.pc.snd.wav,fly_step_mechz_weight,loaded,bus_fx,grp_foley,snp_foley,,40,0,73,73,250,875,1250,allon,default,allon,default,3,2,oldest,oldest,-170,170,50,95,0.25,1,3d,default,nonlooping,,1,0,25,100,80,0.1,yes,yes,none,0,,no,,,yes,no,no,0,0,yes,no,,0,,no,no,no
fly_step_mechz_water,raw\sound\zmb\ai\mechz\step_water\imp_step_water_02.LN50.pc.snd.wav,fly_step_mechz_weight,loaded,bus_fx,grp_foley,snp_foley,,40,0,73,73,250,875,1250,allon,default,allon,default,3,2,oldest,oldest,-170,170,50,95,0.25,1,3d,default,nonlooping,,1,0,25,100,80,0.1,yes,yes,none,0,,no,,,yes,no,no,0,0,yes,no,,0,,no,no,no
fly_step_mechz_weight,raw\sound\zmb_blops\evt\zombie_coast\director\step\zmb_director_step_00.LN50.pc.snd.wav,,loaded,bus_fx,grp_foley,snp_foley,,40,0,87,87,150,500,625,allon,default,allon,default,3,2,oldest,oldest,-170,170,50,95,0.25,1,3d,default,nonlooping,,1,0,25,100,80,0.1,yes,yes,none,0,,no,,,yes,no,no,0,0,yes,no,,0,,no,no,no
fly_step_mechz_weight,raw\sound\zmb_blops\evt\zombie_coast\director\step\zmb_director_step_01.LN50.pc.snd.wav,,loaded,bus_fx,grp_foley,snp_foley,,40,0,87,87,150,500,625,allon,default,allon,default,3,2,oldest,oldest,-170,170,50,95,0.25,1,3d,default,nonlooping,,1,0,25,100,80,0.1,yes,yes,none,0,,no,,,yes,no,no,0,0,yes,no,,0,,no,no,no
fly_step_mechz_weight,raw\sound\zmb_blops\evt\zombie_coast\director\step\zmb_director_step_02.LN50.pc.snd.wav,,loaded,bus_fx,grp_foley,snp_foley,,40,0,87,87,150,500,625,allon,default,allon,default,3,2,oldest,oldest,-170,170,50,95,0.25,1,3d,default,nonlooping,,1,0,25,100,80,0.1,yes,yes,none,0,,no,,,yes,no,no,0,0,yes,no,,0,,no,no,no
fly_step_mechz_weight,raw\sound\zmb_blops\evt\zombie_coast\director\step\zmb_director_step_03.LN50.pc.snd.wav,,loaded,bus_fx,grp_foley,snp_foley,,40,0,87,87,150,500,625,allon,default,allon,default,3,2,oldest,oldest,-170,170,50,95,0.25,1,3d,default,nonlooping,,1,0,25,100,80,0.1,yes,yes,none,0,,no,,,yes,no,no,0,0,yes,no,,0,,no,no,no
evt_brutus_helmet,raw\sound\zmb\level\zm_alcatraz\brutus\brutus_helmet.LN65.pc.snd.wav,evt_brutus_helmet_flux_l,loaded,bus_hdrfx,grp_hdrfx,snp_hdrfx,@4889883e,86,0,98,98,750,1600,1750,allon,default,allon,default,8,8,priority,oldest,0,0,95,100,0,1,3d,default,nonlooping,,1,0,0,0,0,0,no,no,none,0,,no,,,no,no,no,0,0,yes,no,,0,,no,no,no
evt_brutus_helmet_flux_l,raw\sound\zmb\level\zm_alcatraz\brutus\brutus_helmet_flux_l.LN65.pc.snd.wav,evt_brutus_helmet_flux_r,loaded,bus_hdrfx,grp_explosion,snp_x2,,65,0,88,92,6000,25000,25000,allon,default,allon,default,1,8,reject,oldest,-250,250,30,40,0.25,1,3d,default,nonlooping,,1,4000,0,0,0,0,no,no,left_player,3000,,no,,,yes,no,no,0,0,yes,no,,0,,no,no,no
evt_brutus_helmet_flux_r,raw\sound\zmb\level\zm_alcatraz\brutus\brutus_helmet_flux_r.LN65.pc.snd.wav,,loaded,bus_hdrfx,grp_explosion,snp_x2,,65,0,88,92,6000,25000,25000,allon,default,allon,default,1,8,reject,oldest,-250,250,30,40,0.25,1,3d,default,nonlooping,,1,4150,0,0,0,0,no,no,right_player,3000,,no,,,yes,no,no,0,0,yes,no,,0,,no,no,no
evt_brutus_spawn,raw\sound\zmb\level\zm_alcatraz\brutus\brutus_spawn_02.LN65.pc.snd.wav,,loaded,bus_hdrfx,grp_hdrfx,snp_hdrfx,,40,0,87,87,0,5000,5000,allon,default,allon,default,1,8,reject,oldest,0,0,100,100,0.25,1,2d,all,nonlooping,,1,0,0,0,0,0.25,no,yes,none,0,,no,,,yes,no,no,0,0,yes,no,,0,,no,no,no
fly_gear_brutus,raw\sound\zmb\ai\brutus\gear\brutus_gear_00.LN65.pc.snd.wav,,loaded,bus_fx,grp_foley,snp_foley,,80,0,76,76,175,625,750,allon,default,allon,default,3,4,oldest,oldest,-150,150,10,50,0.25,1,3d,default,nonlooping,,1,0,25,100,80,0.65,no,yes,none,0,,no,,,yes,no,no,0,0,yes,no,,0,,no,no,no
fly_gear_brutus,raw\sound\zmb\ai\brutus\gear\brutus_gear_01.LN65.pc.snd.wav,,loaded,bus_fx,grp_foley,snp_foley,,80,0,76,76,175,625,750,allon,default,allon,default,3,4,oldest,oldest,-150,150,10,50,0.25,1,3d,default,nonlooping,,1,0,25,100,80,0.65,no,yes,none,0,,no,,,yes,no,no,0,0,yes,no,,0,,no,no,no
fly_gear_brutus,raw\sound\zmb\ai\brutus\gear\brutus_gear_02.LN65.pc.snd.wav,,loaded,bus_fx,grp_foley,snp_foley,,80,0,76,76,175,625,750,allon,default,allon,default,3,4,oldest,oldest,-150,150,10,50,0.25,1,3d,default,nonlooping,,1,0,25,100,80,0.65,no,yes,none,0,,no,,,yes,no,no,0,0,yes,no,,0,,no,no,no
fly_gear_brutus,raw\sound\zmb\ai\brutus\gear\brutus_gear_03.LN65.pc.snd.wav,,loaded,bus_fx,grp_foley,snp_foley,,80,0,76,76,175,625,750,allon,default,allon,default,3,4,oldest,oldest,-150,150,10,50,0.25,1,3d,default,nonlooping,,1,0,25,100,80,0.65,no,yes,none,0,,no,,,yes,no,no,0,0,yes,no,,0,,no,no,no
fly_gear_brutus,raw\sound\zmb\ai\brutus\gear\brutus_gear_04.LN65.pc.snd.wav,,loaded,bus_fx,grp_foley,snp_foley,,80,0,76,76,175,625,750,allon,default,allon,default,3,4,oldest,oldest,-150,150,10,50,0.25,1,3d,default,nonlooping,,1,0,25,100,80,0.65,no,yes,none,0,,no,,,yes,no,no,0,0,yes,no,,0,,no,no,no
fly_step_brutus,raw\sound\zmb\ai\brutus\step\brutus_step_00.LN65.pc.snd.wav,fly_gear_brutus,loaded,bus_fx,grp_foley,snp_foley,,40,0,87,87,250,875,1250,allon,default,allon,default,3,2,priority,oldest,-170,170,10,50,0.15,1,3d,default,nonlooping,,1,0,25,100,80,0.65,no,yes,none,0,,no,,,yes,no,no,0,0,yes,no,,0,,no,no,no
fly_step_brutus,raw\sound\zmb\ai\brutus\step\brutus_step_01.LN65.pc.snd.wav,fly_gear_brutus,loaded,bus_fx,grp_foley,snp_foley,,40,0,87,87,250,875,1250,allon,default,allon,default,3,2,priority,oldest,-170,170,10,50,0.15,1,3d,default,nonlooping,,1,0,25,100,80,0.65,no,yes,none,0,,no,,,yes,no,no,0,0,yes,no,,0,,no,no,no
fly_step_brutus,raw\sound\zmb\ai\brutus\step\brutus_step_02.LN65.pc.snd.wav,fly_gear_brutus,loaded,bus_fx,grp_foley,snp_foley,,40,0,87,87,250,875,1250,allon,default,allon,default,3,2,priority,oldest,-170,170,10,50,0.15,1,3d,default,nonlooping,,1,0,25,100,80,0.65,no,yes,none,0,,no,,,yes,no,no,0,0,yes,no,,0,,no,no,no
fly_step_brutus,raw\sound\zmb\ai\brutus\step\brutus_step_03.LN65.pc.snd.wav,fly_gear_brutus,loaded,bus_fx,grp_foley,snp_foley,,40,0,87,87,250,875,1250,allon,default,allon,default,3,2,priority,oldest,-170,170,10,50,0.15,1,3d,default,nonlooping,,1,0,25,100,80,0.65,no,yes,none,0,,no,,,yes,no,no,0,0,yes,no,,0,,no,no,no
fly_step_brutus,raw\sound\zmb\ai\brutus\step\brutus_step_04.LN65.pc.snd.wav,fly_gear_brutus,loaded,bus_fx,grp_foley,snp_foley,,40,0,87,87,250,875,1250,allon,default,allon,default,3,2,priority,oldest,-170,170,10,50,0.15,1,3d,default,nonlooping,,1,0,25,100,80,0.65,no,yes,none,0,,no,,,yes,no,no,0,0,yes,no,,0,,no,no,no
fly_step_brutus_run_asphalt,raw\sound\zmb\ai\brutus\step\brutus_step_00.LN65.pc.snd.wav,fly_gear_brutus,loaded,bus_fx,grp_foley,snp_foley,,40,0,87,87,250,875,1250,allon,default,allon,default,3,2,priority,oldest,-170,170,10,50,0.15,1,3d,default,nonlooping,,1,0,25,100,80,0.65,no,yes,none,0,,no,,,yes,no,no,0,0,yes,no,,0,,no,no,no
fly_step_brutus_run_asphalt,raw\sound\zmb\ai\brutus\step\brutus_step_01.LN65.pc.snd.wav,fly_gear_brutus,loaded,bus_fx,grp_foley,snp_foley,,40,0,87,87,250,875,1250,allon,default,allon,default,3,2,priority,oldest,-170,170,10,50,0.15,1,3d,default,nonlooping,,1,0,25,100,80,0.65,no,yes,none,0,,no,,,yes,no,no,0,0,yes,no,,0,,no,no,no
fly_step_brutus_run_asphalt,raw\sound\zmb\ai\brutus\step\brutus_step_02.LN65.pc.snd.wav,fly_gear_brutus,loaded,bus_fx,grp_foley,snp_foley,,40,0,87,87,250,875,1250,allon,default,allon,default,3,2,priority,oldest,-170,170,10,50,0.15,1,3d,default,nonlooping,,1,0,25,100,80,0.65,no,yes,none,0,,no,,,yes,no,no,0,0,yes,no,,0,,no,no,no
fly_step_brutus_run_asphalt,raw\sound\zmb\ai\brutus\step\brutus_step_03.LN65.pc.snd.wav,fly_gear_brutus,loaded,bus_fx,grp_foley,snp_foley,,40,0,87,87,250,875,1250,allon,default,allon,default,3,2,priority,oldest,-170,170,10,50,0.15,1,3d,default,nonlooping,,1,0,25,100,80,0.65,no,yes,none,0,,no,,,yes,no,no,0,0,yes,no,,0,,no,no,no
fly_step_brutus_run_asphalt,raw\sound\zmb\ai\brutus\step\brutus_step_04.LN65.pc.snd.wav,fly_gear_brutus,loaded,bus_fx,grp_foley,snp_foley,,40,0,87,87,250,875,1250,allon,default,allon,default,3,2,priority,oldest,-170,170,10,50,0.15,1,3d,default,nonlooping,,1,0,25,100,80,0.65,no,yes,none,0,,no,,,yes,no,no,0,0,yes,no,,0,,no,no,no
fly_step_brutus_run_bark,raw\sound\zmb\ai\brutus\step\brutus_step_00.LN65.pc.snd.wav,fly_gear_brutus,loaded,bus_fx,grp_foley,snp_foley,,40,0,87,87,250,875,1250,allon,default,allon,default,3,2,priority,oldest,-170,170,10,50,0.15,1,3d,default,nonlooping,,1,0,25,100,80,0.65,no,yes,none,0,,no,,,yes,no,no,0,0,yes,no,,0,,no,no,no
fly_step_brutus_run_bark,raw\sound\zmb\ai\brutus\step\brutus_step_01.LN65.pc.snd.wav,fly_gear_brutus,loaded,bus_fx,grp_foley,snp_foley,,40,0,87,87,250,875,1250,allon,default,allon,default,3,2,priority,oldest,-170,170,10,50,0.15,1,3d,default,nonlooping,,1,0,25,100,80,0.65,no,yes,none,0,,no,,,yes,no,no,0,0,yes,no,,0,,no,no,no
fly_step_brutus_run_bark,raw\sound\zmb\ai\brutus\step\brutus_step_02.LN65.pc.snd.wav,fly_gear_brutus,loaded,bus_fx,grp_foley,snp_foley,,40,0,87,87,250,875,1250,allon,default,allon,default,3,2,priority,oldest,-170,170,10,50,0.15,1,3d,default,nonlooping,,1,0,25,100,80,0.65,no,yes,none,0,,no,,,yes,no,no,0,0,yes,no,,0,,no,no,no
fly_step_brutus_run_bark,raw\sound\zmb\ai\brutus\step\brutus_step_03.LN65.pc.snd.wav,fly_gear_brutus,loaded,bus_fx,grp_foley,snp_foley,,40,0,87,87,250,875,1250,allon,default,allon,default,3,2,priority,oldest,-170,170,10,50,0.15,1,3d,default,nonlooping,,1,0,25,100,80,0.65,no,yes,none,0,,no,,,yes,no,no,0,0,yes,no,,0,,no,no,no
fly_step_brutus_run_bark,raw\sound\zmb\ai\brutus\step\brutus_step_04.LN65.pc.snd.wav,fly_gear_brutus,loaded,bus_fx,grp_foley,snp_foley,,40,0,87,87,250,875,1250,allon,default,allon,default,3,2,priority,oldest,-170,170,10,50,0.15,1,3d,default,nonlooping,,1,0,25,100,80,0.65,no,yes,none,0,,no,,,yes,no,no,0,0,yes,no,,0,,no,no,no
fly_step_brutus_run_brick,raw\sound\zmb\ai\brutus\step\brutus_step_00.LN65.pc.snd.wav,fly_gear_brutus,loaded,bus_fx,grp_foley,snp_foley,,40,0,87,87,250,875,1250,allon,default,allon,default,3,2,priority,oldest,-170,170,10,50,0.15,1,3d,default,nonlooping,,1,0,25,100,80,0.65,no,yes,none,0,,no,,,yes,no,no,0,0,yes,no,,0,,no,no,no
fly_step_brutus_run_brick,raw\sound\zmb\ai\brutus\step\brutus_step_01.LN65.pc.snd.wav,fly_gear_brutus,loaded,bus_fx,grp_foley,snp_foley,,40,0,87,87,250,875,1250,allon,default,allon,default,3,2,priority,oldest,-170,170,10,50,0.15,1,3d,default,nonlooping,,1,0,25,100,80,0.65,no,yes,none,0,,no,,,yes,no,no,0,0,yes,no,,0,,no,no,no
fly_step_brutus_run_brick,raw\sound\zmb\ai\brutus\step\brutus_step_02.LN65.pc.snd.wav,fly_gear_brutus,loaded,bus_fx,grp_foley,snp_foley,,40,0,87,87,250,875,1250,allon,default,allon,default,3,2,priority,oldest,-170,170,10,50,0.15,1,3d,default,nonlooping,,1,0,25,100,80,0.65,no,yes,none,0,,no,,,yes,no,no,0,0,yes,no,,0,,no,no,no
fly_step_brutus_run_brick,raw\sound\zmb\ai\brutus\step\brutus_step_03.LN65.pc.snd.wav,fly_gear_brutus,loaded,bus_fx,grp_foley,snp_foley,,40,0,87,87,250,875,1250,allon,default,allon,default,3,2,priority,oldest,-170,170,10,50,0.15,1,3d,default,nonlooping,,1,0,25,100,80,0.65,no,yes,none,0,,no,,,yes,no,no,0,0,yes,no,,0,,no,no,no
fly_step_brutus_run_brick,raw\sound\zmb\ai\brutus\step\brutus_step_04.LN65.pc.snd.wav,fly_gear_brutus,loaded,bus_fx,grp_foley,snp_foley,,40,0,87,87,250,875,1250,allon,default,allon,default,3,2,priority,oldest,-170,170,10,50,0.15,1,3d,default,nonlooping,,1,0,25,100,80,0.65,no,yes,none,0,,no,,,yes,no,no,0,0,yes,no,,0,,no,no,no
fly_step_brutus_run_carpet,raw\sound\zmb\ai\brutus\step\brutus_step_00.LN65.pc.snd.wav,fly_gear_brutus,loaded,bus_fx,grp_foley,snp_foley,,40,0,87,87,250,875,1250,allon,default,allon,default,3,2,oldest,oldest,-170,170,10,50,0.15,1,3d,default,nonlooping,,1,0,25,100,80,0.65,no,yes,none,0,,no,,,yes,no,no,0,0,yes,no,,0,,no,no,no
fly_step_brutus_run_carpet,raw\sound\zmb\ai\brutus\step\brutus_step_01.LN65.pc.snd.wav,fly_gear_brutus,loaded,bus_fx,grp_foley,snp_foley,,40,0,87,87,250,875,1250,allon,default,allon,default,3,2,oldest,oldest,-170,170,10,50,0.15,1,3d,default,nonlooping,,1,0,25,100,80,0.65,no,yes,none,0,,no,,,yes,no,no,0,0,yes,no,,0,,no,no,no
fly_step_brutus_run_carpet,raw\sound\zmb\ai\brutus\step\brutus_step_02.LN65.pc.snd.wav,fly_gear_brutus,loaded,bus_fx,grp_foley,snp_foley,,40,0,87,87,250,875,1250,allon,default,allon,default,3,2,oldest,oldest,-170,170,10,50,0.15,1,3d,default,nonlooping,,1,0,25,100,80,0.65,no,yes,none,0,,no,,,yes,no,no,0,0,yes,no,,0,,no,no,no
fly_step_brutus_run_carpet,raw\sound\zmb\ai\brutus\step\brutus_step_03.LN65.pc.snd.wav,fly_gear_brutus,loaded,bus_fx,grp_foley,snp_foley,,40,0,87,87,250,875,1250,allon,default,allon,default,3,2,oldest,oldest,-170,170,10,50,0.15,1,3d,default,nonlooping,,1,0,25,100,80,0.65,no,yes,none,0,,no,,,yes,no,no,0,0,yes,no,,0,,no,no,no
fly_step_brutus_run_carpet,raw\sound\zmb\ai\brutus\step\brutus_step_04.LN65.pc.snd.wav,fly_gear_brutus,loaded,bus_fx,grp_foley,snp_foley,,40,0,87,87,250,875,1250,allon,default,allon,default,3,2,oldest,oldest,-170,170,10,50,0.15,1,3d,default,nonlooping,,1,0,25,100,80,0.65,no,yes,none,0,,no,,,yes,no,no,0,0,yes,no,,0,,no,no,no
fly_step_brutus_run_ceramic,raw\sound\zmb\ai\brutus\step\brutus_step_00.LN65.pc.snd.wav,fly_gear_brutus,loaded,bus_fx,grp_foley,snp_foley,,40,0,87,87,250,875,1250,allon,default,allon,default,3,2,priority,oldest,-170,170,10,50,0.15,1,3d,default,nonlooping,,1,0,25,100,80,0.65,no,yes,none,0,,no,,,yes,no,no,0,0,yes,no,,0,,no,no,no
fly_step_brutus_run_ceramic,raw\sound\zmb\ai\brutus\step\brutus_step_01.LN65.pc.snd.wav,fly_gear_brutus,loaded,bus_fx,grp_foley,snp_foley,,40,0,87,87,250,875,1250,allon,default,allon,default,3,2,priority,oldest,-170,170,10,50,0.15,1,3d,default,nonlooping,,1,0,25,100,80,0.65,no,yes,none,0,,no,,,yes,no,no,0,0,yes,no,,0,,no,no,no
fly_step_brutus_run_ceramic,raw\sound\zmb\ai\brutus\step\brutus_step_02.LN65.pc.snd.wav,fly_gear_brutus,loaded,bus_fx,grp_foley,snp_foley,,40,0,87,87,250,875,1250,allon,default,allon,default,3,2,priority,oldest,-170,170,10,50,0.15,1,3d,default,nonlooping,,1,0,25,100,80,0.65,no,yes,none,0,,no,,,yes,no,no,0,0,yes,no,,0,,no,no,no
fly_step_brutus_run_ceramic,raw\sound\zmb\ai\brutus\step\brutus_step_03.LN65.pc.snd.wav,fly_gear_brutus,loaded,bus_fx,grp_foley,snp_foley,,40,0,87,87,250,875,1250,allon,default,allon,default,3,2,priority,oldest,-170,170,10,50,0.15,1,3d,default,nonlooping,,1,0,25,100,80,0.65,no,yes,none,0,,no,,,yes,no,no,0,0,yes,no,,0,,no,no,no
fly_step_brutus_run_ceramic,raw\sound\zmb\ai\brutus\step\brutus_step_04.LN65.pc.snd.wav,fly_gear_brutus,loaded,bus_fx,grp_foley,snp_foley,,40,0,87,87,250,875,1250,allon,default,allon,default,3,2,priority,oldest,-170,170,10,50,0.15,1,3d,default,nonlooping,,1,0,25,100,80,0.65,no,yes,none,0,,no,,,yes,no,no,0,0,yes,no,,0,,no,no,no
fly_step_brutus_run_cloth,raw\sound\zmb\ai\brutus\step\brutus_step_00.LN65.pc.snd.wav,fly_gear_brutus,loaded,bus_fx,grp_foley,snp_foley,,40,0,87,87,250,875,1250,allon,default,allon,default,3,2,priority,oldest,-170,170,10,50,0.15,1,3d,default,nonlooping,,1,0,25,100,80,0.65,no,yes,none,0,,no,,,yes,no,no,0,0,yes,no,,0,,no,no,no
fly_step_brutus_run_cloth,raw\sound\zmb\ai\brutus\step\brutus_step_01.LN65.pc.snd.wav,fly_gear_brutus,loaded,bus_fx,grp_foley,snp_foley,,40,0,87,87,250,875,1250,allon,default,allon,default,3,2,priority,oldest,-170,170,10,50,0.15,1,3d,default,nonlooping,,1,0,25,100,80,0.65,no,yes,none,0,,no,,,yes,no,no,0,0,yes,no,,0,,no,no,no
fly_step_brutus_run_cloth,raw\sound\zmb\ai\brutus\step\brutus_step_02.LN65.pc.snd.wav,fly_gear_brutus,loaded,bus_fx,grp_foley,snp_foley,,40,0,87,87,250,875,1250,allon,default,allon,default,3,2,priority,oldest,-170,170,10,50,0.15,1,3d,default,nonlooping,,1,0,25,100,80,0.65,no,yes,none,0,,no,,,yes,no,no,0,0,yes,no,,0,,no,no,no
fly_step_brutus_run_cloth,raw\sound\zmb\ai\brutus\step\brutus_step_03.LN65.pc.snd.wav,fly_gear_brutus,loaded,bus_fx,grp_foley,snp_foley,,40,0,87,87,250,875,1250,allon,default,allon,default,3,2,priority,oldest,-170,170,10,50,0.15,1,3d,default,nonlooping,,1,0,25,100,80,0.65,no,yes,none,0,,no,,,yes,no,no,0,0,yes,no,,0,,no,no,no
fly_step_brutus_run_cloth,raw\sound\zmb\ai\brutus\step\brutus_step_04.LN65.pc.snd.wav,fly_gear_brutus,loaded,bus_fx,grp_foley,snp_foley,,40,0,87,87,250,875,1250,allon,default,allon,default,3,2,priority,oldest,-170,170,10,50,0.15,1,3d,default,nonlooping,,1,0,25,100,80,0.65,no,yes,none,0,,no,,,yes,no,no,0,0,yes,no,,0,,no,no,no
fly_step_brutus_run_concrete,raw\sound\zmb\ai\brutus\step\brutus_step_00.LN65.pc.snd.wav,fly_gear_brutus,loaded,bus_fx,grp_foley,snp_foley,,40,0,87,87,250,875,1250,allon,default,allon,default,3,2,priority,oldest,-170,170,10,50,0.15,1,3d,default,nonlooping,,1,0,25,100,80,0.65,no,yes,none,0,,no,,,yes,no,no,0,0,yes,no,,0,,no,no,no
fly_step_brutus_run_concrete,raw\sound\zmb\ai\brutus\step\brutus_step_01.LN65.pc.snd.wav,fly_gear_brutus,loaded,bus_fx,grp_foley,snp_foley,,40,0,87,87,250,875,1250,allon,default,allon,default,3,2,priority,oldest,-170,170,10,50,0.15,1,3d,default,nonlooping,,1,0,25,100,80,0.65,no,yes,none,0,,no,,,yes,no,no,0,0,yes,no,,0,,no,no,no
fly_step_brutus_run_concrete,raw\sound\zmb\ai\brutus\step\brutus_step_02.LN65.pc.snd.wav,fly_gear_brutus,loaded,bus_fx,grp_foley,snp_foley,,40,0,87,87,250,875,1250,allon,default,allon,default,3,2,priority,oldest,-170,170,10,50,0.15,1,3d,default,nonlooping,,1,0,25,100,80,0.65,no,yes,none,0,,no,,,yes,no,no,0,0,yes,no,,0,,no,no,no
fly_step_brutus_run_concrete,raw\sound\zmb\ai\brutus\step\brutus_step_03.LN65.pc.snd.wav,fly_gear_brutus,loaded,bus_fx,grp_foley,snp_foley,,40,0,87,87,250,875,1250,allon,default,allon,default,3,2,priority,oldest,-170,170,10,50,0.15,1,3d,default,nonlooping,,1,0,25,100,80,0.65,no,yes,none,0,,no,,,yes,no,no,0,0,yes,no,,0,,no,no,no
fly_step_brutus_run_concrete,raw\sound\zmb\ai\brutus\step\brutus_step_04.LN65.pc.snd.wav,fly_gear_brutus,loaded,bus_fx,grp_foley,snp_foley,,40,0,87,87,250,875,1250,allon,default,allon,default,3,2,priority,oldest,-170,170,10,50,0.15,1,3d,default,nonlooping,,1,0,25,100,80,0.65,no,yes,none,0,,no,,,yes,no,no,0,0,yes,no,,0,,no,no,no
fly_step_brutus_run_cushion,raw\sound\zmb\ai\brutus\step\brutus_step_00.LN65.pc.snd.wav,fly_gear_brutus,loaded,bus_fx,grp_foley,snp_foley,,40,0,87,87,250,875,1250,allon,default,allon,default,3,2,priority,oldest,-170,170,10,50,0.15,1,3d,default,nonlooping,,1,0,25,100,80,0.65,no,yes,none,0,,no,,,yes,no,no,0,0,yes,no,,0,,no,no,no
fly_step_brutus_run_cushion,raw\sound\zmb\ai\brutus\step\brutus_step_01.LN65.pc.snd.wav,fly_gear_brutus,loaded,bus_fx,grp_foley,snp_foley,,40,0,87,87,250,875,1250,allon,default,allon,default,3,2,priority,oldest,-170,170,10,50,0.15,1,3d,default,nonlooping,,1,0,25,100,80,0.65,no,yes,none,0,,no,,,yes,no,no,0,0,yes,no,,0,,no,no,no
fly_step_brutus_run_cushion,raw\sound\zmb\ai\brutus\step\brutus_step_02.LN65.pc.snd.wav,fly_gear_brutus,loaded,bus_fx,grp_foley,snp_foley,,40,0,87,87,250,875,1250,allon,default,allon,default,3,2,priority,oldest,-170,170,10,50,0.15,1,3d,default,nonlooping,,1,0,25,100,80,0.65,no,yes,none,0,,no,,,yes,no,no,0,0,yes,no,,0,,no,no,no
fly_step_brutus_run_cushion,raw\sound\zmb\ai\brutus\step\brutus_step_03.LN65.pc.snd.wav,fly_gear_brutus,loaded,bus_fx,grp_foley,snp_foley,,40,0,87,87,250,875,1250,allon,default,allon,default,3,2,priority,oldest,-170,170,10,50,0.15,1,3d,default,nonlooping,,1,0,25,100,80,0.65,no,yes,none,0,,no,,,yes,no,no,0,0,yes,no,,0,,no,no,no
fly_step_brutus_run_cushion,raw\sound\zmb\ai\brutus\step\brutus_step_04.LN65.pc.snd.wav,fly_gear_brutus,loaded,bus_fx,grp_foley,snp_foley,,40,0,87,87,250,875,1250,allon,default,allon,default,3,2,priority,oldest,-170,170,10,50,0.15,1,3d,default,nonlooping,,1,0,25,100,80,0.65,no,yes,none,0,,no,,,yes,no,no,0,0,yes,no,,0,,no,no,no
fly_step_brutus_run_default,raw\sound\zmb\ai\brutus\step\brutus_step_00.LN65.pc.snd.wav,fly_gear_brutus,loaded,bus_fx,grp_foley,snp_foley,,40,0,87,87,250,875,1250,allon,default,allon,default,3,2,priority,oldest,-170,170,10,50,0.15,1,3d,default,nonlooping,,1,0,25,100,80,0.65,no,yes,none,0,,no,,,yes,no,no,0,0,yes,no,,0,,no,no,no
fly_step_brutus_run_default,raw\sound\zmb\ai\brutus\step\brutus_step_01.LN65.pc.snd.wav,fly_gear_brutus,loaded,bus_fx,grp_foley,snp_foley,,40,0,87,87,250,875,1250,allon,default,allon,default,3,2,priority,oldest,-170,170,10,50,0.15,1,3d,default,nonlooping,,1,0,25,100,80,0.65,no,yes,none,0,,no,,,yes,no,no,0,0,yes,no,,0,,no,no,no
fly_step_brutus_run_default,raw\sound\zmb\ai\brutus\step\brutus_step_02.LN65.pc.snd.wav,fly_gear_brutus,loaded,bus_fx,grp_foley,snp_foley,,40,0,87,87,250,875,1250,allon,default,allon,default,3,2,priority,oldest,-170,170,10,50,0.15,1,3d,default,nonlooping,,1,0,25,100,80,0.65,no,yes,none,0,,no,,,yes,no,no,0,0,yes,no,,0,,no,no,no
fly_step_brutus_run_default,raw\sound\zmb\ai\brutus\step\brutus_step_03.LN65.pc.snd.wav,fly_gear_brutus,loaded,bus_fx,grp_foley,snp_foley,,40,0,87,87,250,875,1250,allon,default,allon,default,3,2,priority,oldest,-170,170,10,50,0.15,1,3d,default,nonlooping,,1,0,25,100,80,0.65,no,yes,none,0,,no,,,yes,no,no,0,0,yes,no,,0,,no,no,no
fly_step_brutus_run_default,raw\sound\zmb\ai\brutus\step\brutus_step_04.LN65.pc.snd.wav,fly_gear_brutus,loaded,bus_fx,grp_foley,snp_foley,,40,0,87,87,250,875,1250,allon,default,allon,default,3,2,priority,oldest,-170,170,10,50,0.15,1,3d,default,nonlooping,,1,0,25,100,80,0.65,no,yes,none,0,,no,,,yes,no,no,0,0,yes,no,,0,,no,no,no
fly_step_brutus_run_dirt,raw\sound\zmb\ai\brutus\step\brutus_step_00.LN65.pc.snd.wav,fly_gear_brutus,loaded,bus_fx,grp_foley,snp_foley,,40,0,87,87,250,875,1250,allon,default,allon,default,3,2,priority,oldest,-170,170,10,50,0.15,1,3d,default,nonlooping,,1,0,25,100,80,0.65,no,yes,none,0,,no,,,yes,no,no,0,0,yes,no,,0,,no,no,no
fly_step_brutus_run_dirt,raw\sound\zmb\ai\brutus\step\brutus_step_01.LN65.pc.snd.wav,fly_gear_brutus,loaded,bus_fx,grp_foley,snp_foley,,40,0,87,87,250,875,1250,allon,default,allon,default,3,2,priority,oldest,-170,170,10,50,0.15,1,3d,default,nonlooping,,1,0,25,100,80,0.65,no,yes,none,0,,no,,,yes,no,no,0,0,yes,no,,0,,no,no,no
fly_step_brutus_run_dirt,raw\sound\zmb\ai\brutus\step\brutus_step_02.LN65.pc.snd.wav,fly_gear_brutus,loaded,bus_fx,grp_foley,snp_foley,,40,0,87,87,250,875,1250,allon,default,allon,default,3,2,priority,oldest,-170,170,10,50,0.15,1,3d,default,nonlooping,,1,0,25,100,80,0.65,no,yes,none,0,,no,,,yes,no,no,0,0,yes,no,,0,,no,no,no
fly_step_brutus_run_dirt,raw\sound\zmb\ai\brutus\step\brutus_step_03.LN65.pc.snd.wav,fly_gear_brutus,loaded,bus_fx,grp_foley,snp_foley,,40,0,87,87,250,875,1250,allon,default,allon,default,3,2,priority,oldest,-170,170,10,50,0.15,1,3d,default,nonlooping,,1,0,25,100,80,0.65,no,yes,none,0,,no,,,yes,no,no,0,0,yes,no,,0,,no,no,no
fly_step_brutus_run_dirt,raw\sound\zmb\ai\brutus\step\brutus_step_04.LN65.pc.snd.wav,fly_gear_brutus,loaded,bus_fx,grp_foley,snp_foley,,40,0,87,87,250,875,1250,allon,default,allon,default,3,2,priority,oldest,-170,170,10,50,0.15,1,3d,default,nonlooping,,1,0,25,100,80,0.65,no,yes,none,0,,no,,,yes,no,no,0,0,yes,no,,0,,no,no,no
fly_step_brutus_run_flesh,raw\sound\zmb\ai\brutus\step\brutus_step_00.LN65.pc.snd.wav,fly_gear_brutus,loaded,bus_fx,grp_foley,snp_foley,,40,0,87,87,250,875,1250,allon,default,allon,default,3,2,priority,oldest,-170,170,10,50,0.15,1,3d,default,nonlooping,,1,0,25,100,80,0.65,no,yes,none,0,,no,,,yes,no,no,0,0,yes,no,,0,,no,no,no
fly_step_brutus_run_flesh,raw\sound\zmb\ai\brutus\step\brutus_step_01.LN65.pc.snd.wav,fly_gear_brutus,loaded,bus_fx,grp_foley,snp_foley,,40,0,87,87,250,875,1250,allon,default,allon,default,3,2,priority,oldest,-170,170,10,50,0.15,1,3d,default,nonlooping,,1,0,25,100,80,0.65,no,yes,none,0,,no,,,yes,no,no,0,0,yes,no,,0,,no,no,no
fly_step_brutus_run_flesh,raw\sound\zmb\ai\brutus\step\brutus_step_02.LN65.pc.snd.wav,fly_gear_brutus,loaded,bus_fx,grp_foley,snp_foley,,40,0,87,87,250,875,1250,allon,default,allon,default,3,2,priority,oldest,-170,170,10,50,0.15,1,3d,default,nonlooping,,1,0,25,100,80,0.65,no,yes,none,0,,no,,,yes,no,no,0,0,yes,no,,0,,no,no,no
fly_step_brutus_run_flesh,raw\sound\zmb\ai\brutus\step\brutus_step_03.LN65.pc.snd.wav,fly_gear_brutus,loaded,bus_fx,grp_foley,snp_foley,,40,0,87,87,250,875,1250,allon,default,allon,default,3,2,priority,oldest,-170,170,10,50,0.15,1,3d,default,nonlooping,,1,0,25,100,80,0.65,no,yes,none,0,,no,,,yes,no,no,0,0,yes,no,,0,,no,no,no
fly_step_brutus_run_flesh,raw\sound\zmb\ai\brutus\step\brutus_step_04.LN65.pc.snd.wav,fly_gear_brutus,loaded,bus_fx,grp_foley,snp_foley,,40,0,87,87,250,875,1250,allon,default,allon,default,3,2,priority,oldest,-170,170,10,50,0.15,1,3d,default,nonlooping,,1,0,25,100,80,0.65,no,yes,none,0,,no,,,yes,no,no,0,0,yes,no,,0,,no,no,no
fly_step_brutus_run_foliage,raw\sound\zmb\ai\brutus\step\brutus_step_00.LN65.pc.snd.wav,fly_gear_brutus,loaded,bus_fx,grp_foley,snp_foley,,40,0,87,87,250,875,1250,allon,default,allon,default,3,2,priority,oldest,-170,170,10,50,0.15,1,3d,default,nonlooping,,1,0,25,100,80,0.65,no,yes,none,0,,no,,,yes,no,no,0,0,yes,no,,0,,no,no,no
fly_step_brutus_run_foliage,raw\sound\zmb\ai\brutus\step\brutus_step_01.LN65.pc.snd.wav,fly_gear_brutus,loaded,bus_fx,grp_foley,snp_foley,,40,0,87,87,250,875,1250,allon,default,allon,default,3,2,priority,oldest,-170,170,10,50,0.15,1,3d,default,nonlooping,,1,0,25,100,80,0.65,no,yes,none,0,,no,,,yes,no,no,0,0,yes,no,,0,,no,no,no
fly_step_brutus_run_foliage,raw\sound\zmb\ai\brutus\step\brutus_step_02.LN65.pc.snd.wav,fly_gear_brutus,loaded,bus_fx,grp_foley,snp_foley,,40,0,87,87,250,875,1250,allon,default,allon,default,3,2,priority,oldest,-170,170,10,50,0.15,1,3d,default,nonlooping,,1,0,25,100,80,0.65,no,yes,none,0,,no,,,yes,no,no,0,0,yes,no,,0,,no,no,no
fly_step_brutus_run_foliage,raw\sound\zmb\ai\brutus\step\brutus_step_03.LN65.pc.snd.wav,fly_gear_brutus,loaded,bus_fx,grp_foley,snp_foley,,40,0,87,87,250,875,1250,allon,default,allon,default,3,2,priority,oldest,-170,170,10,50,0.15,1,3d,default,nonlooping,,1,0,25,100,80,0.65,no,yes,none,0,,no,,,yes,no,no,0,0,yes,no,,0,,no,no,no
fly_step_brutus_run_foliage,raw\sound\zmb\ai\brutus\step\brutus_step_04.LN65.pc.snd.wav,fly_gear_brutus,loaded,bus_fx,grp_foley,snp_foley,,40,0,87,87,250,875,1250,allon,default,allon,default,3,2,priority,oldest,-170,170,10,50,0.15,1,3d,default,nonlooping,,1,0,25,100,80,0.65,no,yes,none,0,,no,,,yes,no,no,0,0,yes,no,,0,,no,no,no
fly_step_brutus_run_fruit,raw\sound\zmb\ai\brutus\step\brutus_step_00.LN65.pc.snd.wav,fly_gear_brutus,loaded,bus_fx,grp_foley,snp_foley,,40,0,87,87,250,875,1250,allon,default,allon,default,3,2,priority,oldest,-170,170,10,50,0.15,1,3d,default,nonlooping,,1,0,25,100,80,0.65,no,yes,none,0,,no,,,yes,no,no,0,0,yes,no,,0,,no,no,no
fly_step_brutus_run_fruit,raw\sound\zmb\ai\brutus\step\brutus_step_01.LN65.pc.snd.wav,fly_gear_brutus,loaded,bus_fx,grp_foley,snp_foley,,40,0,87,87,250,875,1250,allon,default,allon,default,3,2,priority,oldest,-170,170,10,50,0.15,1,3d,default,nonlooping,,1,0,25,100,80,0.65,no,yes,none,0,,no,,,yes,no,no,0,0,yes,no,,0,,no,no,no
fly_step_brutus_run_fruit,raw\sound\zmb\ai\brutus\step\brutus_step_02.LN65.pc.snd.wav,fly_gear_brutus,loaded,bus_fx,grp_foley,snp_foley,,40,0,87,87,250,875,1250,allon,default,allon,default,3,2,priority,oldest,-170,170,10,50,0.15,1,3d,default,nonlooping,,1,0,25,100,80,0.65,no,yes,none,0,,no,,,yes,no,no,0,0,yes,no,,0,,no,no,no
fly_step_brutus_run_fruit,raw\sound\zmb\ai\brutus\step\brutus_step_03.LN65.pc.snd.wav,fly_gear_brutus,loaded,bus_fx,grp_foley,snp_foley,,40,0,87,87,250,875,1250,allon,default,allon,default,3,2,priority,oldest,-170,170,10,50,0.15,1,3d,default,nonlooping,,1,0,25,100,80,0.65,no,yes,none,0,,no,,,yes,no,no,0,0,yes,no,,0,,no,no,no
fly_step_brutus_run_fruit,raw\sound\zmb\ai\brutus\step\brutus_step_04.LN65.pc.snd.wav,fly_gear_brutus,loaded,bus_fx,grp_foley,snp_foley,,40,0,87,87,250,875,1250,allon,default,allon,default,3,2,priority,oldest,-170,170,10,50,0.15,1,3d,default,nonlooping,,1,0,25,100,80,0.65,no,yes,none,0,,no,,,yes,no,no,0,0,yes,no,,0,,no,no,no
fly_step_brutus_run_glass,raw\sound\zmb\ai\brutus\step\brutus_step_00.LN65.pc.snd.wav,fly_gear_brutus,loaded,bus_fx,grp_foley,snp_foley,,40,0,87,87,250,875,1250,allon,default,allon,default,3,2,priority,oldest,-170,170,10,50,0.15,1,3d,default,nonlooping,,1,0,25,100,80,0.65,no,yes,none,0,,no,,,yes,no,no,0,0,yes,no,,0,,no,no,no
fly_step_brutus_run_glass,raw\sound\zmb\ai\brutus\step\brutus_step_01.LN65.pc.snd.wav,fly_gear_brutus,loaded,bus_fx,grp_foley,snp_foley,,40,0,87,87,250,875,1250,allon,default,allon,default,3,2,priority,oldest,-170,170,10,50,0.15,1,3d,default,nonlooping,,1,0,25,100,80,0.65,no,yes,none,0,,no,,,yes,no,no,0,0,yes,no,,0,,no,no,no
fly_step_brutus_run_glass,raw\sound\zmb\ai\brutus\step\brutus_step_02.LN65.pc.snd.wav,fly_gear_brutus,loaded,bus_fx,grp_foley,snp_foley,,40,0,87,87,250,875,1250,allon,default,allon,default,3,2,priority,oldest,-170,170,10,50,0.15,1,3d,default,nonlooping,,1,0,25,100,80,0.65,no,yes,none,0,,no,,,yes,no,no,0,0,yes,no,,0,,no,no,no
fly_step_brutus_run_glass,raw\sound\zmb\ai\brutus\step\brutus_step_03.LN65.pc.snd.wav,fly_gear_brutus,loaded,bus_fx,grp_foley,snp_foley,,40,0,87,87,250,875,1250,allon,default,allon,default,3,2,priority,oldest,-170,170,10,50,0.15,1,3d,default,nonlooping,,1,0,25,100,80,0.65,no,yes,none,0,,no,,,yes,no,no,0,0,yes,no,,0,,no,no,no
fly_step_brutus_run_glass,raw\sound\zmb\ai\brutus\step\brutus_step_04.LN65.pc.snd.wav,fly_gear_brutus,loaded,bus_fx,grp_foley,snp_foley,,40,0,87,87,250,875,1250,allon,default,allon,default,3,2,priority,oldest,-170,170,10,50,0.15,1,3d,default,nonlooping,,1,0,25,100,80,0.65,no,yes,none,0,,no,,,yes,no,no,0,0,yes,no,,0,,no,no,no
fly_step_brutus_run_grass,raw\sound\zmb\ai\brutus\step\brutus_step_00.LN65.pc.snd.wav,fly_gear_brutus,loaded,bus_fx,grp_foley,snp_foley,,40,0,87,87,250,875,1250,allon,default,allon,default,3,2,priority,oldest,-170,170,10,50,0.15,1,3d,default,nonlooping,,1,0,25,100,80,0.65,no,yes,none,0,,no,,,yes,no,no,0,0,yes,no,,0,,no,no,no
fly_step_brutus_run_grass,raw\sound\zmb\ai\brutus\step\brutus_step_01.LN65.pc.snd.wav,fly_gear_brutus,loaded,bus_fx,grp_foley,snp_foley,,40,0,87,87,250,875,1250,allon,default,allon,default,3,2,priority,oldest,-170,170,10,50,0.15,1,3d,default,nonlooping,,1,0,25,100,80,0.65,no,yes,none,0,,no,,,yes,no,no,0,0,yes,no,,0,,no,no,no
fly_step_brutus_run_grass,raw\sound\zmb\ai\brutus\step\brutus_step_02.LN65.pc.snd.wav,fly_gear_brutus,loaded,bus_fx,grp_foley,snp_foley,,40,0,87,87,250,875,1250,allon,default,allon,default,3,2,priority,oldest,-170,170,10,50,0.15,1,3d,default,nonlooping,,1,0,25,100,80,0.65,no,yes,none,0,,no,,,yes,no,no,0,0,yes,no,,0,,no,no,no
fly_step_brutus_run_grass,raw\sound\zmb\ai\brutus\step\brutus_step_03.LN65.pc.snd.wav,fly_gear_brutus,loaded,bus_fx,grp_foley,snp_foley,,40,0,87,87,250,875,1250,allon,default,allon,default,3,2,priority,oldest,-170,170,10,50,0.15,1,3d,default,nonlooping,,1,0,25,100,80,0.65,no,yes,none,0,,no,,,yes,no,no,0,0,yes,no,,0,,no,no,no
fly_step_brutus_run_grass,raw\sound\zmb\ai\brutus\step\brutus_step_04.LN65.pc.snd.wav,fly_gear_brutus,loaded,bus_fx,grp_foley,snp_foley,,40,0,87,87,250,875,1250,allon,default,allon,default,3,2,priority,oldest,-170,170,10,50,0.15,1,3d,default,nonlooping,,1,0,25,100,80,0.65,no,yes,none,0,,no,,,yes,no,no,0,0,yes,no,,0,,no,no,no
fly_step_brutus_run_gravel,raw\sound\zmb\ai\brutus\step\brutus_step_00.LN65.pc.snd.wav,fly_gear_brutus,loaded,bus_fx,grp_foley,snp_foley,,40,0,87,87,250,875,1250,allon,default,allon,default,3,2,priority,oldest,-170,170,10,50,0.15,1,3d,default,nonlooping,,1,0,25,100,80,0.65,no,yes,none,0,,no,,,yes,no,no,0,0,yes,no,,0,,no,no,no
fly_step_brutus_run_gravel,raw\sound\zmb\ai\brutus\step\brutus_step_01.LN65.pc.snd.wav,fly_gear_brutus,loaded,bus_fx,grp_foley,snp_foley,,40,0,87,87,250,875,1250,allon,default,allon,default,3,2,priority,oldest,-170,170,10,50,0.15,1,3d,default,nonlooping,,1,0,25,100,80,0.65,no,yes,none,0,,no,,,yes,no,no,0,0,yes,no,,0,,no,no,no
fly_step_brutus_run_gravel,raw\sound\zmb\ai\brutus\step\brutus_step_02.LN65.pc.snd.wav,fly_gear_brutus,loaded,bus_fx,grp_foley,snp_foley,,40,0,87,87,250,875,1250,allon,default,allon,default,3,2,priority,oldest,-170,170,10,50,0.15,1,3d,default,nonlooping,,1,0,25,100,80,0.65,no,yes,none,0,,no,,,yes,no,no,0,0,yes,no,,0,,no,no,no
fly_step_brutus_run_gravel,raw\sound\zmb\ai\brutus\step\brutus_step_03.LN65.pc.snd.wav,fly_gear_brutus,loaded,bus_fx,grp_foley,snp_foley,,40,0,87,87,250,875,1250,allon,default,allon,default,3,2,priority,oldest,-170,170,10,50,0.15,1,3d,default,nonlooping,,1,0,25,100,80,0.65,no,yes,none,0,,no,,,yes,no,no,0,0,yes,no,,0,,no,no,no
fly_step_brutus_run_gravel,raw\sound\zmb\ai\brutus\step\brutus_step_04.LN65.pc.snd.wav,fly_gear_brutus,loaded,bus_fx,grp_foley,snp_foley,,40,0,87,87,250,875,1250,allon,default,allon,default,3,2,priority,oldest,-170,170,10,50,0.15,1,3d,default,nonlooping,,1,0,25,100,80,0.65,no,yes,none,0,,no,,,yes,no,no,0,0,yes,no,,0,,no,no,no
fly_step_brutus_run_ice,raw\sound\zmb\ai\brutus\step\brutus_step_00.LN65.pc.snd.wav,fly_gear_brutus,loaded,bus_fx,grp_foley,snp_foley,,40,0,87,87,250,875,1250,allon,default,allon,default,3,2,priority,oldest,-170,170,10,50,0.15,1,3d,default,nonlooping,,1,0,25,100,80,0.65,no,yes,none,0,,no,,,yes,no,no,0,0,yes,no,,0,,no,no,no
fly_step_brutus_run_ice,raw\sound\zmb\ai\brutus\step\brutus_step_01.LN65.pc.snd.wav,fly_gear_brutus,loaded,bus_fx,grp_foley,snp_foley,,40,0,87,87,250,875,1250,allon,default,allon,default,3,2,priority,oldest,-170,170,10,50,0.15,1,3d,default,nonlooping,,1,0,25,100,80,0.65,no,yes,none,0,,no,,,yes,no,no,0,0,yes,no,,0,,no,no,no
fly_step_brutus_run_ice,raw\sound\zmb\ai\brutus\step\brutus_step_02.LN65.pc.snd.wav,fly_gear_brutus,loaded,bus_fx,grp_foley,snp_foley,,40,0,87,87,250,875,1250,allon,default,allon,default,3,2,priority,oldest,-170,170,10,50,0.15,1,3d,default,nonlooping,,1,0,25,100,80,0.65,no,yes,none,0,,no,,,yes,no,no,0,0,yes,no,,0,,no,no,no
fly_step_brutus_run_ice,raw\sound\zmb\ai\brutus\step\brutus_step_03.LN65.pc.snd.wav,fly_gear_brutus,loaded,bus_fx,grp_foley,snp_foley,,40,0,87,87,250,875,1250,allon,default,allon,default,3,2,priority,oldest,-170,170,10,50,0.15,1,3d,default,nonlooping,,1,0,25,100,80,0.65,no,yes,none,0,,no,,,yes,no,no,0,0,yes,no,,0,,no,no,no
fly_step_brutus_run_ice,raw\sound\zmb\ai\brutus\step\brutus_step_04.LN65.pc.snd.wav,fly_gear_brutus,loaded,bus_fx,grp_foley,snp_foley,,40,0,87,87,250,875,1250,allon,default,allon,default,3,2,priority,oldest,-170,170,10,50,0.15,1,3d,default,nonlooping,,1,0,25,100,80,0.65,no,yes,none,0,,no,,,yes,no,no,0,0,yes,no,,0,,no,no,no
fly_step_brutus_run_metal,raw\sound\zmb\ai\brutus\step\brutus_step_00.LN65.pc.snd.wav,fly_gear_brutus,loaded,bus_fx,grp_foley,snp_foley,,40,0,87,87,250,875,1250,allon,default,allon,default,3,2,priority,oldest,-170,170,10,50,0.15,1,3d,default,nonlooping,,1,0,25,100,80,0.65,no,yes,none,0,,no,,,yes,no,no,0,0,yes,no,,0,,no,no,no
fly_step_brutus_run_metal,raw\sound\zmb\ai\brutus\step\brutus_step_01.LN65.pc.snd.wav,fly_gear_brutus,loaded,bus_fx,grp_foley,snp_foley,,40,0,87,87,250,875,1250,allon,default,allon,default,3,2,priority,oldest,-170,170,10,50,0.15,1,3d,default,nonlooping,,1,0,25,100,80,0.65,no,yes,none,0,,no,,,yes,no,no,0,0,yes,no,,0,,no,no,no
fly_step_brutus_run_metal,raw\sound\zmb\ai\brutus\step\brutus_step_02.LN65.pc.snd.wav,fly_gear_brutus,loaded,bus_fx,grp_foley,snp_foley,,40,0,87,87,250,875,1250,allon,default,allon,default,3,2,priority,oldest,-170,170,10,50,0.15,1,3d,default,nonlooping,,1,0,25,100,80,0.65,no,yes,none,0,,no,,,yes,no,no,0,0,yes,no,,0,,no,no,no
fly_step_brutus_run_metal,raw\sound\zmb\ai\brutus\step\brutus_step_03.LN65.pc.snd.wav,fly_gear_brutus,loaded,bus_fx,grp_foley,snp_foley,,40,0,87,87,250,875,1250,allon,default,allon,default,3,2,priority,oldest,-170,170,10,50,0.15,1,3d,default,nonlooping,,1,0,25,100,80,0.65,no,yes,none,0,,no,,,yes,no,no,0,0,yes,no,,0,,no,no,no
fly_step_brutus_run_metal,raw\sound\zmb\ai\brutus\step\brutus_step_04.LN65.pc.snd.wav,fly_gear_brutus,loaded,bus_fx,grp_foley,snp_foley,,40,0,87,87,250,875,1250,allon,default,allon,default,3,2,priority,oldest,-170,170,10,50,0.15,1,3d,default,nonlooping,,1,0,25,100,80,0.65,no,yes,none,0,,no,,,yes,no,no,0,0,yes,no,,0,,no,no,no
fly_step_brutus_run_mud,raw\sound\zmb\ai\brutus\step\brutus_step_00.LN65.pc.snd.wav,fly_gear_brutus,loaded,bus_fx,grp_foley,snp_foley,,40,0,87,87,250,875,1250,allon,default,allon,default,3,2,priority,oldest,-170,170,10,50,0.15,1,3d,default,nonlooping,,1,0,25,100,80,0.65,no,yes,none,0,,no,,,yes,no,no,0,0,yes,no,,0,,no,no,no
fly_step_brutus_run_mud,raw\sound\zmb\ai\brutus\step\brutus_step_01.LN65.pc.snd.wav,fly_gear_brutus,loaded,bus_fx,grp_foley,snp_foley,,40,0,87,87,250,875,1250,allon,default,allon,default,3,2,priority,oldest,-170,170,10,50,0.15,1,3d,default,nonlooping,,1,0,25,100,80,0.65,no,yes,none,0,,no,,,yes,no,no,0,0,yes,no,,0,,no,no,no
fly_step_brutus_run_mud,raw\sound\zmb\ai\brutus\step\brutus_step_02.LN65.pc.snd.wav,fly_gear_brutus,loaded,bus_fx,grp_foley,snp_foley,,40,0,87,87,250,875,1250,allon,default,allon,default,3,2,priority,oldest,-170,170,10,50,0.15,1,3d,default,nonlooping,,1,0,25,100,80,0.65,no,yes,none,0,,no,,,yes,no,no,0,0,yes,no,,0,,no,no,no
fly_step_brutus_run_mud,raw\sound\zmb\ai\brutus\step\brutus_step_03.LN65.pc.snd.wav,fly_gear_brutus,loaded,bus_fx,grp_foley,snp_foley,,40,0,87,87,250,875,1250,allon,default,allon,default,3,2,priority,oldest,-170,170,10,50,0.15,1,3d,default,nonlooping,,1,0,25,100,80,0.65,no,yes,none,0,,no,,,yes,no,no,0,0,yes,no,,0,,no,no,no
fly_step_brutus_run_mud,raw\sound\zmb\ai\brutus\step\brutus_step_04.LN65.pc.snd.wav,fly_gear_brutus,loaded,bus_fx,grp_foley,snp_foley,,40,0,87,87,250,875,1250,allon,default,allon,default,3,2,priority,oldest,-170,170,10,50,0.15,1,3d,default,nonlooping,,1,0,25,100,80,0.65,no,yes,none,0,,no,,,yes,no,no,0,0,yes,no,,0,,no,no,no
fly_step_brutus_run_paintedmetal,raw\sound\zmb\ai\brutus\step\brutus_step_00.LN65.pc.snd.wav,fly_gear_brutus,loaded,bus_fx,grp_foley,snp_foley,,40,0,87,87,250,875,1250,allon,default,allon,default,3,2,priority,oldest,-170,170,10,50,0.15,1,3d,default,nonlooping,,1,0,25,100,80,0.65,no,yes,none,0,,no,,,yes,no,no,0,0,yes,no,,0,,no,no,no
fly_step_brutus_run_paintedmetal,raw\sound\zmb\ai\brutus\step\brutus_step_01.LN65.pc.snd.wav,fly_gear_brutus,loaded,bus_fx,grp_foley,snp_foley,,40,0,87,87,250,875,1250,allon,default,allon,default,3,2,priority,oldest,-170,170,10,50,0.15,1,3d,default,nonlooping,,1,0,25,100,80,0.65,no,yes,none,0,,no,,,yes,no,no,0,0,yes,no,,0,,no,no,no
fly_step_brutus_run_paintedmetal,raw\sound\zmb\ai\brutus\step\brutus_step_02.LN65.pc.snd.wav,fly_gear_brutus,loaded,bus_fx,grp_foley,snp_foley,,40,0,87,87,250,875,1250,allon,default,allon,default,3,2,priority,oldest,-170,170,10,50,0.15,1,3d,default,nonlooping,,1,0,25,100,80,0.65,no,yes,none,0,,no,,,yes,no,no,0,0,yes,no,,0,,no,no,no
fly_step_brutus_run_paintedmetal,raw\sound\zmb\ai\brutus\step\brutus_step_03.LN65.pc.snd.wav,fly_gear_brutus,loaded,bus_fx,grp_foley,snp_foley,,40,0,87,87,250,875,1250,allon,default,allon,default,3,2,priority,oldest,-170,170,10,50,0.15,1,3d,default,nonlooping,,1,0,25,100,80,0.65,no,yes,none,0,,no,,,yes,no,no,0,0,yes,no,,0,,no,no,no
fly_step_brutus_run_paintedmetal,raw\sound\zmb\ai\brutus\step\brutus_step_04.LN65.pc.snd.wav,fly_gear_brutus,loaded,bus_fx,grp_foley,snp_foley,,40,0,87,87,250,875,1250,allon,default,allon,default,3,2,priority,oldest,-170,170,10,50,0.15,1,3d,default,nonlooping,,1,0,25,100,80,0.65,no,yes,none,0,,no,,,yes,no,no,0,0,yes,no,,0,,no,no,no
fly_step_brutus_run_paper,raw\sound\zmb\ai\brutus\step\brutus_step_00.LN65.pc.snd.wav,fly_gear_brutus,loaded,bus_fx,grp_foley,snp_foley,,40,0,87,87,250,875,1250,allon,default,allon,default,3,2,priority,oldest,-170,170,10,50,0.15,1,3d,default,nonlooping,,1,0,25,100,80,0.65,no,yes,none,0,,no,,,yes,no,no,0,0,yes,no,,0,,no,no,no
fly_step_brutus_run_paper,raw\sound\zmb\ai\brutus\step\brutus_step_01.LN65.pc.snd.wav,fly_gear_brutus,loaded,bus_fx,grp_foley,snp_foley,,40,0,87,87,250,875,1250,allon,default,allon,default,3,2,priority,oldest,-170,170,10,50,0.15,1,3d,default,nonlooping,,1,0,25,100,80,0.65,no,yes,none,0,,no,,,yes,no,no,0,0,yes,no,,0,,no,no,no
fly_step_brutus_run_paper,raw\sound\zmb\ai\brutus\step\brutus_step_02.LN65.pc.snd.wav,fly_gear_brutus,loaded,bus_fx,grp_foley,snp_foley,,40,0,87,87,250,875,1250,allon,default,allon,default,3,2,priority,oldest,-170,170,10,50,0.15,1,3d,default,nonlooping,,1,0,25,100,80,0.65,no,yes,none,0,,no,,,yes,no,no,0,0,yes,no,,0,,no,no,no
fly_step_brutus_run_paper,raw\sound\zmb\ai\brutus\step\brutus_step_03.LN65.pc.snd.wav,fly_gear_brutus,loaded,bus_fx,grp_foley,snp_foley,,40,0,87,87,250,875,1250,allon,default,allon,default,3,2,priority,oldest,-170,170,10,50,0.15,1,3d,default,nonlooping,,1,0,25,100,80,0.65,no,yes,none,0,,no,,,yes,no,no,0,0,yes,no,,0,,no,no,no
fly_step_brutus_run_paper,raw\sound\zmb\ai\brutus\step\brutus_step_04.LN65.pc.snd.wav,fly_gear_brutus,loaded,bus_fx,grp_foley,snp_foley,,40,0,87,87,250,875,1250,allon,default,allon,default,3,2,priority,oldest,-170,170,10,50,0.15,1,3d,default,nonlooping,,1,0,25,100,80,0.65,no,yes,none,0,,no,,,yes,no,no,0,0,yes,no,,0,,no,no,no
fly_step_brutus_run_plaster,raw\sound\zmb\ai\brutus\step\brutus_step_00.LN65.pc.snd.wav,fly_gear_brutus,loaded,bus_fx,grp_foley,snp_foley,,40,0,87,87,250,875,1250,allon,default,allon,default,3,2,priority,oldest,-170,170,10,50,0.15,1,3d,default,nonlooping,,1,0,25,100,80,0.65,no,yes,none,0,,no,,,yes,no,no,0,0,yes,no,,0,,no,no,no
fly_step_brutus_run_plaster,raw\sound\zmb\ai\brutus\step\brutus_step_01.LN65.pc.snd.wav,fly_gear_brutus,loaded,bus_fx,grp_foley,snp_foley,,40,0,87,87,250,875,1250,allon,default,allon,default,3,2,priority,oldest,-170,170,10,50,0.15,1,3d,default,nonlooping,,1,0,25,100,80,0.65,no,yes,none,0,,no,,,yes,no,no,0,0,yes,no,,0,,no,no,no
fly_step_brutus_run_plaster,raw\sound\zmb\ai\brutus\step\brutus_step_02.LN65.pc.snd.wav,fly_gear_brutus,loaded,bus_fx,grp_foley,snp_foley,,40,0,87,87,250,875,1250,allon,default,allon,default,3,2,priority,oldest,-170,170,10,50,0.15,1,3d,default,nonlooping,,1,0,25,100,80,0.65,no,yes,none,0,,no,,,yes,no,no,0,0,yes,no,,0,,no,no,no
fly_step_brutus_run_plaster,raw\sound\zmb\ai\brutus\step\brutus_step_03.LN65.pc.snd.wav,fly_gear_brutus,loaded,bus_fx,grp_foley,snp_foley,,40,0,87,87,250,875,1250,allon,default,allon,default,3,2,priority,oldest,-170,170,10,50,0.15,1,3d,default,nonlooping,,1,0,25,100,80,0.65,no,yes,none,0,,no,,,yes,no,no,0,0,yes,no,,0,,no,no,no
fly_step_brutus_run_plaster,raw\sound\zmb\ai\brutus\step\brutus_step_04.LN65.pc.snd.wav,fly_gear_brutus,loaded,bus_fx,grp_foley,snp_foley,,40,0,87,87,250,875,1250,allon,default,allon,default,3,2,priority,oldest,-170,170,10,50,0.15,1,3d,default,nonlooping,,1,0,25,100,80,0.65,no,yes,none,0,,no,,,yes,no,no,0,0,yes,no,,0,,no,no,no
fly_step_brutus_run_plastic,raw\sound\zmb\ai\brutus\step\brutus_step_00.LN65.pc.snd.wav,fly_gear_brutus,loaded,bus_fx,grp_foley,snp_foley,,40,0,87,87,250,875,1250,allon,default,allon,default,3,2,priority,oldest,-170,170,10,50,0.15,1,3d,default,nonlooping,,1,0,25,100,80,0.65,no,yes,none,0,,no,,,yes,no,no,0,0,yes,no,,0,,no,no,no
fly_step_brutus_run_plastic,raw\sound\zmb\ai\brutus\step\brutus_step_01.LN65.pc.snd.wav,fly_gear_brutus,loaded,bus_fx,grp_foley,snp_foley,,40,0,87,87,250,875,1250,allon,default,allon,default,3,2,priority,oldest,-170,170,10,50,0.15,1,3d,default,nonlooping,,1,0,25,100,80,0.65,no,yes,none,0,,no,,,yes,no,no,0,0,yes,no,,0,,no,no,no
fly_step_brutus_run_plastic,raw\sound\zmb\ai\brutus\step\brutus_step_02.LN65.pc.snd.wav,fly_gear_brutus,loaded,bus_fx,grp_foley,snp_foley,,40,0,87,87,250,875,1250,allon,default,allon,default,3,2,priority,oldest,-170,170,10,50,0.15,1,3d,default,nonlooping,,1,0,25,100,80,0.65,no,yes,none,0,,no,,,yes,no,no,0,0,yes,no,,0,,no,no,no
fly_step_brutus_run_plastic,raw\sound\zmb\ai\brutus\step\brutus_step_03.LN65.pc.snd.wav,fly_gear_brutus,loaded,bus_fx,grp_foley,snp_foley,,40,0,87,87,250,875,1250,allon,default,allon,default,3,2,priority,oldest,-170,170,10,50,0.15,1,3d,default,nonlooping,,1,0,25,100,80,0.65,no,yes,none,0,,no,,,yes,no,no,0,0,yes,no,,0,,no,no,no
fly_step_brutus_run_plastic,raw\sound\zmb\ai\brutus\step\brutus_step_04.LN65.pc.snd.wav,fly_gear_brutus,loaded,bus_fx,grp_foley,snp_foley,,40,0,87,87,250,875,1250,allon,default,allon,default,3,2,priority,oldest,-170,170,10,50,0.15,1,3d,default,nonlooping,,1,0,25,100,80,0.65,no,yes,none,0,,no,,,yes,no,no,0,0,yes,no,,0,,no,no,no
fly_step_brutus_run_rock,raw\sound\zmb\ai\brutus\step\brutus_step_00.LN65.pc.snd.wav,fly_gear_brutus,loaded,bus_fx,grp_foley,snp_foley,,40,0,87,87,250,875,1250,allon,default,allon,default,3,2,priority,oldest,-170,170,10,50,0.15,1,3d,default,nonlooping,,1,0,25,100,80,0.65,no,yes,none,0,,no,,,yes,no,no,0,0,yes,no,,0,,no,no,no
fly_step_brutus_run_rock,raw\sound\zmb\ai\brutus\step\brutus_step_01.LN65.pc.snd.wav,fly_gear_brutus,loaded,bus_fx,grp_foley,snp_foley,,40,0,87,87,250,875,1250,allon,default,allon,default,3,2,priority,oldest,-170,170,10,50,0.15,1,3d,default,nonlooping,,1,0,25,100,80,0.65,no,yes,none,0,,no,,,yes,no,no,0,0,yes,no,,0,,no,no,no
fly_step_brutus_run_rock,raw\sound\zmb\ai\brutus\step\brutus_step_02.LN65.pc.snd.wav,fly_gear_brutus,loaded,bus_fx,grp_foley,snp_foley,,40,0,87,87,250,875,1250,allon,default,allon,default,3,2,priority,oldest,-170,170,10,50,0.15,1,3d,default,nonlooping,,1,0,25,100,80,0.65,no,yes,none,0,,no,,,yes,no,no,0,0,yes,no,,0,,no,no,no
fly_step_brutus_run_rock,raw\sound\zmb\ai\brutus\step\brutus_step_03.LN65.pc.snd.wav,fly_gear_brutus,loaded,bus_fx,grp_foley,snp_foley,,40,0,87,87,250,875,1250,allon,default,allon,default,3,2,priority,oldest,-170,170,10,50,0.15,1,3d,default,nonlooping,,1,0,25,100,80,0.65,no,yes,none,0,,no,,,yes,no,no,0,0,yes,no,,0,,no,no,no
fly_step_brutus_run_rock,raw\sound\zmb\ai\brutus\step\brutus_step_04.LN65.pc.snd.wav,fly_gear_brutus,loaded,bus_fx,grp_foley,snp_foley,,40,0,87,87,250,875,1250,allon,default,allon,default,3,2,priority,oldest,-170,170,10,50,0.15,1,3d,default,nonlooping,,1,0,25,100,80,0.65,no,yes,none,0,,no,,,yes,no,no,0,0,yes,no,,0,,no,no,no
fly_step_brutus_run_rubber,raw\sound\zmb\ai\brutus\step\brutus_step_00.LN65.pc.snd.wav,fly_gear_brutus,loaded,bus_fx,grp_foley,snp_foley,,40,0,87,87,250,875,1250,allon,default,allon,default,3,2,priority,oldest,-170,170,10,50,0.15,1,3d,default,nonlooping,,1,0,25,100,80,0.65,no,yes,none,0,,no,,,yes,no,no,0,0,yes,no,,0,,no,no,no
fly_step_brutus_run_rubber,raw\sound\zmb\ai\brutus\step\brutus_step_01.LN65.pc.snd.wav,fly_gear_brutus,loaded,bus_fx,grp_foley,snp_foley,,40,0,87,87,250,875,1250,allon,default,allon,default,3,2,priority,oldest,-170,170,10,50,0.15,1,3d,default,nonlooping,,1,0,25,100,80,0.65,no,yes,none,0,,no,,,yes,no,no,0,0,yes,no,,0,,no,no,no
fly_step_brutus_run_rubber,raw\sound\zmb\ai\brutus\step\brutus_step_02.LN65.pc.snd.wav,fly_gear_brutus,loaded,bus_fx,grp_foley,snp_foley,,40,0,87,87,250,875,1250,allon,default,allon,default,3,2,priority,oldest,-170,170,10,50,0.15,1,3d,default,nonlooping,,1,0,25,100,80,0.65,no,yes,none,0,,no,,,yes,no,no,0,0,yes,no,,0,,no,no,no
fly_step_brutus_run_rubber,raw\sound\zmb\ai\brutus\step\brutus_step_03.LN65.pc.snd.wav,fly_gear_brutus,loaded,bus_fx,grp_foley,snp_foley,,40,0,87,87,250,875,1250,allon,default,allon,default,3,2,priority,oldest,-170,170,10,50,0.15,1,3d,default,nonlooping,,1,0,25,100,80,0.65,no,yes,none,0,,no,,,yes,no,no,0,0,yes,no,,0,,no,no,no
fly_step_brutus_run_rubber,raw\sound\zmb\ai\brutus\step\brutus_step_04.LN65.pc.snd.wav,fly_gear_brutus,loaded,bus_fx,grp_foley,snp_foley,,40,0,87,87,250,875,1250,allon,default,allon,default,3,2,priority,oldest,-170,170,10,50,0.15,1,3d,default,nonlooping,,1,0,25,100,80,0.65,no,yes,none,0,,no,,,yes,no,no,0,0,yes,no,,0,,no,no,no
fly_step_brutus_run_sand,raw\sound\zmb\ai\brutus\step\brutus_step_00.LN65.pc.snd.wav,fly_gear_brutus,loaded,bus_fx,grp_foley,snp_foley,,40,0,87,87,250,875,1250,allon,default,allon,default,3,2,priority,oldest,-170,170,10,50,0.15,1,3d,default,nonlooping,,1,0,25,100,80,0.65,no,yes,none,0,,no,,,yes,no,no,0,0,yes,no,,0,,no,no,no
fly_step_brutus_run_sand,raw\sound\zmb\ai\brutus\step\brutus_step_01.LN65.pc.snd.wav,fly_gear_brutus,loaded,bus_fx,grp_foley,snp_foley,,40,0,87,87,250,875,1250,allon,default,allon,default,3,2,priority,oldest,-170,170,10,50,0.15,1,3d,default,nonlooping,,1,0,25,100,80,0.65,no,yes,none,0,,no,,,yes,no,no,0,0,yes,no,,0,,no,no,no
fly_step_brutus_run_sand,raw\sound\zmb\ai\brutus\step\brutus_step_02.LN65.pc.snd.wav,fly_gear_brutus,loaded,bus_fx,grp_foley,snp_foley,,40,0,87,87,250,875,1250,allon,default,allon,default,3,2,priority,oldest,-170,170,10,50,0.15,1,3d,default,nonlooping,,1,0,25,100,80,0.65,no,yes,none,0,,no,,,yes,no,no,0,0,yes,no,,0,,no,no,no
fly_step_brutus_run_sand,raw\sound\zmb\ai\brutus\step\brutus_step_03.LN65.pc.snd.wav,fly_gear_brutus,loaded,bus_fx,grp_foley,snp_foley,,40,0,87,87,250,875,1250,allon,default,allon,default,3,2,priority,oldest,-170,170,10,50,0.15,1,3d,default,nonlooping,,1,0,25,100,80,0.65,no,yes,none,0,,no,,,yes,no,no,0,0,yes,no,,0,,no,no,no
fly_step_brutus_run_sand,raw\sound\zmb\ai\brutus\step\brutus_step_04.LN65.pc.snd.wav,fly_gear_brutus,loaded,bus_fx,grp_foley,snp_foley,,40,0,87,87,250,875,1250,allon,default,allon,default,3,2,priority,oldest,-170,170,10,50,0.15,1,3d,default,nonlooping,,1,0,25,100,80,0.65,no,yes,none,0,,no,,,yes,no,no,0,0,yes,no,,0,,no,no,no
fly_step_brutus_run_snow,raw\sound\zmb\ai\brutus\step\brutus_step_00.LN65.pc.snd.wav,fly_gear_brutus,loaded,bus_fx,grp_foley,snp_foley,,40,0,87,87,250,875,1250,allon,default,allon,default,3,2,priority,oldest,-170,170,10,50,0.15,1,3d,default,nonlooping,,1,0,25,100,80,0.65,no,yes,none,0,,no,,,yes,no,no,0,0,yes,no,,0,,no,no,no
fly_step_brutus_run_snow,raw\sound\zmb\ai\brutus\step\brutus_step_01.LN65.pc.snd.wav,fly_gear_brutus,loaded,bus_fx,grp_foley,snp_foley,,40,0,87,87,250,875,1250,allon,default,allon,default,3,2,priority,oldest,-170,170,10,50,0.15,1,3d,default,nonlooping,,1,0,25,100,80,0.65,no,yes,none,0,,no,,,yes,no,no,0,0,yes,no,,0,,no,no,no
fly_step_brutus_run_snow,raw\sound\zmb\ai\brutus\step\brutus_step_02.LN65.pc.snd.wav,fly_gear_brutus,loaded,bus_fx,grp_foley,snp_foley,,40,0,87,87,250,875,1250,allon,default,allon,default,3,2,priority,oldest,-170,170,10,50,0.15,1,3d,default,nonlooping,,1,0,25,100,80,0.65,no,yes,none,0,,no,,,yes,no,no,0,0,yes,no,,0,,no,no,no
fly_step_brutus_run_snow,raw\sound\zmb\ai\brutus\step\brutus_step_03.LN65.pc.snd.wav,fly_gear_brutus,loaded,bus_fx,grp_foley,snp_foley,,40,0,87,87,250,875,1250,allon,default,allon,default,3,2,priority,oldest,-170,170,10,50,0.15,1,3d,default,nonlooping,,1,0,25,100,80,0.65,no,yes,none,0,,no,,,yes,no,no,0,0,yes,no,,0,,no,no,no
fly_step_brutus_run_snow,raw\sound\zmb\ai\brutus\step\brutus_step_04.LN65.pc.snd.wav,fly_gear_brutus,loaded,bus_fx,grp_foley,snp_foley,,40,0,87,87,250,875,1250,allon,default,allon,default,3,2,priority,oldest,-170,170,10,50,0.15,1,3d,default,nonlooping,,1,0,25,100,80,0.65,no,yes,none,0,,no,,,yes,no,no,0,0,yes,no,,0,,no,no,no
fly_step_brutus_run_water,raw\sound\zmb\ai\brutus\step\brutus_step_00.LN65.pc.snd.wav,fly_gear_brutus,loaded,bus_fx,grp_foley,snp_foley,,40,0,87,87,250,875,1250,allon,default,allon,default,3,2,oldest,oldest,-170,170,10,50,0.15,1,3d,default,nonlooping,,1,0,25,100,80,0.65,no,yes,none,0,,no,,,yes,no,no,0,0,yes,no,,0,,no,no,no
fly_step_brutus_run_water,raw\sound\zmb\ai\brutus\step\brutus_step_01.LN65.pc.snd.wav,fly_gear_brutus,loaded,bus_fx,grp_foley,snp_foley,,40,0,87,87,250,875,1250,allon,default,allon,default,3,2,oldest,oldest,-170,170,10,50,0.15,1,3d,default,nonlooping,,1,0,25,100,80,0.65,no,yes,none,0,,no,,,yes,no,no,0,0,yes,no,,0,,no,no,no
fly_step_brutus_run_water,raw\sound\zmb\ai\brutus\step\brutus_step_02.LN65.pc.snd.wav,fly_gear_brutus,loaded,bus_fx,grp_foley,snp_foley,,40,0,87,87,250,875,1250,allon,default,allon,default,3,2,oldest,oldest,-170,170,10,50,0.15,1,3d,default,nonlooping,,1,0,25,100,80,0.65,no,yes,none,0,,no,,,yes,no,no,0,0,yes,no,,0,,no,no,no
fly_step_brutus_run_water,raw\sound\zmb\ai\brutus\step\brutus_step_03.LN65.pc.snd.wav,fly_gear_brutus,loaded,bus_fx,grp_foley,snp_foley,,40,0,87,87,250,875,1250,allon,default,allon,default,3,2,oldest,oldest,-170,170,10,50,0.15,1,3d,default,nonlooping,,1,0,25,100,80,0.65,no,yes,none,0,,no,,,yes,no,no,0,0,yes,no,,0,,no,no,no
fly_step_brutus_run_water,raw\sound\zmb\ai\brutus\step\brutus_step_04.LN65.pc.snd.wav,fly_gear_brutus,loaded,bus_fx,grp_foley,snp_foley,,40,0,87,87,250,875,1250,allon,default,allon,default,3,2,oldest,oldest,-170,170,10,50,0.15,1,3d,default,nonlooping,,1,0,25,100,80,0.65,no,yes,none,0,,no,,,yes,no,no,0,0,yes,no,,0,,no,no,no
fly_step_brutus_run_wood,raw\sound\zmb\ai\brutus\step\brutus_step_00.LN65.pc.snd.wav,fly_gear_brutus,loaded,bus_fx,grp_foley,snp_foley,,40,0,87,87,250,875,1250,allon,default,allon,default,3,2,priority,oldest,-170,170,10,50,0.15,1,3d,default,nonlooping,,1,0,25,100,80,0.65,no,yes,none,0,,no,,,yes,no,no,0,0,yes,no,,0,,no,no,no
fly_step_brutus_run_wood,raw\sound\zmb\ai\brutus\step\brutus_step_01.LN65.pc.snd.wav,fly_gear_brutus,loaded,bus_fx,grp_foley,snp_foley,,40,0,87,87,250,875,1250,allon,default,allon,default,3,2,priority,oldest,-170,170,10,50,0.15,1,3d,default,nonlooping,,1,0,25,100,80,0.65,no,yes,none,0,,no,,,yes,no,no,0,0,yes,no,,0,,no,no,no
fly_step_brutus_run_wood,raw\sound\zmb\ai\brutus\step\brutus_step_02.LN65.pc.snd.wav,fly_gear_brutus,loaded,bus_fx,grp_foley,snp_foley,,40,0,87,87,250,875,1250,allon,default,allon,default,3,2,priority,oldest,-170,170,10,50,0.15,1,3d,default,nonlooping,,1,0,25,100,80,0.65,no,yes,none,0,,no,,,yes,no,no,0,0,yes,no,,0,,no,no,no
fly_step_brutus_run_wood,raw\sound\zmb\ai\brutus\step\brutus_step_03.LN65.pc.snd.wav,fly_gear_brutus,loaded,bus_fx,grp_foley,snp_foley,,40,0,87,87,250,875,1250,allon,default,allon,default,3,2,priority,oldest,-170,170,10,50,0.15,1,3d,default,nonlooping,,1,0,25,100,80,0.65,no,yes,none,0,,no,,,yes,no,no,0,0,yes,no,,0,,no,no,no
fly_step_brutus_run_wood,raw\sound\zmb\ai\brutus\step\brutus_step_04.LN65.pc.snd.wav,fly_gear_brutus,loaded,bus_fx,grp_foley,snp_foley,,40,0,87,87,250,875,1250,allon,default,allon,default,3,2,priority,oldest,-170,170,10,50,0.15,1,3d,default,nonlooping,,1,0,25,100,80,0.65,no,yes,none,0,,no,,,yes,no,no,0,0,yes,no,,0,,no,no,no
fly_step_brutus_sprint_asphalt,raw\sound\zmb\ai\brutus\step\brutus_step_00.LN65.pc.snd.wav,fly_gear_brutus,loaded,bus_fx,grp_foley,snp_foley,,40,0,87,87,250,875,1250,allon,default,allon,default,3,2,priority,oldest,-170,170,10,50,0.15,1,3d,default,nonlooping,,1,0,25,100,80,0.65,no,yes,none,0,,no,,,yes,no,no,0,0,yes,no,,0,,no,no,no
fly_step_brutus_sprint_asphalt,raw\sound\zmb\ai\brutus\step\brutus_step_01.LN65.pc.snd.wav,fly_gear_brutus,loaded,bus_fx,grp_foley,snp_foley,,40,0,87,87,250,875,1250,allon,default,allon,default,3,2,priority,oldest,-170,170,10,50,0.15,1,3d,default,nonlooping,,1,0,25,100,80,0.65,no,yes,none,0,,no,,,yes,no,no,0,0,yes,no,,0,,no,no,no
fly_step_brutus_sprint_asphalt,raw\sound\zmb\ai\brutus\step\brutus_step_02.LN65.pc.snd.wav,fly_gear_brutus,loaded,bus_fx,grp_foley,snp_foley,,40,0,87,87,250,875,1250,allon,default,allon,default,3,2,priority,oldest,-170,170,10,50,0.15,1,3d,default,nonlooping,,1,0,25,100,80,0.65,no,yes,none,0,,no,,,yes,no,no,0,0,yes,no,,0,,no,no,no
fly_step_brutus_sprint_asphalt,raw\sound\zmb\ai\brutus\step\brutus_step_03.LN65.pc.snd.wav,fly_gear_brutus,loaded,bus_fx,grp_foley,snp_foley,,40,0,87,87,250,875,1250,allon,default,allon,default,3,2,priority,oldest,-170,170,10,50,0.15,1,3d,default,nonlooping,,1,0,25,100,80,0.65,no,yes,none,0,,no,,,yes,no,no,0,0,yes,no,,0,,no,no,no
fly_step_brutus_sprint_asphalt,raw\sound\zmb\ai\brutus\step\brutus_step_04.LN65.pc.snd.wav,fly_gear_brutus,loaded,bus_fx,grp_foley,snp_foley,,40,0,87,87,250,875,1250,allon,default,allon,default,3,2,priority,oldest,-170,170,10,50,0.15,1,3d,default,nonlooping,,1,0,25,100,80,0.65,no,yes,none,0,,no,,,yes,no,no,0,0,yes,no,,0,,no,no,no
fly_step_brutus_sprint_bark,raw\sound\zmb\ai\brutus\step\brutus_step_00.LN65.pc.snd.wav,fly_gear_brutus,loaded,bus_fx,grp_foley,snp_foley,,40,0,87,87,250,875,1250,allon,default,allon,default,3,2,priority,oldest,-170,170,10,50,0.15,1,3d,default,nonlooping,,1,0,25,100,80,0.65,no,yes,none,0,,no,,,yes,no,no,0,0,yes,no,,0,,no,no,no
fly_step_brutus_sprint_bark,raw\sound\zmb\ai\brutus\step\brutus_step_01.LN65.pc.snd.wav,fly_gear_brutus,loaded,bus_fx,grp_foley,snp_foley,,40,0,87,87,250,875,1250,allon,default,allon,default,3,2,priority,oldest,-170,170,10,50,0.15,1,3d,default,nonlooping,,1,0,25,100,80,0.65,no,yes,none,0,,no,,,yes,no,no,0,0,yes,no,,0,,no,no,no
fly_step_brutus_sprint_bark,raw\sound\zmb\ai\brutus\step\brutus_step_02.LN65.pc.snd.wav,fly_gear_brutus,loaded,bus_fx,grp_foley,snp_foley,,40,0,87,87,250,875,1250,allon,default,allon,default,3,2,priority,oldest,-170,170,10,50,0.15,1,3d,default,nonlooping,,1,0,25,100,80,0.65,no,yes,none,0,,no,,,yes,no,no,0,0,yes,no,,0,,no,no,no
fly_step_brutus_sprint_bark,raw\sound\zmb\ai\brutus\step\brutus_step_03.LN65.pc.snd.wav,fly_gear_brutus,loaded,bus_fx,grp_foley,snp_foley,,40,0,87,87,250,875,1250,allon,default,allon,default,3,2,priority,oldest,-170,170,10,50,0.15,1,3d,default,nonlooping,,1,0,25,100,80,0.65,no,yes,none,0,,no,,,yes,no,no,0,0,yes,no,,0,,no,no,no
fly_step_brutus_sprint_bark,raw\sound\zmb\ai\brutus\step\brutus_step_04.LN65.pc.snd.wav,fly_gear_brutus,loaded,bus_fx,grp_foley,snp_foley,,40,0,87,87,250,875,1250,allon,default,allon,default,3,2,priority,oldest,-170,170,10,50,0.15,1,3d,default,nonlooping,,1,0,25,100,80,0.65,no,yes,none,0,,no,,,yes,no,no,0,0,yes,no,,0,,no,no,no
fly_step_brutus_sprint_brick,raw\sound\zmb\ai\brutus\step\brutus_step_00.LN65.pc.snd.wav,fly_gear_brutus,loaded,bus_fx,grp_foley,snp_foley,,40,0,87,87,250,875,1250,allon,default,allon,default,3,2,priority,oldest,-170,170,10,50,0.15,1,3d,default,nonlooping,,1,0,25,100,80,0.65,no,yes,none,0,,no,,,yes,no,no,0,0,yes,no,,0,,no,no,no
fly_step_brutus_sprint_brick,raw\sound\zmb\ai\brutus\step\brutus_step_01.LN65.pc.snd.wav,fly_gear_brutus,loaded,bus_fx,grp_foley,snp_foley,,40,0,87,87,250,875,1250,allon,default,allon,default,3,2,priority,oldest,-170,170,10,50,0.15,1,3d,default,nonlooping,,1,0,25,100,80,0.65,no,yes,none,0,,no,,,yes,no,no,0,0,yes,no,,0,,no,no,no
fly_step_brutus_sprint_brick,raw\sound\zmb\ai\brutus\step\brutus_step_02.LN65.pc.snd.wav,fly_gear_brutus,loaded,bus_fx,grp_foley,snp_foley,,40,0,87,87,250,875,1250,allon,default,allon,default,3,2,priority,oldest,-170,170,10,50,0.15,1,3d,default,nonlooping,,1,0,25,100,80,0.65,no,yes,none,0,,no,,,yes,no,no,0,0,yes,no,,0,,no,no,no
fly_step_brutus_sprint_brick,raw\sound\zmb\ai\brutus\step\brutus_step_03.LN65.pc.snd.wav,fly_gear_brutus,loaded,bus_fx,grp_foley,snp_foley,,40,0,87,87,250,875,1250,allon,default,allon,default,3,2,priority,oldest,-170,170,10,50,0.15,1,3d,default,nonlooping,,1,0,25,100,80,0.65,no,yes,none,0,,no,,,yes,no,no,0,0,yes,no,,0,,no,no,no
fly_step_brutus_sprint_brick,raw\sound\zmb\ai\brutus\step\brutus_step_04.LN65.pc.snd.wav,fly_gear_brutus,loaded,bus_fx,grp_foley,snp_foley,,40,0,87,87,250,875,1250,allon,default,allon,default,3,2,priority,oldest,-170,170,10,50,0.15,1,3d,default,nonlooping,,1,0,25,100,80,0.65,no,yes,none,0,,no,,,yes,no,no,0,0,yes,no,,0,,no,no,no
fly_step_brutus_sprint_carpet,raw\sound\zmb\ai\brutus\step\brutus_step_00.LN65.pc.snd.wav,fly_gear_brutus,loaded,bus_fx,grp_foley,snp_foley,,40,0,87,87,250,875,1250,allon,default,allon,default,3,2,oldest,oldest,-170,170,10,50,0.15,1,3d,default,nonlooping,,1,0,25,100,80,0.65,no,yes,none,0,,no,,,yes,no,no,0,0,yes,no,,0,,no,no,no
fly_step_brutus_sprint_carpet,raw\sound\zmb\ai\brutus\step\brutus_step_01.LN65.pc.snd.wav,fly_gear_brutus,loaded,bus_fx,grp_foley,snp_foley,,40,0,87,87,250,875,1250,allon,default,allon,default,3,2,oldest,oldest,-170,170,10,50,0.15,1,3d,default,nonlooping,,1,0,25,100,80,0.65,no,yes,none,0,,no,,,yes,no,no,0,0,yes,no,,0,,no,no,no
fly_step_brutus_sprint_carpet,raw\sound\zmb\ai\brutus\step\brutus_step_02.LN65.pc.snd.wav,fly_gear_brutus,loaded,bus_fx,grp_foley,snp_foley,,40,0,87,87,250,875,1250,allon,default,allon,default,3,2,oldest,oldest,-170,170,10,50,0.15,1,3d,default,nonlooping,,1,0,25,100,80,0.65,no,yes,none,0,,no,,,yes,no,no,0,0,yes,no,,0,,no,no,no
fly_step_brutus_sprint_carpet,raw\sound\zmb\ai\brutus\step\brutus_step_03.LN65.pc.snd.wav,fly_gear_brutus,loaded,bus_fx,grp_foley,snp_foley,,40,0,87,87,250,875,1250,allon,default,allon,default,3,2,oldest,oldest,-170,170,10,50,0.15,1,3d,default,nonlooping,,1,0,25,100,80,0.65,no,yes,none,0,,no,,,yes,no,no,0,0,yes,no,,0,,no,no,no
fly_step_brutus_sprint_carpet,raw\sound\zmb\ai\brutus\step\brutus_step_04.LN65.pc.snd.wav,fly_gear_brutus,loaded,bus_fx,grp_foley,snp_foley,,40,0,87,87,250,875,1250,allon,default,allon,default,3,2,oldest,oldest,-170,170,10,50,0.15,1,3d,default,nonlooping,,1,0,25,100,80,0.65,no,yes,none,0,,no,,,yes,no,no,0,0,yes,no,,0,,no,no,no
fly_step_brutus_sprint_ceramic,raw\sound\zmb\ai\brutus\step\brutus_step_00.LN65.pc.snd.wav,fly_gear_brutus,loaded,bus_fx,grp_foley,snp_foley,,40,0,87,87,250,875,1250,allon,default,allon,default,3,2,priority,oldest,-170,170,10,50,0.15,1,3d,default,nonlooping,,1,0,25,100,80,0.65,no,yes,none,0,,no,,,yes,no,no,0,0,yes,no,,0,,no,no,no
fly_step_brutus_sprint_ceramic,raw\sound\zmb\ai\brutus\step\brutus_step_01.LN65.pc.snd.wav,fly_gear_brutus,loaded,bus_fx,grp_foley,snp_foley,,40,0,87,87,250,875,1250,allon,default,allon,default,3,2,priority,oldest,-170,170,10,50,0.15,1,3d,default,nonlooping,,1,0,25,100,80,0.65,no,yes,none,0,,no,,,yes,no,no,0,0,yes,no,,0,,no,no,no
fly_step_brutus_sprint_ceramic,raw\sound\zmb\ai\brutus\step\brutus_step_02.LN65.pc.snd.wav,fly_gear_brutus,loaded,bus_fx,grp_foley,snp_foley,,40,0,87,87,250,875,1250,allon,default,allon,default,3,2,priority,oldest,-170,170,10,50,0.15,1,3d,default,nonlooping,,1,0,25,100,80,0.65,no,yes,none,0,,no,,,yes,no,no,0,0,yes,no,,0,,no,no,no
fly_step_brutus_sprint_ceramic,raw\sound\zmb\ai\brutus\step\brutus_step_03.LN65.pc.snd.wav,fly_gear_brutus,loaded,bus_fx,grp_foley,snp_foley,,40,0,87,87,250,875,1250,allon,default,allon,default,3,2,priority,oldest,-170,170,10,50,0.15,1,3d,default,nonlooping,,1,0,25,100,80,0.65,no,yes,none,0,,no,,,yes,no,no,0,0,yes,no,,0,,no,no,no
fly_step_brutus_sprint_ceramic,raw\sound\zmb\ai\brutus\step\brutus_step_04.LN65.pc.snd.wav,fly_gear_brutus,loaded,bus_fx,grp_foley,snp_foley,,40,0,87,87,250,875,1250,allon,default,allon,default,3,2,priority,oldest,-170,170,10,50,0.15,1,3d,default,nonlooping,,1,0,25,100,80,0.65,no,yes,none,0,,no,,,yes,no,no,0,0,yes,no,,0,,no,no,no
fly_step_brutus_sprint_cloth,raw\sound\zmb\ai\brutus\step\brutus_step_00.LN65.pc.snd.wav,fly_gear_brutus,loaded,bus_fx,grp_foley,snp_foley,,40,0,87,87,250,875,1250,allon,default,allon,default,3,2,priority,oldest,-170,170,10,50,0.15,1,3d,default,nonlooping,,1,0,25,100,80,0.65,no,yes,none,0,,no,,,yes,no,no,0,0,yes,no,,0,,no,no,no
fly_step_brutus_sprint_cloth,raw\sound\zmb\ai\brutus\step\brutus_step_01.LN65.pc.snd.wav,fly_gear_brutus,loaded,bus_fx,grp_foley,snp_foley,,40,0,87,87,250,875,1250,allon,default,allon,default,3,2,priority,oldest,-170,170,10,50,0.15,1,3d,default,nonlooping,,1,0,25,100,80,0.65,no,yes,none,0,,no,,,yes,no,no,0,0,yes,no,,0,,no,no,no
fly_step_brutus_sprint_cloth,raw\sound\zmb\ai\brutus\step\brutus_step_02.LN65.pc.snd.wav,fly_gear_brutus,loaded,bus_fx,grp_foley,snp_foley,,40,0,87,87,250,875,1250,allon,default,allon,default,3,2,priority,oldest,-170,170,10,50,0.15,1,3d,default,nonlooping,,1,0,25,100,80,0.65,no,yes,none,0,,no,,,yes,no,no,0,0,yes,no,,0,,no,no,no
fly_step_brutus_sprint_cloth,raw\sound\zmb\ai\brutus\step\brutus_step_03.LN65.pc.snd.wav,fly_gear_brutus,loaded,bus_fx,grp_foley,snp_foley,,40,0,87,87,250,875,1250,allon,default,allon,default,3,2,priority,oldest,-170,170,10,50,0.15,1,3d,default,nonlooping,,1,0,25,100,80,0.65,no,yes,none,0,,no,,,yes,no,no,0,0,yes,no,,0,,no,no,no
fly_step_brutus_sprint_cloth,raw\sound\zmb\ai\brutus\step\brutus_step_04.LN65.pc.snd.wav,fly_gear_brutus,loaded,bus_fx,grp_foley,snp_foley,,40,0,87,87,250,875,1250,allon,default,allon,default,3,2,priority,oldest,-170,170,10,50,0.15,1,3d,default,nonlooping,,1,0,25,100,80,0.65,no,yes,none,0,,no,,,yes,no,no,0,0,yes,no,,0,,no,no,no
fly_step_brutus_sprint_concrete,raw\sound\zmb\ai\brutus\step\brutus_step_00.LN65.pc.snd.wav,fly_gear_brutus,loaded,bus_fx,grp_foley,snp_foley,,40,0,87,87,250,875,1250,allon,default,allon,default,3,2,priority,oldest,-170,170,10,50,0.15,1,3d,default,nonlooping,,1,0,25,100,80,0.65,no,yes,none,0,,no,,,yes,no,no,0,0,yes,no,,0,,no,no,no
fly_step_brutus_sprint_concrete,raw\sound\zmb\ai\brutus\step\brutus_step_01.LN65.pc.snd.wav,fly_gear_brutus,loaded,bus_fx,grp_foley,snp_foley,,40,0,87,87,250,875,1250,allon,default,allon,default,3,2,priority,oldest,-170,170,10,50,0.15,1,3d,default,nonlooping,,1,0,25,100,80,0.65,no,yes,none,0,,no,,,yes,no,no,0,0,yes,no,,0,,no,no,no
fly_step_brutus_sprint_concrete,raw\sound\zmb\ai\brutus\step\brutus_step_02.LN65.pc.snd.wav,fly_gear_brutus,loaded,bus_fx,grp_foley,snp_foley,,40,0,87,87,250,875,1250,allon,default,allon,default,3,2,priority,oldest,-170,170,10,50,0.15,1,3d,default,nonlooping,,1,0,25,100,80,0.65,no,yes,none,0,,no,,,yes,no,no,0,0,yes,no,,0,,no,no,no
fly_step_brutus_sprint_concrete,raw\sound\zmb\ai\brutus\step\brutus_step_03.LN65.pc.snd.wav,fly_gear_brutus,loaded,bus_fx,grp_foley,snp_foley,,40,0,87,87,250,875,1250,allon,default,allon,default,3,2,priority,oldest,-170,170,10,50,0.15,1,3d,default,nonlooping,,1,0,25,100,80,0.65,no,yes,none,0,,no,,,yes,no,no,0,0,yes,no,,0,,no,no,no
fly_step_brutus_sprint_concrete,raw\sound\zmb\ai\brutus\step\brutus_step_04.LN65.pc.snd.wav,fly_gear_brutus,loaded,bus_fx,grp_foley,snp_foley,,40,0,87,87,250,875,1250,allon,default,allon,default,3,2,priority,oldest,-170,170,10,50,0.15,1,3d,default,nonlooping,,1,0,25,100,80,0.65,no,yes,none,0,,no,,,yes,no,no,0,0,yes,no,,0,,no,no,no
fly_step_brutus_sprint_cushion,raw\sound\zmb\ai\brutus\step\brutus_step_00.LN65.pc.snd.wav,fly_gear_brutus,loaded,bus_fx,grp_foley,snp_foley,,40,0,87,87,250,875,1250,allon,default,allon,default,3,2,priority,oldest,-170,170,10,50,0.15,1,3d,default,nonlooping,,1,0,25,100,80,0.65,no,yes,none,0,,no,,,yes,no,no,0,0,yes,no,,0,,no,no,no
fly_step_brutus_sprint_cushion,raw\sound\zmb\ai\brutus\step\brutus_step_01.LN65.pc.snd.wav,fly_gear_brutus,loaded,bus_fx,grp_foley,snp_foley,,40,0,87,87,250,875,1250,allon,default,allon,default,3,2,priority,oldest,-170,170,10,50,0.15,1,3d,default,nonlooping,,1,0,25,100,80,0.65,no,yes,none,0,,no,,,yes,no,no,0,0,yes,no,,0,,no,no,no
fly_step_brutus_sprint_cushion,raw\sound\zmb\ai\brutus\step\brutus_step_02.LN65.pc.snd.wav,fly_gear_brutus,loaded,bus_fx,grp_foley,snp_foley,,40,0,87,87,250,875,1250,allon,default,allon,default,3,2,priority,oldest,-170,170,10,50,0.15,1,3d,default,nonlooping,,1,0,25,100,80,0.65,no,yes,none,0,,no,,,yes,no,no,0,0,yes,no,,0,,no,no,no
fly_step_brutus_sprint_cushion,raw\sound\zmb\ai\brutus\step\brutus_step_03.LN65.pc.snd.wav,fly_gear_brutus,loaded,bus_fx,grp_foley,snp_foley,,40,0,87,87,250,875,1250,allon,default,allon,default,3,2,priority,oldest,-170,170,10,50,0.15,1,3d,default,nonlooping,,1,0,25,100,80,0.65,no,yes,none,0,,no,,,yes,no,no,0,0,yes,no,,0,,no,no,no
fly_step_brutus_sprint_cushion,raw\sound\zmb\ai\brutus\step\brutus_step_04.LN65.pc.snd.wav,fly_gear_brutus,loaded,bus_fx,grp_foley,snp_foley,,40,0,87,87,250,875,1250,allon,default,allon,default,3,2,priority,oldest,-170,170,10,50,0.15,1,3d,default,nonlooping,,1,0,25,100,80,0.65,no,yes,none,0,,no,,,yes,no,no,0,0,yes,no,,0,,no,no,no
fly_step_brutus_sprint_default,raw\sound\zmb\ai\brutus\step\brutus_step_00.LN65.pc.snd.wav,fly_gear_brutus,loaded,bus_fx,grp_foley,snp_foley,,40,0,87,87,250,875,1250,allon,default,allon,default,3,2,priority,oldest,-170,170,10,50,0.15,1,3d,default,nonlooping,,1,0,25,100,80,0.65,no,yes,none,0,,no,,,yes,no,no,0,0,yes,no,,0,,no,no,no
fly_step_brutus_sprint_default,raw\sound\zmb\ai\brutus\step\brutus_step_01.LN65.pc.snd.wav,fly_gear_brutus,loaded,bus_fx,grp_foley,snp_foley,,40,0,87,87,250,875,1250,allon,default,allon,default,3,2,priority,oldest,-170,170,10,50,0.15,1,3d,default,nonlooping,,1,0,25,100,80,0.65,no,yes,none,0,,no,,,yes,no,no,0,0,yes,no,,0,,no,no,no
fly_step_brutus_sprint_default,raw\sound\zmb\ai\brutus\step\brutus_step_02.LN65.pc.snd.wav,fly_gear_brutus,loaded,bus_fx,grp_foley,snp_foley,,40,0,87,87,250,875,1250,allon,default,allon,default,3,2,priority,oldest,-170,170,10,50,0.15,1,3d,default,nonlooping,,1,0,25,100,80,0.65,no,yes,none,0,,no,,,yes,no,no,0,0,yes,no,,0,,no,no,no
fly_step_brutus_sprint_default,raw\sound\zmb\ai\brutus\step\brutus_step_03.LN65.pc.snd.wav,fly_gear_brutus,loaded,bus_fx,grp_foley,snp_foley,,40,0,87,87,250,875,1250,allon,default,allon,default,3,2,priority,oldest,-170,170,10,50,0.15,1,3d,default,nonlooping,,1,0,25,100,80,0.65,no,yes,none,0,,no,,,yes,no,no,0,0,yes,no,,0,,no,no,no
fly_step_brutus_sprint_default,raw\sound\zmb\ai\brutus\step\brutus_step_04.LN65.pc.snd.wav,fly_gear_brutus,loaded,bus_fx,grp_foley,snp_foley,,40,0,87,87,250,875,1250,allon,default,allon,default,3,2,priority,oldest,-170,170,10,50,0.15,1,3d,default,nonlooping,,1,0,25,100,80,0.65,no,yes,none,0,,no,,,yes,no,no,0,0,yes,no,,0,,no,no,no
fly_step_brutus_sprint_dirt,raw\sound\zmb\ai\brutus\step\brutus_step_00.LN65.pc.snd.wav,fly_gear_brutus,loaded,bus_fx,grp_foley,snp_foley,,40,0,87,87,250,875,1250,allon,default,allon,default,3,2,priority,oldest,-170,170,10,50,0.15,1,3d,default,nonlooping,,1,0,25,100,80,0.65,no,yes,none,0,,no,,,yes,no,no,0,0,yes,no,,0,,no,no,no
fly_step_brutus_sprint_dirt,raw\sound\zmb\ai\brutus\step\brutus_step_01.LN65.pc.snd.wav,fly_gear_brutus,loaded,bus_fx,grp_foley,snp_foley,,40,0,87,87,250,875,1250,allon,default,allon,default,3,2,priority,oldest,-170,170,10,50,0.15,1,3d,default,nonlooping,,1,0,25,100,80,0.65,no,yes,none,0,,no,,,yes,no,no,0,0,yes,no,,0,,no,no,no
fly_step_brutus_sprint_dirt,raw\sound\zmb\ai\brutus\step\brutus_step_02.LN65.pc.snd.wav,fly_gear_brutus,loaded,bus_fx,grp_foley,snp_foley,,40,0,87,87,250,875,1250,allon,default,allon,default,3,2,priority,oldest,-170,170,10,50,0.15,1,3d,default,nonlooping,,1,0,25,100,80,0.65,no,yes,none,0,,no,,,yes,no,no,0,0,yes,no,,0,,no,no,no
fly_step_brutus_sprint_dirt,raw\sound\zmb\ai\brutus\step\brutus_step_03.LN65.pc.snd.wav,fly_gear_brutus,loaded,bus_fx,grp_foley,snp_foley,,40,0,87,87,250,875,1250,allon,default,allon,default,3,2,priority,oldest,-170,170,10,50,0.15,1,3d,default,nonlooping,,1,0,25,100,80,0.65,no,yes,none,0,,no,,,yes,no,no,0,0,yes,no,,0,,no,no,no
fly_step_brutus_sprint_dirt,raw\sound\zmb\ai\brutus\step\brutus_step_04.LN65.pc.snd.wav,fly_gear_brutus,loaded,bus_fx,grp_foley,snp_foley,,40,0,87,87,250,875,1250,allon,default,allon,default,3,2,priority,oldest,-170,170,10,50,0.15,1,3d,default,nonlooping,,1,0,25,100,80,0.65,no,yes,none,0,,no,,,yes,no,no,0,0,yes,no,,0,,no,no,no
fly_step_brutus_sprint_flesh,raw\sound\zmb\ai\brutus\step\brutus_step_00.LN65.pc.snd.wav,fly_gear_brutus,loaded,bus_fx,grp_foley,snp_foley,,40,0,87,87,250,875,1250,allon,default,allon,default,3,2,priority,oldest,-170,170,10,50,0.15,1,3d,default,nonlooping,,1,0,25,100,80,0.65,no,yes,none,0,,no,,,yes,no,no,0,0,yes,no,,0,,no,no,no
fly_step_brutus_sprint_flesh,raw\sound\zmb\ai\brutus\step\brutus_step_01.LN65.pc.snd.wav,fly_gear_brutus,loaded,bus_fx,grp_foley,snp_foley,,40,0,87,87,250,875,1250,allon,default,allon,default,3,2,priority,oldest,-170,170,10,50,0.15,1,3d,default,nonlooping,,1,0,25,100,80,0.65,no,yes,none,0,,no,,,yes,no,no,0,0,yes,no,,0,,no,no,no
fly_step_brutus_sprint_flesh,raw\sound\zmb\ai\brutus\step\brutus_step_02.LN65.pc.snd.wav,fly_gear_brutus,loaded,bus_fx,grp_foley,snp_foley,,40,0,87,87,250,875,1250,allon,default,allon,default,3,2,priority,oldest,-170,170,10,50,0.15,1,3d,default,nonlooping,,1,0,25,100,80,0.65,no,yes,none,0,,no,,,yes,no,no,0,0,yes,no,,0,,no,no,no
fly_step_brutus_sprint_flesh,raw\sound\zmb\ai\brutus\step\brutus_step_03.LN65.pc.snd.wav,fly_gear_brutus,loaded,bus_fx,grp_foley,snp_foley,,40,0,87,87,250,875,1250,allon,default,allon,default,3,2,priority,oldest,-170,170,10,50,0.15,1,3d,default,nonlooping,,1,0,25,100,80,0.65,no,yes,none,0,,no,,,yes,no,no,0,0,yes,no,,0,,no,no,no
fly_step_brutus_sprint_flesh,raw\sound\zmb\ai\brutus\step\brutus_step_04.LN65.pc.snd.wav,fly_gear_brutus,loaded,bus_fx,grp_foley,snp_foley,,40,0,87,87,250,875,1250,allon,default,allon,default,3,2,priority,oldest,-170,170,10,50,0.15,1,3d,default,nonlooping,,1,0,25,100,80,0.65,no,yes,none,0,,no,,,yes,no,no,0,0,yes,no,,0,,no,no,no
fly_step_brutus_sprint_foliage,raw\sound\zmb\ai\brutus\step\brutus_step_00.LN65.pc.snd.wav,fly_gear_brutus,loaded,bus_fx,grp_foley,snp_foley,,40,0,87,87,250,875,1250,allon,default,allon,default,3,2,priority,oldest,-170,170,10,50,0.15,1,3d,default,nonlooping,,1,0,25,100,80,0.65,no,yes,none,0,,no,,,yes,no,no,0,0,yes,no,,0,,no,no,no
fly_step_brutus_sprint_foliage,raw\sound\zmb\ai\brutus\step\brutus_step_01.LN65.pc.snd.wav,fly_gear_brutus,loaded,bus_fx,grp_foley,snp_foley,,40,0,87,87,250,875,1250,allon,default,allon,default,3,2,priority,oldest,-170,170,10,50,0.15,1,3d,default,nonlooping,,1,0,25,100,80,0.65,no,yes,none,0,,no,,,yes,no,no,0,0,yes,no,,0,,no,no,no
fly_step_brutus_sprint_foliage,raw\sound\zmb\ai\brutus\step\brutus_step_02.LN65.pc.snd.wav,fly_gear_brutus,loaded,bus_fx,grp_foley,snp_foley,,40,0,87,87,250,875,1250,allon,default,allon,default,3,2,priority,oldest,-170,170,10,50,0.15,1,3d,default,nonlooping,,1,0,25,100,80,0.65,no,yes,none,0,,no,,,yes,no,no,0,0,yes,no,,0,,no,no,no
fly_step_brutus_sprint_foliage,raw\sound\zmb\ai\brutus\step\brutus_step_03.LN65.pc.snd.wav,fly_gear_brutus,loaded,bus_fx,grp_foley,snp_foley,,40,0,87,87,250,875,1250,allon,default,allon,default,3,2,priority,oldest,-170,170,10,50,0.15,1,3d,default,nonlooping,,1,0,25,100,80,0.65,no,yes,none,0,,no,,,yes,no,no,0,0,yes,no,,0,,no,no,no
fly_step_brutus_sprint_foliage,raw\sound\zmb\ai\brutus\step\brutus_step_04.LN65.pc.snd.wav,fly_gear_brutus,loaded,bus_fx,grp_foley,snp_foley,,40,0,87,87,250,875,1250,allon,default,allon,default,3,2,priority,oldest,-170,170,10,50,0.15,1,3d,default,nonlooping,,1,0,25,100,80,0.65,no,yes,none,0,,no,,,yes,no,no,0,0,yes,no,,0,,no,no,no
fly_step_brutus_sprint_fruit,raw\sound\zmb\ai\brutus\step\brutus_step_00.LN65.pc.snd.wav,fly_gear_brutus,loaded,bus_fx,grp_foley,snp_foley,,40,0,87,87,250,875,1250,allon,default,allon,default,3,2,priority,oldest,-170,170,10,50,0.15,1,3d,default,nonlooping,,1,0,25,100,80,0.65,no,yes,none,0,,no,,,yes,no,no,0,0,yes,no,,0,,no,no,no
fly_step_brutus_sprint_fruit,raw\sound\zmb\ai\brutus\step\brutus_step_01.LN65.pc.snd.wav,fly_gear_brutus,loaded,bus_fx,grp_foley,snp_foley,,40,0,87,87,250,875,1250,allon,default,allon,default,3,2,priority,oldest,-170,170,10,50,0.15,1,3d,default,nonlooping,,1,0,25,100,80,0.65,no,yes,none,0,,no,,,yes,no,no,0,0,yes,no,,0,,no,no,no
fly_step_brutus_sprint_fruit,raw\sound\zmb\ai\brutus\step\brutus_step_02.LN65.pc.snd.wav,fly_gear_brutus,loaded,bus_fx,grp_foley,snp_foley,,40,0,87,87,250,875,1250,allon,default,allon,default,3,2,priority,oldest,-170,170,10,50,0.15,1,3d,default,nonlooping,,1,0,25,100,80,0.65,no,yes,none,0,,no,,,yes,no,no,0,0,yes,no,,0,,no,no,no
fly_step_brutus_sprint_fruit,raw\sound\zmb\ai\brutus\step\brutus_step_03.LN65.pc.snd.wav,fly_gear_brutus,loaded,bus_fx,grp_foley,snp_foley,,40,0,87,87,250,875,1250,allon,default,allon,default,3,2,priority,oldest,-170,170,10,50,0.15,1,3d,default,nonlooping,,1,0,25,100,80,0.65,no,yes,none,0,,no,,,yes,no,no,0,0,yes,no,,0,,no,no,no
fly_step_brutus_sprint_fruit,raw\sound\zmb\ai\brutus\step\brutus_step_04.LN65.pc.snd.wav,fly_gear_brutus,loaded,bus_fx,grp_foley,snp_foley,,40,0,87,87,250,875,1250,allon,default,allon,default,3,2,priority,oldest,-170,170,10,50,0.15,1,3d,default,nonlooping,,1,0,25,100,80,0.65,no,yes,none,0,,no,,,yes,no,no,0,0,yes,no,,0,,no,no,no
fly_step_brutus_sprint_glass,raw\sound\zmb\ai\brutus\step\brutus_step_00.LN65.pc.snd.wav,fly_gear_brutus,loaded,bus_fx,grp_foley,snp_foley,,40,0,87,87,250,875,1250,allon,default,allon,default,3,2,priority,oldest,-170,170,10,50,0.15,1,3d,default,nonlooping,,1,0,25,100,80,0.65,no,yes,none,0,,no,,,yes,no,no,0,0,yes,no,,0,,no,no,no
fly_step_brutus_sprint_glass,raw\sound\zmb\ai\brutus\step\brutus_step_01.LN65.pc.snd.wav,fly_gear_brutus,loaded,bus_fx,grp_foley,snp_foley,,40,0,87,87,250,875,1250,allon,default,allon,default,3,2,priority,oldest,-170,170,10,50,0.15,1,3d,default,nonlooping,,1,0,25,100,80,0.65,no,yes,none,0,,no,,,yes,no,no,0,0,yes,no,,0,,no,no,no
fly_step_brutus_sprint_glass,raw\sound\zmb\ai\brutus\step\brutus_step_02.LN65.pc.snd.wav,fly_gear_brutus,loaded,bus_fx,grp_foley,snp_foley,,40,0,87,87,250,875,1250,allon,default,allon,default,3,2,priority,oldest,-170,170,10,50,0.15,1,3d,default,nonlooping,,1,0,25,100,80,0.65,no,yes,none,0,,no,,,yes,no,no,0,0,yes,no,,0,,no,no,no
fly_step_brutus_sprint_glass,raw\sound\zmb\ai\brutus\step\brutus_step_03.LN65.pc.snd.wav,fly_gear_brutus,loaded,bus_fx,grp_foley,snp_foley,,40,0,87,87,250,875,1250,allon,default,allon,default,3,2,priority,oldest,-170,170,10,50,0.15,1,3d,default,nonlooping,,1,0,25,100,80,0.65,no,yes,none,0,,no,,,yes,no,no,0,0,yes,no,,0,,no,no,no
fly_step_brutus_sprint_glass,raw\sound\zmb\ai\brutus\step\brutus_step_04.LN65.pc.snd.wav,fly_gear_brutus,loaded,bus_fx,grp_foley,snp_foley,,40,0,87,87,250,875,1250,allon,default,allon,default,3,2,priority,oldest,-170,170,10,50,0.15,1,3d,default,nonlooping,,1,0,25,100,80,0.65,no,yes,none,0,,no,,,yes,no,no,0,0,yes,no,,0,,no,no,no
fly_step_brutus_sprint_grass,raw\sound\zmb\ai\brutus\step\brutus_step_00.LN65.pc.snd.wav,fly_gear_brutus,loaded,bus_fx,grp_foley,snp_foley,,40,0,87,87,250,875,1250,allon,default,allon,default,3,2,priority,oldest,-170,170,10,50,0.15,1,3d,default,nonlooping,,1,0,25,100,80,0.65,no,yes,none,0,,no,,,yes,no,no,0,0,yes,no,,0,,no,no,no
fly_step_brutus_sprint_grass,raw\sound\zmb\ai\brutus\step\brutus_step_01.LN65.pc.snd.wav,fly_gear_brutus,loaded,bus_fx,grp_foley,snp_foley,,40,0,87,87,250,875,1250,allon,default,allon,default,3,2,priority,oldest,-170,170,10,50,0.15,1,3d,default,nonlooping,,1,0,25,100,80,0.65,no,yes,none,0,,no,,,yes,no,no,0,0,yes,no,,0,,no,no,no
fly_step_brutus_sprint_grass,raw\sound\zmb\ai\brutus\step\brutus_step_02.LN65.pc.snd.wav,fly_gear_brutus,loaded,bus_fx,grp_foley,snp_foley,,40,0,87,87,250,875,1250,allon,default,allon,default,3,2,priority,oldest,-170,170,10,50,0.15,1,3d,default,nonlooping,,1,0,25,100,80,0.65,no,yes,none,0,,no,,,yes,no,no,0,0,yes,no,,0,,no,no,no
fly_step_brutus_sprint_grass,raw\sound\zmb\ai\brutus\step\brutus_step_03.LN65.pc.snd.wav,fly_gear_brutus,loaded,bus_fx,grp_foley,snp_foley,,40,0,87,87,250,875,1250,allon,default,allon,default,3,2,priority,oldest,-170,170,10,50,0.15,1,3d,default,nonlooping,,1,0,25,100,80,0.65,no,yes,none,0,,no,,,yes,no,no,0,0,yes,no,,0,,no,no,no
fly_step_brutus_sprint_grass,raw\sound\zmb\ai\brutus\step\brutus_step_04.LN65.pc.snd.wav,fly_gear_brutus,loaded,bus_fx,grp_foley,snp_foley,,40,0,87,87,250,875,1250,allon,default,allon,default,3,2,priority,oldest,-170,170,10,50,0.15,1,3d,default,nonlooping,,1,0,25,100,80,0.65,no,yes,none,0,,no,,,yes,no,no,0,0,yes,no,,0,,no,no,no
fly_step_brutus_sprint_gravel,raw\sound\zmb\ai\brutus\step\brutus_step_00.LN65.pc.snd.wav,fly_gear_brutus,loaded,bus_fx,grp_foley,snp_foley,,40,0,87,87,250,875,1250,allon,default,allon,default,3,2,priority,oldest,-170,170,10,50,0.15,1,3d,default,nonlooping,,1,0,25,100,80,0.65,no,yes,none,0,,no,,,yes,no,no,0,0,yes,no,,0,,no,no,no
fly_step_brutus_sprint_gravel,raw\sound\zmb\ai\brutus\step\brutus_step_01.LN65.pc.snd.wav,fly_gear_brutus,loaded,bus_fx,grp_foley,snp_foley,,40,0,87,87,250,875,1250,allon,default,allon,default,3,2,priority,oldest,-170,170,10,50,0.15,1,3d,default,nonlooping,,1,0,25,100,80,0.65,no,yes,none,0,,no,,,yes,no,no,0,0,yes,no,,0,,no,no,no
fly_step_brutus_sprint_gravel,raw\sound\zmb\ai\brutus\step\brutus_step_02.LN65.pc.snd.wav,fly_gear_brutus,loaded,bus_fx,grp_foley,snp_foley,,40,0,87,87,250,875,1250,allon,default,allon,default,3,2,priority,oldest,-170,170,10,50,0.15,1,3d,default,nonlooping,,1,0,25,100,80,0.65,no,yes,none,0,,no,,,yes,no,no,0,0,yes,no,,0,,no,no,no
fly_step_brutus_sprint_gravel,raw\sound\zmb\ai\brutus\step\brutus_step_03.LN65.pc.snd.wav,fly_gear_brutus,loaded,bus_fx,grp_foley,snp_foley,,40,0,87,87,250,875,1250,allon,default,allon,default,3,2,priority,oldest,-170,170,10,50,0.15,1,3d,default,nonlooping,,1,0,25,100,80,0.65,no,yes,none,0,,no,,,yes,no,no,0,0,yes,no,,0,,no,no,no
fly_step_brutus_sprint_gravel,raw\sound\zmb\ai\brutus\step\brutus_step_04.LN65.pc.snd.wav,fly_gear_brutus,loaded,bus_fx,grp_foley,snp_foley,,40,0,87,87,250,875,1250,allon,default,allon,default,3,2,priority,oldest,-170,170,10,50,0.15,1,3d,default,nonlooping,,1,0,25,100,80,0.65,no,yes,none,0,,no,,,yes,no,no,0,0,yes,no,,0,,no,no,no
fly_step_brutus_sprint_ice,raw\sound\zmb\ai\brutus\step\brutus_step_00.LN65.pc.snd.wav,fly_gear_brutus,loaded,bus_fx,grp_foley,snp_foley,,40,0,87,87,250,875,1250,allon,default,allon,default,3,2,priority,oldest,-170,170,10,50,0.15,1,3d,default,nonlooping,,1,0,25,100,80,0.65,no,yes,none,0,,no,,,yes,no,no,0,0,yes,no,,0,,no,no,no
fly_step_brutus_sprint_ice,raw\sound\zmb\ai\brutus\step\brutus_step_01.LN65.pc.snd.wav,fly_gear_brutus,loaded,bus_fx,grp_foley,snp_foley,,40,0,87,87,250,875,1250,allon,default,allon,default,3,2,priority,oldest,-170,170,10,50,0.15,1,3d,default,nonlooping,,1,0,25,100,80,0.65,no,yes,none,0,,no,,,yes,no,no,0,0,yes,no,,0,,no,no,no
fly_step_brutus_sprint_ice,raw\sound\zmb\ai\brutus\step\brutus_step_02.LN65.pc.snd.wav,fly_gear_brutus,loaded,bus_fx,grp_foley,snp_foley,,40,0,87,87,250,875,1250,allon,default,allon,default,3,2,priority,oldest,-170,170,10,50,0.15,1,3d,default,nonlooping,,1,0,25,100,80,0.65,no,yes,none,0,,no,,,yes,no,no,0,0,yes,no,,0,,no,no,no
fly_step_brutus_sprint_ice,raw\sound\zmb\ai\brutus\step\brutus_step_03.LN65.pc.snd.wav,fly_gear_brutus,loaded,bus_fx,grp_foley,snp_foley,,40,0,87,87,250,875,1250,allon,default,allon,default,3,2,priority,oldest,-170,170,10,50,0.15,1,3d,default,nonlooping,,1,0,25,100,80,0.65,no,yes,none,0,,no,,,yes,no,no,0,0,yes,no,,0,,no,no,no
fly_step_brutus_sprint_ice,raw\sound\zmb\ai\brutus\step\brutus_step_04.LN65.pc.snd.wav,fly_gear_brutus,loaded,bus_fx,grp_foley,snp_foley,,40,0,87,87,250,875,1250,allon,default,allon,default,3,2,priority,oldest,-170,170,10,50,0.15,1,3d,default,nonlooping,,1,0,25,100,80,0.65,no,yes,none,0,,no,,,yes,no,no,0,0,yes,no,,0,,no,no,no
fly_step_brutus_sprint_metal,raw\sound\zmb\ai\brutus\step\brutus_step_00.LN65.pc.snd.wav,fly_gear_brutus,loaded,bus_fx,grp_foley,snp_foley,,40,0,87,87,250,875,1250,allon,default,allon,default,3,2,priority,oldest,-170,170,10,50,0.15,1,3d,default,nonlooping,,1,0,25,100,80,0.65,no,yes,none,0,,no,,,yes,no,no,0,0,yes,no,,0,,no,no,no
fly_step_brutus_sprint_metal,raw\sound\zmb\ai\brutus\step\brutus_step_01.LN65.pc.snd.wav,fly_gear_brutus,loaded,bus_fx,grp_foley,snp_foley,,40,0,87,87,250,875,1250,allon,default,allon,default,3,2,priority,oldest,-170,170,10,50,0.15,1,3d,default,nonlooping,,1,0,25,100,80,0.65,no,yes,none,0,,no,,,yes,no,no,0,0,yes,no,,0,,no,no,no
fly_step_brutus_sprint_metal,raw\sound\zmb\ai\brutus\step\brutus_step_02.LN65.pc.snd.wav,fly_gear_brutus,loaded,bus_fx,grp_foley,snp_foley,,40,0,87,87,250,875,1250,allon,default,allon,default,3,2,priority,oldest,-170,170,10,50,0.15,1,3d,default,nonlooping,,1,0,25,100,80,0.65,no,yes,none,0,,no,,,yes,no,no,0,0,yes,no,,0,,no,no,no
fly_step_brutus_sprint_metal,raw\sound\zmb\ai\brutus\step\brutus_step_03.LN65.pc.snd.wav,fly_gear_brutus,loaded,bus_fx,grp_foley,snp_foley,,40,0,87,87,250,875,1250,allon,default,allon,default,3,2,priority,oldest,-170,170,10,50,0.15,1,3d,default,nonlooping,,1,0,25,100,80,0.65,no,yes,none,0,,no,,,yes,no,no,0,0,yes,no,,0,,no,no,no
fly_step_brutus_sprint_metal,raw\sound\zmb\ai\brutus\step\brutus_step_04.LN65.pc.snd.wav,fly_gear_brutus,loaded,bus_fx,grp_foley,snp_foley,,40,0,87,87,250,875,1250,allon,default,allon,default,3,2,priority,oldest,-170,170,10,50,0.15,1,3d,default,nonlooping,,1,0,25,100,80,0.65,no,yes,none,0,,no,,,yes,no,no,0,0,yes,no,,0,,no,no,no
fly_step_brutus_sprint_mud,raw\sound\zmb\ai\brutus\step\brutus_step_00.LN65.pc.snd.wav,fly_gear_brutus,loaded,bus_fx,grp_foley,snp_foley,,40,0,87,87,250,875,1250,allon,default,allon,default,3,2,priority,oldest,-170,170,10,50,0.15,1,3d,default,nonlooping,,1,0,25,100,80,0.65,no,yes,none,0,,no,,,yes,no,no,0,0,yes,no,,0,,no,no,no
fly_step_brutus_sprint_mud,raw\sound\zmb\ai\brutus\step\brutus_step_01.LN65.pc.snd.wav,fly_gear_brutus,loaded,bus_fx,grp_foley,snp_foley,,40,0,87,87,250,875,1250,allon,default,allon,default,3,2,priority,oldest,-170,170,10,50,0.15,1,3d,default,nonlooping,,1,0,25,100,80,0.65,no,yes,none,0,,no,,,yes,no,no,0,0,yes,no,,0,,no,no,no
fly_step_brutus_sprint_mud,raw\sound\zmb\ai\brutus\step\brutus_step_02.LN65.pc.snd.wav,fly_gear_brutus,loaded,bus_fx,grp_foley,snp_foley,,40,0,87,87,250,875,1250,allon,default,allon,default,3,2,priority,oldest,-170,170,10,50,0.15,1,3d,default,nonlooping,,1,0,25,100,80,0.65,no,yes,none,0,,no,,,yes,no,no,0,0,yes,no,,0,,no,no,no
fly_step_brutus_sprint_mud,raw\sound\zmb\ai\brutus\step\brutus_step_03.LN65.pc.snd.wav,fly_gear_brutus,loaded,bus_fx,grp_foley,snp_foley,,40,0,87,87,250,875,1250,allon,default,allon,default,3,2,priority,oldest,-170,170,10,50,0.15,1,3d,default,nonlooping,,1,0,25,100,80,0.65,no,yes,none,0,,no,,,yes,no,no,0,0,yes,no,,0,,no,no,no
fly_step_brutus_sprint_mud,raw\sound\zmb\ai\brutus\step\brutus_step_04.LN65.pc.snd.wav,fly_gear_brutus,loaded,bus_fx,grp_foley,snp_foley,,40,0,87,87,250,875,1250,allon,default,allon,default,3,2,priority,oldest,-170,170,10,50,0.15,1,3d,default,nonlooping,,1,0,25,100,80,0.65,no,yes,none,0,,no,,,yes,no,no,0,0,yes,no,,0,,no,no,no
fly_step_brutus_sprint_paintedmetal,raw\sound\zmb\ai\brutus\step\brutus_step_00.LN65.pc.snd.wav,fly_gear_brutus,loaded,bus_fx,grp_foley,snp_foley,,40,0,87,87,250,875,1250,allon,default,allon,default,3,2,priority,oldest,-170,170,10,50,0.15,1,3d,default,nonlooping,,1,0,25,100,80,0.65,no,yes,none,0,,no,,,yes,no,no,0,0,yes,no,,0,,no,no,no
fly_step_brutus_sprint_paintedmetal,raw\sound\zmb\ai\brutus\step\brutus_step_01.LN65.pc.snd.wav,fly_gear_brutus,loaded,bus_fx,grp_foley,snp_foley,,40,0,87,87,250,875,1250,allon,default,allon,default,3,2,priority,oldest,-170,170,10,50,0.15,1,3d,default,nonlooping,,1,0,25,100,80,0.65,no,yes,none,0,,no,,,yes,no,no,0,0,yes,no,,0,,no,no,no
fly_step_brutus_sprint_paintedmetal,raw\sound\zmb\ai\brutus\step\brutus_step_02.LN65.pc.snd.wav,fly_gear_brutus,loaded,bus_fx,grp_foley,snp_foley,,40,0,87,87,250,875,1250,allon,default,allon,default,3,2,priority,oldest,-170,170,10,50,0.15,1,3d,default,nonlooping,,1,0,25,100,80,0.65,no,yes,none,0,,no,,,yes,no,no,0,0,yes,no,,0,,no,no,no
fly_step_brutus_sprint_paintedmetal,raw\sound\zmb\ai\brutus\step\brutus_step_03.LN65.pc.snd.wav,fly_gear_brutus,loaded,bus_fx,grp_foley,snp_foley,,40,0,87,87,250,875,1250,allon,default,allon,default,3,2,priority,oldest,-170,170,10,50,0.15,1,3d,default,nonlooping,,1,0,25,100,80,0.65,no,yes,none,0,,no,,,yes,no,no,0,0,yes,no,,0,,no,no,no
fly_step_brutus_sprint_paintedmetal,raw\sound\zmb\ai\brutus\step\brutus_step_04.LN65.pc.snd.wav,fly_gear_brutus,loaded,bus_fx,grp_foley,snp_foley,,40,0,87,87,250,875,1250,allon,default,allon,default,3,2,priority,oldest,-170,170,10,50,0.15,1,3d,default,nonlooping,,1,0,25,100,80,0.65,no,yes,none,0,,no,,,yes,no,no,0,0,yes,no,,0,,no,no,no
fly_step_brutus_sprint_paper,raw\sound\zmb\ai\brutus\step\brutus_step_00.LN65.pc.snd.wav,fly_gear_brutus,loaded,bus_fx,grp_foley,snp_foley,,40,0,87,87,250,875,1250,allon,default,allon,default,3,2,priority,oldest,-170,170,10,50,0.15,1,3d,default,nonlooping,,1,0,25,100,80,0.65,no,yes,none,0,,no,,,yes,no,no,0,0,yes,no,,0,,no,no,no
fly_step_brutus_sprint_paper,raw\sound\zmb\ai\brutus\step\brutus_step_01.LN65.pc.snd.wav,fly_gear_brutus,loaded,bus_fx,grp_foley,snp_foley,,40,0,87,87,250,875,1250,allon,default,allon,default,3,2,priority,oldest,-170,170,10,50,0.15,1,3d,default,nonlooping,,1,0,25,100,80,0.65,no,yes,none,0,,no,,,yes,no,no,0,0,yes,no,,0,,no,no,no
fly_step_brutus_sprint_paper,raw\sound\zmb\ai\brutus\step\brutus_step_02.LN65.pc.snd.wav,fly_gear_brutus,loaded,bus_fx,grp_foley,snp_foley,,40,0,87,87,250,875,1250,allon,default,allon,default,3,2,priority,oldest,-170,170,10,50,0.15,1,3d,default,nonlooping,,1,0,25,100,80,0.65,no,yes,none,0,,no,,,yes,no,no,0,0,yes,no,,0,,no,no,no
fly_step_brutus_sprint_paper,raw\sound\zmb\ai\brutus\step\brutus_step_03.LN65.pc.snd.wav,fly_gear_brutus,loaded,bus_fx,grp_foley,snp_foley,,40,0,87,87,250,875,1250,allon,default,allon,default,3,2,priority,oldest,-170,170,10,50,0.15,1,3d,default,nonlooping,,1,0,25,100,80,0.65,no,yes,none,0,,no,,,yes,no,no,0,0,yes,no,,0,,no,no,no
fly_step_brutus_sprint_paper,raw\sound\zmb\ai\brutus\step\brutus_step_04.LN65.pc.snd.wav,fly_gear_brutus,loaded,bus_fx,grp_foley,snp_foley,,40,0,87,87,250,875,1250,allon,default,allon,default,3,2,priority,oldest,-170,170,10,50,0.15,1,3d,default,nonlooping,,1,0,25,100,80,0.65,no,yes,none,0,,no,,,yes,no,no,0,0,yes,no,,0,,no,no,no
fly_step_brutus_sprint_plaster,raw\sound\zmb\ai\brutus\step\brutus_step_00.LN65.pc.snd.wav,fly_gear_brutus,loaded,bus_fx,grp_foley,snp_foley,,40,0,87,87,250,875,1250,allon,default,allon,default,3,2,priority,oldest,-170,170,10,50,0.15,1,3d,default,nonlooping,,1,0,25,100,80,0.65,no,yes,none,0,,no,,,yes,no,no,0,0,yes,no,,0,,no,no,no
fly_step_brutus_sprint_plaster,raw\sound\zmb\ai\brutus\step\brutus_step_01.LN65.pc.snd.wav,fly_gear_brutus,loaded,bus_fx,grp_foley,snp_foley,,40,0,87,87,250,875,1250,allon,default,allon,default,3,2,priority,oldest,-170,170,10,50,0.15,1,3d,default,nonlooping,,1,0,25,100,80,0.65,no,yes,none,0,,no,,,yes,no,no,0,0,yes,no,,0,,no,no,no
fly_step_brutus_sprint_plaster,raw\sound\zmb\ai\brutus\step\brutus_step_02.LN65.pc.snd.wav,fly_gear_brutus,loaded,bus_fx,grp_foley,snp_foley,,40,0,87,87,250,875,1250,allon,default,allon,default,3,2,priority,oldest,-170,170,10,50,0.15,1,3d,default,nonlooping,,1,0,25,100,80,0.65,no,yes,none,0,,no,,,yes,no,no,0,0,yes,no,,0,,no,no,no
fly_step_brutus_sprint_plaster,raw\sound\zmb\ai\brutus\step\brutus_step_03.LN65.pc.snd.wav,fly_gear_brutus,loaded,bus_fx,grp_foley,snp_foley,,40,0,87,87,250,875,1250,allon,default,allon,default,3,2,priority,oldest,-170,170,10,50,0.15,1,3d,default,nonlooping,,1,0,25,100,80,0.65,no,yes,none,0,,no,,,yes,no,no,0,0,yes,no,,0,,no,no,no
fly_step_brutus_sprint_plaster,raw\sound\zmb\ai\brutus\step\brutus_step_04.LN65.pc.snd.wav,fly_gear_brutus,loaded,bus_fx,grp_foley,snp_foley,,40,0,87,87,250,875,1250,allon,default,allon,default,3,2,priority,oldest,-170,170,10,50,0.15,1,3d,default,nonlooping,,1,0,25,100,80,0.65,no,yes,none,0,,no,,,yes,no,no,0,0,yes,no,,0,,no,no,no
fly_step_brutus_sprint_plastic,raw\sound\zmb\ai\brutus\step\brutus_step_00.LN65.pc.snd.wav,fly_gear_brutus,loaded,bus_fx,grp_foley,snp_foley,,40,0,87,87,250,875,1250,allon,default,allon,default,3,2,priority,oldest,-170,170,10,50,0.15,1,3d,default,nonlooping,,1,0,25,100,80,0.65,no,yes,none,0,,no,,,yes,no,no,0,0,yes,no,,0,,no,no,no
fly_step_brutus_sprint_plastic,raw\sound\zmb\ai\brutus\step\brutus_step_01.LN65.pc.snd.wav,fly_gear_brutus,loaded,bus_fx,grp_foley,snp_foley,,40,0,87,87,250,875,1250,allon,default,allon,default,3,2,priority,oldest,-170,170,10,50,0.15,1,3d,default,nonlooping,,1,0,25,100,80,0.65,no,yes,none,0,,no,,,yes,no,no,0,0,yes,no,,0,,no,no,no
fly_step_brutus_sprint_plastic,raw\sound\zmb\ai\brutus\step\brutus_step_02.LN65.pc.snd.wav,fly_gear_brutus,loaded,bus_fx,grp_foley,snp_foley,,40,0,87,87,250,875,1250,allon,default,allon,default,3,2,priority,oldest,-170,170,10,50,0.15,1,3d,default,nonlooping,,1,0,25,100,80,0.65,no,yes,none,0,,no,,,yes,no,no,0,0,yes,no,,0,,no,no,no
fly_step_brutus_sprint_plastic,raw\sound\zmb\ai\brutus\step\brutus_step_03.LN65.pc.snd.wav,fly_gear_brutus,loaded,bus_fx,grp_foley,snp_foley,,40,0,87,87,250,875,1250,allon,default,allon,default,3,2,priority,oldest,-170,170,10,50,0.15,1,3d,default,nonlooping,,1,0,25,100,80,0.65,no,yes,none,0,,no,,,yes,no,no,0,0,yes,no,,0,,no,no,no
fly_step_brutus_sprint_plastic,raw\sound\zmb\ai\brutus\step\brutus_step_04.LN65.pc.snd.wav,fly_gear_brutus,loaded,bus_fx,grp_foley,snp_foley,,40,0,87,87,250,875,1250,allon,default,allon,default,3,2,priority,oldest,-170,170,10,50,0.15,1,3d,default,nonlooping,,1,0,25,100,80,0.65,no,yes,none,0,,no,,,yes,no,no,0,0,yes,no,,0,,no,no,no
fly_step_brutus_sprint_rock,raw\sound\zmb\ai\brutus\step\brutus_step_00.LN65.pc.snd.wav,fly_gear_brutus,loaded,bus_fx,grp_foley,snp_foley,,40,0,87,87,250,875,1250,allon,default,allon,default,3,2,priority,oldest,-170,170,10,50,0.15,1,3d,default,nonlooping,,1,0,25,100,80,0.65,no,yes,none,0,,no,,,yes,no,no,0,0,yes,no,,0,,no,no,no
fly_step_brutus_sprint_rock,raw\sound\zmb\ai\brutus\step\brutus_step_01.LN65.pc.snd.wav,fly_gear_brutus,loaded,bus_fx,grp_foley,snp_foley,,40,0,87,87,250,875,1250,allon,default,allon,default,3,2,priority,oldest,-170,170,10,50,0.15,1,3d,default,nonlooping,,1,0,25,100,80,0.65,no,yes,none,0,,no,,,yes,no,no,0,0,yes,no,,0,,no,no,no
fly_step_brutus_sprint_rock,raw\sound\zmb\ai\brutus\step\brutus_step_02.LN65.pc.snd.wav,fly_gear_brutus,loaded,bus_fx,grp_foley,snp_foley,,40,0,87,87,250,875,1250,allon,default,allon,default,3,2,priority,oldest,-170,170,10,50,0.15,1,3d,default,nonlooping,,1,0,25,100,80,0.65,no,yes,none,0,,no,,,yes,no,no,0,0,yes,no,,0,,no,no,no
fly_step_brutus_sprint_rock,raw\sound\zmb\ai\brutus\step\brutus_step_03.LN65.pc.snd.wav,fly_gear_brutus,loaded,bus_fx,grp_foley,snp_foley,,40,0,87,87,250,875,1250,allon,default,allon,default,3,2,priority,oldest,-170,170,10,50,0.15,1,3d,default,nonlooping,,1,0,25,100,80,0.65,no,yes,none,0,,no,,,yes,no,no,0,0,yes,no,,0,,no,no,no
fly_step_brutus_sprint_rock,raw\sound\zmb\ai\brutus\step\brutus_step_04.LN65.pc.snd.wav,fly_gear_brutus,loaded,bus_fx,grp_foley,snp_foley,,40,0,87,87,250,875,1250,allon,default,allon,default,3,2,priority,oldest,-170,170,10,50,0.15,1,3d,default,nonlooping,,1,0,25,100,80,0.65,no,yes,none,0,,no,,,yes,no,no,0,0,yes,no,,0,,no,no,no
fly_step_brutus_sprint_rubber,raw\sound\zmb\ai\brutus\step\brutus_step_00.LN65.pc.snd.wav,fly_gear_brutus,loaded,bus_fx,grp_foley,snp_foley,,40,0,87,87,250,875,1250,allon,default,allon,default,3,2,priority,oldest,-170,170,10,50,0.15,1,3d,default,nonlooping,,1,0,25,100,80,0.65,no,yes,none,0,,no,,,yes,no,no,0,0,yes,no,,0,,no,no,no
fly_step_brutus_sprint_rubber,raw\sound\zmb\ai\brutus\step\brutus_step_01.LN65.pc.snd.wav,fly_gear_brutus,loaded,bus_fx,grp_foley,snp_foley,,40,0,87,87,250,875,1250,allon,default,allon,default,3,2,priority,oldest,-170,170,10,50,0.15,1,3d,default,nonlooping,,1,0,25,100,80,0.65,no,yes,none,0,,no,,,yes,no,no,0,0,yes,no,,0,,no,no,no
fly_step_brutus_sprint_rubber,raw\sound\zmb\ai\brutus\step\brutus_step_02.LN65.pc.snd.wav,fly_gear_brutus,loaded,bus_fx,grp_foley,snp_foley,,40,0,87,87,250,875,1250,allon,default,allon,default,3,2,priority,oldest,-170,170,10,50,0.15,1,3d,default,nonlooping,,1,0,25,100,80,0.65,no,yes,none,0,,no,,,yes,no,no,0,0,yes,no,,0,,no,no,no
fly_step_brutus_sprint_rubber,raw\sound\zmb\ai\brutus\step\brutus_step_03.LN65.pc.snd.wav,fly_gear_brutus,loaded,bus_fx,grp_foley,snp_foley,,40,0,87,87,250,875,1250,allon,default,allon,default,3,2,priority,oldest,-170,170,10,50,0.15,1,3d,default,nonlooping,,1,0,25,100,80,0.65,no,yes,none,0,,no,,,yes,no,no,0,0,yes,no,,0,,no,no,no
fly_step_brutus_sprint_rubber,raw\sound\zmb\ai\brutus\step\brutus_step_04.LN65.pc.snd.wav,fly_gear_brutus,loaded,bus_fx,grp_foley,snp_foley,,40,0,87,87,250,875,1250,allon,default,allon,default,3,2,priority,oldest,-170,170,10,50,0.15,1,3d,default,nonlooping,,1,0,25,100,80,0.65,no,yes,none,0,,no,,,yes,no,no,0,0,yes,no,,0,,no,no,no
fly_step_brutus_sprint_sand,raw\sound\zmb\ai\brutus\step\brutus_step_00.LN65.pc.snd.wav,fly_gear_brutus,loaded,bus_fx,grp_foley,snp_foley,,40,0,87,87,250,875,1250,allon,default,allon,default,3,2,priority,oldest,-170,170,10,50,0.15,1,3d,default,nonlooping,,1,0,25,100,80,0.65,no,yes,none,0,,no,,,yes,no,no,0,0,yes,no,,0,,no,no,no
fly_step_brutus_sprint_sand,raw\sound\zmb\ai\brutus\step\brutus_step_01.LN65.pc.snd.wav,fly_gear_brutus,loaded,bus_fx,grp_foley,snp_foley,,40,0,87,87,250,875,1250,allon,default,allon,default,3,2,priority,oldest,-170,170,10,50,0.15,1,3d,default,nonlooping,,1,0,25,100,80,0.65,no,yes,none,0,,no,,,yes,no,no,0,0,yes,no,,0,,no,no,no
fly_step_brutus_sprint_sand,raw\sound\zmb\ai\brutus\step\brutus_step_02.LN65.pc.snd.wav,fly_gear_brutus,loaded,bus_fx,grp_foley,snp_foley,,40,0,87,87,250,875,1250,allon,default,allon,default,3,2,priority,oldest,-170,170,10,50,0.15,1,3d,default,nonlooping,,1,0,25,100,80,0.65,no,yes,none,0,,no,,,yes,no,no,0,0,yes,no,,0,,no,no,no
fly_step_brutus_sprint_sand,raw\sound\zmb\ai\brutus\step\brutus_step_03.LN65.pc.snd.wav,fly_gear_brutus,loaded,bus_fx,grp_foley,snp_foley,,40,0,87,87,250,875,1250,allon,default,allon,default,3,2,priority,oldest,-170,170,10,50,0.15,1,3d,default,nonlooping,,1,0,25,100,80,0.65,no,yes,none,0,,no,,,yes,no,no,0,0,yes,no,,0,,no,no,no
fly_step_brutus_sprint_sand,raw\sound\zmb\ai\brutus\step\brutus_step_04.LN65.pc.snd.wav,fly_gear_brutus,loaded,bus_fx,grp_foley,snp_foley,,40,0,87,87,250,875,1250,allon,default,allon,default,3,2,priority,oldest,-170,170,10,50,0.15,1,3d,default,nonlooping,,1,0,25,100,80,0.65,no,yes,none,0,,no,,,yes,no,no,0,0,yes,no,,0,,no,no,no
fly_step_brutus_sprint_snow,raw\sound\zmb\ai\brutus\step\brutus_step_00.LN65.pc.snd.wav,fly_gear_brutus,loaded,bus_fx,grp_foley,snp_foley,,40,0,87,87,250,875,1250,allon,default,allon,default,3,2,priority,oldest,-170,170,10,50,0.15,1,3d,default,nonlooping,,1,0,25,100,80,0.65,no,yes,none,0,,no,,,yes,no,no,0,0,yes,no,,0,,no,no,no
fly_step_brutus_sprint_snow,raw\sound\zmb\ai\brutus\step\brutus_step_01.LN65.pc.snd.wav,fly_gear_brutus,loaded,bus_fx,grp_foley,snp_foley,,40,0,87,87,250,875,1250,allon,default,allon,default,3,2,priority,oldest,-170,170,10,50,0.15,1,3d,default,nonlooping,,1,0,25,100,80,0.65,no,yes,none,0,,no,,,yes,no,no,0,0,yes,no,,0,,no,no,no
fly_step_brutus_sprint_snow,raw\sound\zmb\ai\brutus\step\brutus_step_02.LN65.pc.snd.wav,fly_gear_brutus,loaded,bus_fx,grp_foley,snp_foley,,40,0,87,87,250,875,1250,allon,default,allon,default,3,2,priority,oldest,-170,170,10,50,0.15,1,3d,default,nonlooping,,1,0,25,100,80,0.65,no,yes,none,0,,no,,,yes,no,no,0,0,yes,no,,0,,no,no,no
fly_step_brutus_sprint_snow,raw\sound\zmb\ai\brutus\step\brutus_step_03.LN65.pc.snd.wav,fly_gear_brutus,loaded,bus_fx,grp_foley,snp_foley,,40,0,87,87,250,875,1250,allon,default,allon,default,3,2,priority,oldest,-170,170,10,50,0.15,1,3d,default,nonlooping,,1,0,25,100,80,0.65,no,yes,none,0,,no,,,yes,no,no,0,0,yes,no,,0,,no,no,no
fly_step_brutus_sprint_snow,raw\sound\zmb\ai\brutus\step\brutus_step_04.LN65.pc.snd.wav,fly_gear_brutus,loaded,bus_fx,grp_foley,snp_foley,,40,0,87,87,250,875,1250,allon,default,allon,default,3,2,priority,oldest,-170,170,10,50,0.15,1,3d,default,nonlooping,,1,0,25,100,80,0.65,no,yes,none,0,,no,,,yes,no,no,0,0,yes,no,,0,,no,no,no
fly_step_brutus_sprint_water,raw\sound\zmb\ai\brutus\step\brutus_step_00.LN65.pc.snd.wav,fly_gear_brutus,loaded,bus_fx,grp_foley,snp_foley,,40,0,87,87,250,875,1250,allon,default,allon,default,3,2,oldest,oldest,-170,170,10,50,0.15,1,3d,default,nonlooping,,1,0,25,100,80,0.65,no,yes,none,0,,no,,,yes,no,no,0,0,yes,no,,0,,no,no,no
fly_step_brutus_sprint_water,raw\sound\zmb\ai\brutus\step\brutus_step_01.LN65.pc.snd.wav,fly_gear_brutus,loaded,bus_fx,grp_foley,snp_foley,,40,0,87,87,250,875,1250,allon,default,allon,default,3,2,oldest,oldest,-170,170,10,50,0.15,1,3d,default,nonlooping,,1,0,25,100,80,0.65,no,yes,none,0,,no,,,yes,no,no,0,0,yes,no,,0,,no,no,no
fly_step_brutus_sprint_water,raw\sound\zmb\ai\brutus\step\brutus_step_02.LN65.pc.snd.wav,fly_gear_brutus,loaded,bus_fx,grp_foley,snp_foley,,40,0,87,87,250,875,1250,allon,default,allon,default,3,2,oldest,oldest,-170,170,10,50,0.15,1,3d,default,nonlooping,,1,0,25,100,80,0.65,no,yes,none,0,,no,,,yes,no,no,0,0,yes,no,,0,,no,no,no
fly_step_brutus_sprint_water,raw\sound\zmb\ai\brutus\step\brutus_step_03.LN65.pc.snd.wav,fly_gear_brutus,loaded,bus_fx,grp_foley,snp_foley,,40,0,87,87,250,875,1250,allon,default,allon,default,3,2,oldest,oldest,-170,170,10,50,0.15,1,3d,default,nonlooping,,1,0,25,100,80,0.65,no,yes,none,0,,no,,,yes,no,no,0,0,yes,no,,0,,no,no,no
fly_step_brutus_sprint_water,raw\sound\zmb\ai\brutus\step\brutus_step_04.LN65.pc.snd.wav,fly_gear_brutus,loaded,bus_fx,grp_foley,snp_foley,,40,0,87,87,250,875,1250,allon,default,allon,default,3,2,oldest,oldest,-170,170,10,50,0.15,1,3d,default,nonlooping,,1,0,25,100,80,0.65,no,yes,none,0,,no,,,yes,no,no,0,0,yes,no,,0,,no,no,no
fly_step_brutus_sprint_wood,raw\sound\zmb\ai\brutus\step\brutus_step_00.LN65.pc.snd.wav,fly_gear_brutus,loaded,bus_fx,grp_foley,snp_foley,,40,0,87,87,250,875,1250,allon,default,allon,default,3,2,priority,oldest,-170,170,10,50,0.15,1,3d,default,nonlooping,,1,0,25,100,80,0.65,no,yes,none,0,,no,,,yes,no,no,0,0,yes,no,,0,,no,no,no
fly_step_brutus_sprint_wood,raw\sound\zmb\ai\brutus\step\brutus_step_01.LN65.pc.snd.wav,fly_gear_brutus,loaded,bus_fx,grp_foley,snp_foley,,40,0,87,87,250,875,1250,allon,default,allon,default,3,2,priority,oldest,-170,170,10,50,0.15,1,3d,default,nonlooping,,1,0,25,100,80,0.65,no,yes,none,0,,no,,,yes,no,no,0,0,yes,no,,0,,no,no,no
fly_step_brutus_sprint_wood,raw\sound\zmb\ai\brutus\step\brutus_step_02.LN65.pc.snd.wav,fly_gear_brutus,loaded,bus_fx,grp_foley,snp_foley,,40,0,87,87,250,875,1250,allon,default,allon,default,3,2,priority,oldest,-170,170,10,50,0.15,1,3d,default,nonlooping,,1,0,25,100,80,0.65,no,yes,none,0,,no,,,yes,no,no,0,0,yes,no,,0,,no,no,no
fly_step_brutus_sprint_wood,raw\sound\zmb\ai\brutus\step\brutus_step_03.LN65.pc.snd.wav,fly_gear_brutus,loaded,bus_fx,grp_foley,snp_foley,,40,0,87,87,250,875,1250,allon,default,allon,default,3,2,priority,oldest,-170,170,10,50,0.15,1,3d,default,nonlooping,,1,0,25,100,80,0.65,no,yes,none,0,,no,,,yes,no,no,0,0,yes,no,,0,,no,no,no
fly_step_brutus_sprint_wood,raw\sound\zmb\ai\brutus\step\brutus_step_04.LN65.pc.snd.wav,fly_gear_brutus,loaded,bus_fx,grp_foley,snp_foley,,40,0,87,87,250,875,1250,allon,default,allon,default,3,2,priority,oldest,-170,170,10,50,0.15,1,3d,default,nonlooping,,1,0,25,100,80,0.65,no,yes,none,0,,no,,,yes,no,no,0,0,yes,no,,0,,no,no,no
fly_step_brutus_walk_asphalt,raw\sound\zmb\ai\brutus\step\brutus_step_00.LN65.pc.snd.wav,fly_gear_brutus,loaded,bus_fx,grp_foley,snp_foley,,40,0,87,87,250,875,1250,allon,default,allon,default,3,2,priority,oldest,-170,170,10,50,0.15,1,3d,default,nonlooping,,1,0,25,100,80,0.65,no,yes,none,0,,no,,,yes,no,no,0,0,yes,no,,0,,no,no,no
fly_step_brutus_walk_asphalt,raw\sound\zmb\ai\brutus\step\brutus_step_01.LN65.pc.snd.wav,fly_gear_brutus,loaded,bus_fx,grp_foley,snp_foley,,40,0,87,87,250,875,1250,allon,default,allon,default,3,2,priority,oldest,-170,170,10,50,0.15,1,3d,default,nonlooping,,1,0,25,100,80,0.65,no,yes,none,0,,no,,,yes,no,no,0,0,yes,no,,0,,no,no,no
fly_step_brutus_walk_asphalt,raw\sound\zmb\ai\brutus\step\brutus_step_02.LN65.pc.snd.wav,fly_gear_brutus,loaded,bus_fx,grp_foley,snp_foley,,40,0,87,87,250,875,1250,allon,default,allon,default,3,2,priority,oldest,-170,170,10,50,0.15,1,3d,default,nonlooping,,1,0,25,100,80,0.65,no,yes,none,0,,no,,,yes,no,no,0,0,yes,no,,0,,no,no,no
fly_step_brutus_walk_asphalt,raw\sound\zmb\ai\brutus\step\brutus_step_03.LN65.pc.snd.wav,fly_gear_brutus,loaded,bus_fx,grp_foley,snp_foley,,40,0,87,87,250,875,1250,allon,default,allon,default,3,2,priority,oldest,-170,170,10,50,0.15,1,3d,default,nonlooping,,1,0,25,100,80,0.65,no,yes,none,0,,no,,,yes,no,no,0,0,yes,no,,0,,no,no,no
fly_step_brutus_walk_asphalt,raw\sound\zmb\ai\brutus\step\brutus_step_04.LN65.pc.snd.wav,fly_gear_brutus,loaded,bus_fx,grp_foley,snp_foley,,40,0,87,87,250,875,1250,allon,default,allon,default,3,2,priority,oldest,-170,170,10,50,0.15,1,3d,default,nonlooping,,1,0,25,100,80,0.65,no,yes,none,0,,no,,,yes,no,no,0,0,yes,no,,0,,no,no,no
fly_step_brutus_walk_bark,raw\sound\zmb\ai\brutus\step\brutus_step_00.LN65.pc.snd.wav,fly_gear_brutus,loaded,bus_fx,grp_foley,snp_foley,,40,0,87,87,250,875,1250,allon,default,allon,default,3,2,priority,oldest,-170,170,10,50,0.15,1,3d,default,nonlooping,,1,0,25,100,80,0.65,no,yes,none,0,,no,,,yes,no,no,0,0,yes,no,,0,,no,no,no
fly_step_brutus_walk_bark,raw\sound\zmb\ai\brutus\step\brutus_step_01.LN65.pc.snd.wav,fly_gear_brutus,loaded,bus_fx,grp_foley,snp_foley,,40,0,87,87,250,875,1250,allon,default,allon,default,3,2,priority,oldest,-170,170,10,50,0.15,1,3d,default,nonlooping,,1,0,25,100,80,0.65,no,yes,none,0,,no,,,yes,no,no,0,0,yes,no,,0,,no,no,no
fly_step_brutus_walk_bark,raw\sound\zmb\ai\brutus\step\brutus_step_02.LN65.pc.snd.wav,fly_gear_brutus,loaded,bus_fx,grp_foley,snp_foley,,40,0,87,87,250,875,1250,allon,default,allon,default,3,2,priority,oldest,-170,170,10,50,0.15,1,3d,default,nonlooping,,1,0,25,100,80,0.65,no,yes,none,0,,no,,,yes,no,no,0,0,yes,no,,0,,no,no,no
fly_step_brutus_walk_bark,raw\sound\zmb\ai\brutus\step\brutus_step_03.LN65.pc.snd.wav,fly_gear_brutus,loaded,bus_fx,grp_foley,snp_foley,,40,0,87,87,250,875,1250,allon,default,allon,default,3,2,priority,oldest,-170,170,10,50,0.15,1,3d,default,nonlooping,,1,0,25,100,80,0.65,no,yes,none,0,,no,,,yes,no,no,0,0,yes,no,,0,,no,no,no
fly_step_brutus_walk_bark,raw\sound\zmb\ai\brutus\step\brutus_step_04.LN65.pc.snd.wav,fly_gear_brutus,loaded,bus_fx,grp_foley,snp_foley,,40,0,87,87,250,875,1250,allon,default,allon,default,3,2,priority,oldest,-170,170,10,50,0.15,1,3d,default,nonlooping,,1,0,25,100,80,0.65,no,yes,none,0,,no,,,yes,no,no,0,0,yes,no,,0,,no,no,no
fly_step_brutus_walk_brick,raw\sound\zmb\ai\brutus\step\brutus_step_00.LN65.pc.snd.wav,fly_gear_brutus,loaded,bus_fx,grp_foley,snp_foley,,40,0,87,87,250,875,1250,allon,default,allon,default,3,2,priority,oldest,-170,170,10,50,0.15,1,3d,default,nonlooping,,1,0,25,100,80,0.65,no,yes,none,0,,no,,,yes,no,no,0,0,yes,no,,0,,no,no,no
fly_step_brutus_walk_brick,raw\sound\zmb\ai\brutus\step\brutus_step_01.LN65.pc.snd.wav,fly_gear_brutus,loaded,bus_fx,grp_foley,snp_foley,,40,0,87,87,250,875,1250,allon,default,allon,default,3,2,priority,oldest,-170,170,10,50,0.15,1,3d,default,nonlooping,,1,0,25,100,80,0.65,no,yes,none,0,,no,,,yes,no,no,0,0,yes,no,,0,,no,no,no
fly_step_brutus_walk_brick,raw\sound\zmb\ai\brutus\step\brutus_step_02.LN65.pc.snd.wav,fly_gear_brutus,loaded,bus_fx,grp_foley,snp_foley,,40,0,87,87,250,875,1250,allon,default,allon,default,3,2,priority,oldest,-170,170,10,50,0.15,1,3d,default,nonlooping,,1,0,25,100,80,0.65,no,yes,none,0,,no,,,yes,no,no,0,0,yes,no,,0,,no,no,no
fly_step_brutus_walk_brick,raw\sound\zmb\ai\brutus\step\brutus_step_03.LN65.pc.snd.wav,fly_gear_brutus,loaded,bus_fx,grp_foley,snp_foley,,40,0,87,87,250,875,1250,allon,default,allon,default,3,2,priority,oldest,-170,170,10,50,0.15,1,3d,default,nonlooping,,1,0,25,100,80,0.65,no,yes,none,0,,no,,,yes,no,no,0,0,yes,no,,0,,no,no,no
fly_step_brutus_walk_brick,raw\sound\zmb\ai\brutus\step\brutus_step_04.LN65.pc.snd.wav,fly_gear_brutus,loaded,bus_fx,grp_foley,snp_foley,,40,0,87,87,250,875,1250,allon,default,allon,default,3,2,priority,oldest,-170,170,10,50,0.15,1,3d,default,nonlooping,,1,0,25,100,80,0.65,no,yes,none,0,,no,,,yes,no,no,0,0,yes,no,,0,,no,no,no
fly_step_brutus_walk_carpet,raw\sound\zmb\ai\brutus\step\brutus_step_00.LN65.pc.snd.wav,fly_gear_brutus,loaded,bus_fx,grp_foley,snp_foley,,40,0,87,87,250,875,1250,allon,default,allon,default,3,2,oldest,oldest,-170,170,10,50,0.15,1,3d,default,nonlooping,,1,0,25,100,80,0.65,no,yes,none,0,,no,,,yes,no,no,0,0,yes,no,,0,,no,no,no
fly_step_brutus_walk_carpet,raw\sound\zmb\ai\brutus\step\brutus_step_01.LN65.pc.snd.wav,fly_gear_brutus,loaded,bus_fx,grp_foley,snp_foley,,40,0,87,87,250,875,1250,allon,default,allon,default,3,2,oldest,oldest,-170,170,10,50,0.15,1,3d,default,nonlooping,,1,0,25,100,80,0.65,no,yes,none,0,,no,,,yes,no,no,0,0,yes,no,,0,,no,no,no
fly_step_brutus_walk_carpet,raw\sound\zmb\ai\brutus\step\brutus_step_02.LN65.pc.snd.wav,fly_gear_brutus,loaded,bus_fx,grp_foley,snp_foley,,40,0,87,87,250,875,1250,allon,default,allon,default,3,2,oldest,oldest,-170,170,10,50,0.15,1,3d,default,nonlooping,,1,0,25,100,80,0.65,no,yes,none,0,,no,,,yes,no,no,0,0,yes,no,,0,,no,no,no
fly_step_brutus_walk_carpet,raw\sound\zmb\ai\brutus\step\brutus_step_03.LN65.pc.snd.wav,fly_gear_brutus,loaded,bus_fx,grp_foley,snp_foley,,40,0,87,87,250,875,1250,allon,default,allon,default,3,2,oldest,oldest,-170,170,10,50,0.15,1,3d,default,nonlooping,,1,0,25,100,80,0.65,no,yes,none,0,,no,,,yes,no,no,0,0,yes,no,,0,,no,no,no
fly_step_brutus_walk_carpet,raw\sound\zmb\ai\brutus\step\brutus_step_04.LN65.pc.snd.wav,fly_gear_brutus,loaded,bus_fx,grp_foley,snp_foley,,40,0,87,87,250,875,1250,allon,default,allon,default,3,2,oldest,oldest,-170,170,10,50,0.15,1,3d,default,nonlooping,,1,0,25,100,80,0.65,no,yes,none,0,,no,,,yes,no,no,0,0,yes,no,,0,,no,no,no
fly_step_brutus_walk_ceramic,raw\sound\zmb\ai\brutus\step\brutus_step_00.LN65.pc.snd.wav,fly_gear_brutus,loaded,bus_fx,grp_foley,snp_foley,,40,0,87,87,250,875,1250,allon,default,allon,default,3,2,priority,oldest,-170,170,10,50,0.15,1,3d,default,nonlooping,,1,0,25,100,80,0.65,no,yes,none,0,,no,,,yes,no,no,0,0,yes,no,,0,,no,no,no
fly_step_brutus_walk_ceramic,raw\sound\zmb\ai\brutus\step\brutus_step_01.LN65.pc.snd.wav,fly_gear_brutus,loaded,bus_fx,grp_foley,snp_foley,,40,0,87,87,250,875,1250,allon,default,allon,default,3,2,priority,oldest,-170,170,10,50,0.15,1,3d,default,nonlooping,,1,0,25,100,80,0.65,no,yes,none,0,,no,,,yes,no,no,0,0,yes,no,,0,,no,no,no
fly_step_brutus_walk_ceramic,raw\sound\zmb\ai\brutus\step\brutus_step_02.LN65.pc.snd.wav,fly_gear_brutus,loaded,bus_fx,grp_foley,snp_foley,,40,0,87,87,250,875,1250,allon,default,allon,default,3,2,priority,oldest,-170,170,10,50,0.15,1,3d,default,nonlooping,,1,0,25,100,80,0.65,no,yes,none,0,,no,,,yes,no,no,0,0,yes,no,,0,,no,no,no
fly_step_brutus_walk_ceramic,raw\sound\zmb\ai\brutus\step\brutus_step_03.LN65.pc.snd.wav,fly_gear_brutus,loaded,bus_fx,grp_foley,snp_foley,,40,0,87,87,250,875,1250,allon,default,allon,default,3,2,priority,oldest,-170,170,10,50,0.15,1,3d,default,nonlooping,,1,0,25,100,80,0.65,no,yes,none,0,,no,,,yes,no,no,0,0,yes,no,,0,,no,no,no
fly_step_brutus_walk_ceramic,raw\sound\zmb\ai\brutus\step\brutus_step_04.LN65.pc.snd.wav,fly_gear_brutus,loaded,bus_fx,grp_foley,snp_foley,,40,0,87,87,250,875,1250,allon,default,allon,default,3,2,priority,oldest,-170,170,10,50,0.15,1,3d,default,nonlooping,,1,0,25,100,80,0.65,no,yes,none,0,,no,,,yes,no,no,0,0,yes,no,,0,,no,no,no
fly_step_brutus_walk_cloth,raw\sound\zmb\ai\brutus\step\brutus_step_00.LN65.pc.snd.wav,fly_gear_brutus,loaded,bus_fx,grp_foley,snp_foley,,40,0,87,87,250,875,1250,allon,default,allon,default,3,2,priority,oldest,-170,170,10,50,0.15,1,3d,default,nonlooping,,1,0,25,100,80,0.65,no,yes,none,0,,no,,,yes,no,no,0,0,yes,no,,0,,no,no,no
fly_step_brutus_walk_cloth,raw\sound\zmb\ai\brutus\step\brutus_step_01.LN65.pc.snd.wav,fly_gear_brutus,loaded,bus_fx,grp_foley,snp_foley,,40,0,87,87,250,875,1250,allon,default,allon,default,3,2,priority,oldest,-170,170,10,50,0.15,1,3d,default,nonlooping,,1,0,25,100,80,0.65,no,yes,none,0,,no,,,yes,no,no,0,0,yes,no,,0,,no,no,no
fly_step_brutus_walk_cloth,raw\sound\zmb\ai\brutus\step\brutus_step_02.LN65.pc.snd.wav,fly_gear_brutus,loaded,bus_fx,grp_foley,snp_foley,,40,0,87,87,250,875,1250,allon,default,allon,default,3,2,priority,oldest,-170,170,10,50,0.15,1,3d,default,nonlooping,,1,0,25,100,80,0.65,no,yes,none,0,,no,,,yes,no,no,0,0,yes,no,,0,,no,no,no
fly_step_brutus_walk_cloth,raw\sound\zmb\ai\brutus\step\brutus_step_03.LN65.pc.snd.wav,fly_gear_brutus,loaded,bus_fx,grp_foley,snp_foley,,40,0,87,87,250,875,1250,allon,default,allon,default,3,2,priority,oldest,-170,170,10,50,0.15,1,3d,default,nonlooping,,1,0,25,100,80,0.65,no,yes,none,0,,no,,,yes,no,no,0,0,yes,no,,0,,no,no,no
fly_step_brutus_walk_cloth,raw\sound\zmb\ai\brutus\step\brutus_step_04.LN65.pc.snd.wav,fly_gear_brutus,loaded,bus_fx,grp_foley,snp_foley,,40,0,87,87,250,875,1250,allon,default,allon,default,3,2,priority,oldest,-170,170,10,50,0.15,1,3d,default,nonlooping,,1,0,25,100,80,0.65,no,yes,none,0,,no,,,yes,no,no,0,0,yes,no,,0,,no,no,no
fly_step_brutus_walk_concrete,raw\sound\zmb\ai\brutus\step\brutus_step_00.LN65.pc.snd.wav,fly_gear_brutus,loaded,bus_fx,grp_foley,snp_foley,,40,0,87,87,250,875,1250,allon,default,allon,default,3,2,priority,oldest,-170,170,10,50,0.15,1,3d,default,nonlooping,,1,0,25,100,80,0.65,no,yes,none,0,,no,,,yes,no,no,0,0,yes,no,,0,,no,no,no
fly_step_brutus_walk_concrete,raw\sound\zmb\ai\brutus\step\brutus_step_01.LN65.pc.snd.wav,fly_gear_brutus,loaded,bus_fx,grp_foley,snp_foley,,40,0,87,87,250,875,1250,allon,default,allon,default,3,2,priority,oldest,-170,170,10,50,0.15,1,3d,default,nonlooping,,1,0,25,100,80,0.65,no,yes,none,0,,no,,,yes,no,no,0,0,yes,no,,0,,no,no,no
fly_step_brutus_walk_concrete,raw\sound\zmb\ai\brutus\step\brutus_step_02.LN65.pc.snd.wav,fly_gear_brutus,loaded,bus_fx,grp_foley,snp_foley,,40,0,87,87,250,875,1250,allon,default,allon,default,3,2,priority,oldest,-170,170,10,50,0.15,1,3d,default,nonlooping,,1,0,25,100,80,0.65,no,yes,none,0,,no,,,yes,no,no,0,0,yes,no,,0,,no,no,no
fly_step_brutus_walk_concrete,raw\sound\zmb\ai\brutus\step\brutus_step_03.LN65.pc.snd.wav,fly_gear_brutus,loaded,bus_fx,grp_foley,snp_foley,,40,0,87,87,250,875,1250,allon,default,allon,default,3,2,priority,oldest,-170,170,10,50,0.15,1,3d,default,nonlooping,,1,0,25,100,80,0.65,no,yes,none,0,,no,,,yes,no,no,0,0,yes,no,,0,,no,no,no
fly_step_brutus_walk_concrete,raw\sound\zmb\ai\brutus\step\brutus_step_04.LN65.pc.snd.wav,fly_gear_brutus,loaded,bus_fx,grp_foley,snp_foley,,40,0,87,87,250,875,1250,allon,default,allon,default,3,2,priority,oldest,-170,170,10,50,0.15,1,3d,default,nonlooping,,1,0,25,100,80,0.65,no,yes,none,0,,no,,,yes,no,no,0,0,yes,no,,0,,no,no,no
fly_step_brutus_walk_cushion,raw\sound\zmb\ai\brutus\step\brutus_step_00.LN65.pc.snd.wav,fly_gear_brutus,loaded,bus_fx,grp_foley,snp_foley,,40,0,87,87,250,875,1250,allon,default,allon,default,3,2,priority,oldest,-170,170,10,50,0.15,1,3d,default,nonlooping,,1,0,25,100,80,0.65,no,yes,none,0,,no,,,yes,no,no,0,0,yes,no,,0,,no,no,no
fly_step_brutus_walk_cushion,raw\sound\zmb\ai\brutus\step\brutus_step_01.LN65.pc.snd.wav,fly_gear_brutus,loaded,bus_fx,grp_foley,snp_foley,,40,0,87,87,250,875,1250,allon,default,allon,default,3,2,priority,oldest,-170,170,10,50,0.15,1,3d,default,nonlooping,,1,0,25,100,80,0.65,no,yes,none,0,,no,,,yes,no,no,0,0,yes,no,,0,,no,no,no
fly_step_brutus_walk_cushion,raw\sound\zmb\ai\brutus\step\brutus_step_02.LN65.pc.snd.wav,fly_gear_brutus,loaded,bus_fx,grp_foley,snp_foley,,40,0,87,87,250,875,1250,allon,default,allon,default,3,2,priority,oldest,-170,170,10,50,0.15,1,3d,default,nonlooping,,1,0,25,100,80,0.65,no,yes,none,0,,no,,,yes,no,no,0,0,yes,no,,0,,no,no,no
fly_step_brutus_walk_cushion,raw\sound\zmb\ai\brutus\step\brutus_step_03.LN65.pc.snd.wav,fly_gear_brutus,loaded,bus_fx,grp_foley,snp_foley,,40,0,87,87,250,875,1250,allon,default,allon,default,3,2,priority,oldest,-170,170,10,50,0.15,1,3d,default,nonlooping,,1,0,25,100,80,0.65,no,yes,none,0,,no,,,yes,no,no,0,0,yes,no,,0,,no,no,no
fly_step_brutus_walk_cushion,raw\sound\zmb\ai\brutus\step\brutus_step_04.LN65.pc.snd.wav,fly_gear_brutus,loaded,bus_fx,grp_foley,snp_foley,,40,0,87,87,250,875,1250,allon,default,allon,default,3,2,priority,oldest,-170,170,10,50,0.15,1,3d,default,nonlooping,,1,0,25,100,80,0.65,no,yes,none,0,,no,,,yes,no,no,0,0,yes,no,,0,,no,no,no
fly_step_brutus_walk_default,raw\sound\zmb\ai\brutus\step\brutus_step_00.LN65.pc.snd.wav,fly_gear_brutus,loaded,bus_fx,grp_foley,snp_foley,,40,0,87,87,250,875,1250,allon,default,allon,default,3,2,priority,oldest,-170,170,10,50,0.15,1,3d,default,nonlooping,,1,0,25,100,80,0.65,no,yes,none,0,,no,,,yes,no,no,0,0,yes,no,,0,,no,no,no
fly_step_brutus_walk_default,raw\sound\zmb\ai\brutus\step\brutus_step_01.LN65.pc.snd.wav,fly_gear_brutus,loaded,bus_fx,grp_foley,snp_foley,,40,0,87,87,250,875,1250,allon,default,allon,default,3,2,priority,oldest,-170,170,10,50,0.15,1,3d,default,nonlooping,,1,0,25,100,80,0.65,no,yes,none,0,,no,,,yes,no,no,0,0,yes,no,,0,,no,no,no
fly_step_brutus_walk_default,raw\sound\zmb\ai\brutus\step\brutus_step_02.LN65.pc.snd.wav,fly_gear_brutus,loaded,bus_fx,grp_foley,snp_foley,,40,0,87,87,250,875,1250,allon,default,allon,default,3,2,priority,oldest,-170,170,10,50,0.15,1,3d,default,nonlooping,,1,0,25,100,80,0.65,no,yes,none,0,,no,,,yes,no,no,0,0,yes,no,,0,,no,no,no
fly_step_brutus_walk_default,raw\sound\zmb\ai\brutus\step\brutus_step_03.LN65.pc.snd.wav,fly_gear_brutus,loaded,bus_fx,grp_foley,snp_foley,,40,0,87,87,250,875,1250,allon,default,allon,default,3,2,priority,oldest,-170,170,10,50,0.15,1,3d,default,nonlooping,,1,0,25,100,80,0.65,no,yes,none,0,,no,,,yes,no,no,0,0,yes,no,,0,,no,no,no
fly_step_brutus_walk_default,raw\sound\zmb\ai\brutus\step\brutus_step_04.LN65.pc.snd.wav,fly_gear_brutus,loaded,bus_fx,grp_foley,snp_foley,,40,0,87,87,250,875,1250,allon,default,allon,default,3,2,priority,oldest,-170,170,10,50,0.15,1,3d,default,nonlooping,,1,0,25,100,80,0.65,no,yes,none,0,,no,,,yes,no,no,0,0,yes,no,,0,,no,no,no
fly_step_brutus_walk_dirt,raw\sound\zmb\ai\brutus\step\brutus_step_00.LN65.pc.snd.wav,fly_gear_brutus,loaded,bus_fx,grp_foley,snp_foley,,40,0,87,87,250,875,1250,allon,default,allon,default,3,2,priority,oldest,-170,170,10,50,0.15,1,3d,default,nonlooping,,1,0,25,100,80,0.65,no,yes,none,0,,no,,,yes,no,no,0,0,yes,no,,0,,no,no,no
fly_step_brutus_walk_dirt,raw\sound\zmb\ai\brutus\step\brutus_step_01.LN65.pc.snd.wav,fly_gear_brutus,loaded,bus_fx,grp_foley,snp_foley,,40,0,87,87,250,875,1250,allon,default,allon,default,3,2,priority,oldest,-170,170,10,50,0.15,1,3d,default,nonlooping,,1,0,25,100,80,0.65,no,yes,none,0,,no,,,yes,no,no,0,0,yes,no,,0,,no,no,no
fly_step_brutus_walk_dirt,raw\sound\zmb\ai\brutus\step\brutus_step_02.LN65.pc.snd.wav,fly_gear_brutus,loaded,bus_fx,grp_foley,snp_foley,,40,0,87,87,250,875,1250,allon,default,allon,default,3,2,priority,oldest,-170,170,10,50,0.15,1,3d,default,nonlooping,,1,0,25,100,80,0.65,no,yes,none,0,,no,,,yes,no,no,0,0,yes,no,,0,,no,no,no
fly_step_brutus_walk_dirt,raw\sound\zmb\ai\brutus\step\brutus_step_03.LN65.pc.snd.wav,fly_gear_brutus,loaded,bus_fx,grp_foley,snp_foley,,40,0,87,87,250,875,1250,allon,default,allon,default,3,2,priority,oldest,-170,170,10,50,0.15,1,3d,default,nonlooping,,1,0,25,100,80,0.65,no,yes,none,0,,no,,,yes,no,no,0,0,yes,no,,0,,no,no,no
fly_step_brutus_walk_dirt,raw\sound\zmb\ai\brutus\step\brutus_step_04.LN65.pc.snd.wav,fly_gear_brutus,loaded,bus_fx,grp_foley,snp_foley,,40,0,87,87,250,875,1250,allon,default,allon,default,3,2,priority,oldest,-170,170,10,50,0.15,1,3d,default,nonlooping,,1,0,25,100,80,0.65,no,yes,none,0,,no,,,yes,no,no,0,0,yes,no,,0,,no,no,no
fly_step_brutus_walk_flesh,raw\sound\zmb\ai\brutus\step\brutus_step_00.LN65.pc.snd.wav,fly_gear_brutus,loaded,bus_fx,grp_foley,snp_foley,,40,0,87,87,250,875,1250,allon,default,allon,default,3,2,priority,oldest,-170,170,10,50,0.15,1,3d,default,nonlooping,,1,0,25,100,80,0.65,no,yes,none,0,,no,,,yes,no,no,0,0,yes,no,,0,,no,no,no
fly_step_brutus_walk_flesh,raw\sound\zmb\ai\brutus\step\brutus_step_01.LN65.pc.snd.wav,fly_gear_brutus,loaded,bus_fx,grp_foley,snp_foley,,40,0,87,87,250,875,1250,allon,default,allon,default,3,2,priority,oldest,-170,170,10,50,0.15,1,3d,default,nonlooping,,1,0,25,100,80,0.65,no,yes,none,0,,no,,,yes,no,no,0,0,yes,no,,0,,no,no,no
fly_step_brutus_walk_flesh,raw\sound\zmb\ai\brutus\step\brutus_step_02.LN65.pc.snd.wav,fly_gear_brutus,loaded,bus_fx,grp_foley,snp_foley,,40,0,87,87,250,875,1250,allon,default,allon,default,3,2,priority,oldest,-170,170,10,50,0.15,1,3d,default,nonlooping,,1,0,25,100,80,0.65,no,yes,none,0,,no,,,yes,no,no,0,0,yes,no,,0,,no,no,no
fly_step_brutus_walk_flesh,raw\sound\zmb\ai\brutus\step\brutus_step_03.LN65.pc.snd.wav,fly_gear_brutus,loaded,bus_fx,grp_foley,snp_foley,,40,0,87,87,250,875,1250,allon,default,allon,default,3,2,priority,oldest,-170,170,10,50,0.15,1,3d,default,nonlooping,,1,0,25,100,80,0.65,no,yes,none,0,,no,,,yes,no,no,0,0,yes,no,,0,,no,no,no
fly_step_brutus_walk_flesh,raw\sound\zmb\ai\brutus\step\brutus_step_04.LN65.pc.snd.wav,fly_gear_brutus,loaded,bus_fx,grp_foley,snp_foley,,40,0,87,87,250,875,1250,allon,default,allon,default,3,2,priority,oldest,-170,170,10,50,0.15,1,3d,default,nonlooping,,1,0,25,100,80,0.65,no,yes,none,0,,no,,,yes,no,no,0,0,yes,no,,0,,no,no,no
fly_step_brutus_walk_foliage,raw\sound\zmb\ai\brutus\step\brutus_step_00.LN65.pc.snd.wav,fly_gear_brutus,loaded,bus_fx,grp_foley,snp_foley,,40,0,87,87,250,875,1250,allon,default,allon,default,3,2,priority,oldest,-170,170,10,50,0.15,1,3d,default,nonlooping,,1,0,25,100,80,0.65,no,yes,none,0,,no,,,yes,no,no,0,0,yes,no,,0,,no,no,no
fly_step_brutus_walk_foliage,raw\sound\zmb\ai\brutus\step\brutus_step_01.LN65.pc.snd.wav,fly_gear_brutus,loaded,bus_fx,grp_foley,snp_foley,,40,0,87,87,250,875,1250,allon,default,allon,default,3,2,priority,oldest,-170,170,10,50,0.15,1,3d,default,nonlooping,,1,0,25,100,80,0.65,no,yes,none,0,,no,,,yes,no,no,0,0,yes,no,,0,,no,no,no
fly_step_brutus_walk_foliage,raw\sound\zmb\ai\brutus\step\brutus_step_02.LN65.pc.snd.wav,fly_gear_brutus,loaded,bus_fx,grp_foley,snp_foley,,40,0,87,87,250,875,1250,allon,default,allon,default,3,2,priority,oldest,-170,170,10,50,0.15,1,3d,default,nonlooping,,1,0,25,100,80,0.65,no,yes,none,0,,no,,,yes,no,no,0,0,yes,no,,0,,no,no,no
fly_step_brutus_walk_foliage,raw\sound\zmb\ai\brutus\step\brutus_step_03.LN65.pc.snd.wav,fly_gear_brutus,loaded,bus_fx,grp_foley,snp_foley,,40,0,87,87,250,875,1250,allon,default,allon,default,3,2,priority,oldest,-170,170,10,50,0.15,1,3d,default,nonlooping,,1,0,25,100,80,0.65,no,yes,none,0,,no,,,yes,no,no,0,0,yes,no,,0,,no,no,no
fly_step_brutus_walk_foliage,raw\sound\zmb\ai\brutus\step\brutus_step_04.LN65.pc.snd.wav,fly_gear_brutus,loaded,bus_fx,grp_foley,snp_foley,,40,0,87,87,250,875,1250,allon,default,allon,default,3,2,priority,oldest,-170,170,10,50,0.15,1,3d,default,nonlooping,,1,0,25,100,80,0.65,no,yes,none,0,,no,,,yes,no,no,0,0,yes,no,,0,,no,no,no
fly_step_brutus_walk_fruit,raw\sound\zmb\ai\brutus\step\brutus_step_00.LN65.pc.snd.wav,fly_gear_brutus,loaded,bus_fx,grp_foley,snp_foley,,40,0,87,87,250,875,1250,allon,default,allon,default,3,2,priority,oldest,-170,170,10,50,0.15,1,3d,default,nonlooping,,1,0,25,100,80,0.65,no,yes,none,0,,no,,,yes,no,no,0,0,yes,no,,0,,no,no,no
fly_step_brutus_walk_fruit,raw\sound\zmb\ai\brutus\step\brutus_step_01.LN65.pc.snd.wav,fly_gear_brutus,loaded,bus_fx,grp_foley,snp_foley,,40,0,87,87,250,875,1250,allon,default,allon,default,3,2,priority,oldest,-170,170,10,50,0.15,1,3d,default,nonlooping,,1,0,25,100,80,0.65,no,yes,none,0,,no,,,yes,no,no,0,0,yes,no,,0,,no,no,no
fly_step_brutus_walk_fruit,raw\sound\zmb\ai\brutus\step\brutus_step_02.LN65.pc.snd.wav,fly_gear_brutus,loaded,bus_fx,grp_foley,snp_foley,,40,0,87,87,250,875,1250,allon,default,allon,default,3,2,priority,oldest,-170,170,10,50,0.15,1,3d,default,nonlooping,,1,0,25,100,80,0.65,no,yes,none,0,,no,,,yes,no,no,0,0,yes,no,,0,,no,no,no
fly_step_brutus_walk_fruit,raw\sound\zmb\ai\brutus\step\brutus_step_03.LN65.pc.snd.wav,fly_gear_brutus,loaded,bus_fx,grp_foley,snp_foley,,40,0,87,87,250,875,1250,allon,default,allon,default,3,2,priority,oldest,-170,170,10,50,0.15,1,3d,default,nonlooping,,1,0,25,100,80,0.65,no,yes,none,0,,no,,,yes,no,no,0,0,yes,no,,0,,no,no,no
fly_step_brutus_walk_fruit,raw\sound\zmb\ai\brutus\step\brutus_step_04.LN65.pc.snd.wav,fly_gear_brutus,loaded,bus_fx,grp_foley,snp_foley,,40,0,87,87,250,875,1250,allon,default,allon,default,3,2,priority,oldest,-170,170,10,50,0.15,1,3d,default,nonlooping,,1,0,25,100,80,0.65,no,yes,none,0,,no,,,yes,no,no,0,0,yes,no,,0,,no,no,no
fly_step_brutus_walk_glass,raw\sound\zmb\ai\brutus\step\brutus_step_00.LN65.pc.snd.wav,fly_gear_brutus,loaded,bus_fx,grp_foley,snp_foley,,40,0,87,87,250,875,1250,allon,default,allon,default,3,2,priority,oldest,-170,170,10,50,0.15,1,3d,default,nonlooping,,1,0,25,100,80,0.65,no,yes,none,0,,no,,,yes,no,no,0,0,yes,no,,0,,no,no,no
fly_step_brutus_walk_glass,raw\sound\zmb\ai\brutus\step\brutus_step_01.LN65.pc.snd.wav,fly_gear_brutus,loaded,bus_fx,grp_foley,snp_foley,,40,0,87,87,250,875,1250,allon,default,allon,default,3,2,priority,oldest,-170,170,10,50,0.15,1,3d,default,nonlooping,,1,0,25,100,80,0.65,no,yes,none,0,,no,,,yes,no,no,0,0,yes,no,,0,,no,no,no
fly_step_brutus_walk_glass,raw\sound\zmb\ai\brutus\step\brutus_step_02.LN65.pc.snd.wav,fly_gear_brutus,loaded,bus_fx,grp_foley,snp_foley,,40,0,87,87,250,875,1250,allon,default,allon,default,3,2,priority,oldest,-170,170,10,50,0.15,1,3d,default,nonlooping,,1,0,25,100,80,0.65,no,yes,none,0,,no,,,yes,no,no,0,0,yes,no,,0,,no,no,no
fly_step_brutus_walk_glass,raw\sound\zmb\ai\brutus\step\brutus_step_03.LN65.pc.snd.wav,fly_gear_brutus,loaded,bus_fx,grp_foley,snp_foley,,40,0,87,87,250,875,1250,allon,default,allon,default,3,2,priority,oldest,-170,170,10,50,0.15,1,3d,default,nonlooping,,1,0,25,100,80,0.65,no,yes,none,0,,no,,,yes,no,no,0,0,yes,no,,0,,no,no,no
fly_step_brutus_walk_glass,raw\sound\zmb\ai\brutus\step\brutus_step_04.LN65.pc.snd.wav,fly_gear_brutus,loaded,bus_fx,grp_foley,snp_foley,,40,0,87,87,250,875,1250,allon,default,allon,default,3,2,priority,oldest,-170,170,10,50,0.15,1,3d,default,nonlooping,,1,0,25,100,80,0.65,no,yes,none,0,,no,,,yes,no,no,0,0,yes,no,,0,,no,no,no
fly_step_brutus_walk_grass,raw\sound\zmb\ai\brutus\step\brutus_step_00.LN65.pc.snd.wav,fly_gear_brutus,loaded,bus_fx,grp_foley,snp_foley,,40,0,87,87,250,875,1250,allon,default,allon,default,3,2,priority,oldest,-170,170,10,50,0.15,1,3d,default,nonlooping,,1,0,25,100,80,0.65,no,yes,none,0,,no,,,yes,no,no,0,0,yes,no,,0,,no,no,no
fly_step_brutus_walk_grass,raw\sound\zmb\ai\brutus\step\brutus_step_01.LN65.pc.snd.wav,fly_gear_brutus,loaded,bus_fx,grp_foley,snp_foley,,40,0,87,87,250,875,1250,allon,default,allon,default,3,2,priority,oldest,-170,170,10,50,0.15,1,3d,default,nonlooping,,1,0,25,100,80,0.65,no,yes,none,0,,no,,,yes,no,no,0,0,yes,no,,0,,no,no,no
fly_step_brutus_walk_grass,raw\sound\zmb\ai\brutus\step\brutus_step_02.LN65.pc.snd.wav,fly_gear_brutus,loaded,bus_fx,grp_foley,snp_foley,,40,0,87,87,250,875,1250,allon,default,allon,default,3,2,priority,oldest,-170,170,10,50,0.15,1,3d,default,nonlooping,,1,0,25,100,80,0.65,no,yes,none,0,,no,,,yes,no,no,0,0,yes,no,,0,,no,no,no
fly_step_brutus_walk_grass,raw\sound\zmb\ai\brutus\step\brutus_step_03.LN65.pc.snd.wav,fly_gear_brutus,loaded,bus_fx,grp_foley,snp_foley,,40,0,87,87,250,875,1250,allon,default,allon,default,3,2,priority,oldest,-170,170,10,50,0.15,1,3d,default,nonlooping,,1,0,25,100,80,0.65,no,yes,none,0,,no,,,yes,no,no,0,0,yes,no,,0,,no,no,no
fly_step_brutus_walk_grass,raw\sound\zmb\ai\brutus\step\brutus_step_04.LN65.pc.snd.wav,fly_gear_brutus,loaded,bus_fx,grp_foley,snp_foley,,40,0,87,87,250,875,1250,allon,default,allon,default,3,2,priority,oldest,-170,170,10,50,0.15,1,3d,default,nonlooping,,1,0,25,100,80,0.65,no,yes,none,0,,no,,,yes,no,no,0,0,yes,no,,0,,no,no,no
fly_step_brutus_walk_gravel,raw\sound\zmb\ai\brutus\step\brutus_step_00.LN65.pc.snd.wav,fly_gear_brutus,loaded,bus_fx,grp_foley,snp_foley,,40,0,87,87,250,875,1250,allon,default,allon,default,3,2,priority,oldest,-170,170,10,50,0.15,1,3d,default,nonlooping,,1,0,25,100,80,0.65,no,yes,none,0,,no,,,yes,no,no,0,0,yes,no,,0,,no,no,no
fly_step_brutus_walk_gravel,raw\sound\zmb\ai\brutus\step\brutus_step_01.LN65.pc.snd.wav,fly_gear_brutus,loaded,bus_fx,grp_foley,snp_foley,,40,0,87,87,250,875,1250,allon,default,allon,default,3,2,priority,oldest,-170,170,10,50,0.15,1,3d,default,nonlooping,,1,0,25,100,80,0.65,no,yes,none,0,,no,,,yes,no,no,0,0,yes,no,,0,,no,no,no
fly_step_brutus_walk_gravel,raw\sound\zmb\ai\brutus\step\brutus_step_02.LN65.pc.snd.wav,fly_gear_brutus,loaded,bus_fx,grp_foley,snp_foley,,40,0,87,87,250,875,1250,allon,default,allon,default,3,2,priority,oldest,-170,170,10,50,0.15,1,3d,default,nonlooping,,1,0,25,100,80,0.65,no,yes,none,0,,no,,,yes,no,no,0,0,yes,no,,0,,no,no,no
fly_step_brutus_walk_gravel,raw\sound\zmb\ai\brutus\step\brutus_step_03.LN65.pc.snd.wav,fly_gear_brutus,loaded,bus_fx,grp_foley,snp_foley,,40,0,87,87,250,875,1250,allon,default,allon,default,3,2,priority,oldest,-170,170,10,50,0.15,1,3d,default,nonlooping,,1,0,25,100,80,0.65,no,yes,none,0,,no,,,yes,no,no,0,0,yes,no,,0,,no,no,no
fly_step_brutus_walk_gravel,raw\sound\zmb\ai\brutus\step\brutus_step_04.LN65.pc.snd.wav,fly_gear_brutus,loaded,bus_fx,grp_foley,snp_foley,,40,0,87,87,250,875,1250,allon,default,allon,default,3,2,priority,oldest,-170,170,10,50,0.15,1,3d,default,nonlooping,,1,0,25,100,80,0.65,no,yes,none,0,,no,,,yes,no,no,0,0,yes,no,,0,,no,no,no
fly_step_brutus_walk_ice,raw\sound\zmb\ai\brutus\step\brutus_step_00.LN65.pc.snd.wav,fly_gear_brutus,loaded,bus_fx,grp_foley,snp_foley,,40,0,87,87,250,875,1250,allon,default,allon,default,3,2,priority,oldest,-170,170,10,50,0.15,1,3d,default,nonlooping,,1,0,25,100,80,0.65,no,yes,none,0,,no,,,yes,no,no,0,0,yes,no,,0,,no,no,no
fly_step_brutus_walk_ice,raw\sound\zmb\ai\brutus\step\brutus_step_01.LN65.pc.snd.wav,fly_gear_brutus,loaded,bus_fx,grp_foley,snp_foley,,40,0,87,87,250,875,1250,allon,default,allon,default,3,2,priority,oldest,-170,170,10,50,0.15,1,3d,default,nonlooping,,1,0,25,100,80,0.65,no,yes,none,0,,no,,,yes,no,no,0,0,yes,no,,0,,no,no,no
fly_step_brutus_walk_ice,raw\sound\zmb\ai\brutus\step\brutus_step_02.LN65.pc.snd.wav,fly_gear_brutus,loaded,bus_fx,grp_foley,snp_foley,,40,0,87,87,250,875,1250,allon,default,allon,default,3,2,priority,oldest,-170,170,10,50,0.15,1,3d,default,nonlooping,,1,0,25,100,80,0.65,no,yes,none,0,,no,,,yes,no,no,0,0,yes,no,,0,,no,no,no
fly_step_brutus_walk_ice,raw\sound\zmb\ai\brutus\step\brutus_step_03.LN65.pc.snd.wav,fly_gear_brutus,loaded,bus_fx,grp_foley,snp_foley,,40,0,87,87,250,875,1250,allon,default,allon,default,3,2,priority,oldest,-170,170,10,50,0.15,1,3d,default,nonlooping,,1,0,25,100,80,0.65,no,yes,none,0,,no,,,yes,no,no,0,0,yes,no,,0,,no,no,no
fly_step_brutus_walk_ice,raw\sound\zmb\ai\brutus\step\brutus_step_04.LN65.pc.snd.wav,fly_gear_brutus,loaded,bus_fx,grp_foley,snp_foley,,40,0,87,87,250,875,1250,allon,default,allon,default,3,2,priority,oldest,-170,170,10,50,0.15,1,3d,default,nonlooping,,1,0,25,100,80,0.65,no,yes,none,0,,no,,,yes,no,no,0,0,yes,no,,0,,no,no,no
fly_step_brutus_walk_metal,raw\sound\zmb\ai\brutus\step\brutus_step_00.LN65.pc.snd.wav,fly_gear_brutus,loaded,bus_fx,grp_foley,snp_foley,,40,0,87,87,250,875,1250,allon,default,allon,default,3,2,priority,oldest,-170,170,10,50,0.15,1,3d,default,nonlooping,,1,0,25,100,80,0.65,no,yes,none,0,,no,,,yes,no,no,0,0,yes,no,,0,,no,no,no
fly_step_brutus_walk_metal,raw\sound\zmb\ai\brutus\step\brutus_step_01.LN65.pc.snd.wav,fly_gear_brutus,loaded,bus_fx,grp_foley,snp_foley,,40,0,87,87,250,875,1250,allon,default,allon,default,3,2,priority,oldest,-170,170,10,50,0.15,1,3d,default,nonlooping,,1,0,25,100,80,0.65,no,yes,none,0,,no,,,yes,no,no,0,0,yes,no,,0,,no,no,no
fly_step_brutus_walk_metal,raw\sound\zmb\ai\brutus\step\brutus_step_02.LN65.pc.snd.wav,fly_gear_brutus,loaded,bus_fx,grp_foley,snp_foley,,40,0,87,87,250,875,1250,allon,default,allon,default,3,2,priority,oldest,-170,170,10,50,0.15,1,3d,default,nonlooping,,1,0,25,100,80,0.65,no,yes,none,0,,no,,,yes,no,no,0,0,yes,no,,0,,no,no,no
fly_step_brutus_walk_metal,raw\sound\zmb\ai\brutus\step\brutus_step_03.LN65.pc.snd.wav,fly_gear_brutus,loaded,bus_fx,grp_foley,snp_foley,,40,0,87,87,250,875,1250,allon,default,allon,default,3,2,priority,oldest,-170,170,10,50,0.15,1,3d,default,nonlooping,,1,0,25,100,80,0.65,no,yes,none,0,,no,,,yes,no,no,0,0,yes,no,,0,,no,no,no
fly_step_brutus_walk_metal,raw\sound\zmb\ai\brutus\step\brutus_step_04.LN65.pc.snd.wav,fly_gear_brutus,loaded,bus_fx,grp_foley,snp_foley,,40,0,87,87,250,875,1250,allon,default,allon,default,3,2,priority,oldest,-170,170,10,50,0.15,1,3d,default,nonlooping,,1,0,25,100,80,0.65,no,yes,none,0,,no,,,yes,no,no,0,0,yes,no,,0,,no,no,no
fly_step_brutus_walk_mud,raw\sound\zmb\ai\brutus\step\brutus_step_00.LN65.pc.snd.wav,fly_gear_brutus,loaded,bus_fx,grp_foley,snp_foley,,40,0,87,87,250,875,1250,allon,default,allon,default,3,2,priority,oldest,-170,170,10,50,0.15,1,3d,default,nonlooping,,1,0,25,100,80,0.65,no,yes,none,0,,no,,,yes,no,no,0,0,yes,no,,0,,no,no,no
fly_step_brutus_walk_mud,raw\sound\zmb\ai\brutus\step\brutus_step_01.LN65.pc.snd.wav,fly_gear_brutus,loaded,bus_fx,grp_foley,snp_foley,,40,0,87,87,250,875,1250,allon,default,allon,default,3,2,priority,oldest,-170,170,10,50,0.15,1,3d,default,nonlooping,,1,0,25,100,80,0.65,no,yes,none,0,,no,,,yes,no,no,0,0,yes,no,,0,,no,no,no
fly_step_brutus_walk_mud,raw\sound\zmb\ai\brutus\step\brutus_step_02.LN65.pc.snd.wav,fly_gear_brutus,loaded,bus_fx,grp_foley,snp_foley,,40,0,87,87,250,875,1250,allon,default,allon,default,3,2,priority,oldest,-170,170,10,50,0.15,1,3d,default,nonlooping,,1,0,25,100,80,0.65,no,yes,none,0,,no,,,yes,no,no,0,0,yes,no,,0,,no,no,no
fly_step_brutus_walk_mud,raw\sound\zmb\ai\brutus\step\brutus_step_03.LN65.pc.snd.wav,fly_gear_brutus,loaded,bus_fx,grp_foley,snp_foley,,40,0,87,87,250,875,1250,allon,default,allon,default,3,2,priority,oldest,-170,170,10,50,0.15,1,3d,default,nonlooping,,1,0,25,100,80,0.65,no,yes,none,0,,no,,,yes,no,no,0,0,yes,no,,0,,no,no,no
fly_step_brutus_walk_mud,raw\sound\zmb\ai\brutus\step\brutus_step_04.LN65.pc.snd.wav,fly_gear_brutus,loaded,bus_fx,grp_foley,snp_foley,,40,0,87,87,250,875,1250,allon,default,allon,default,3,2,priority,oldest,-170,170,10,50,0.15,1,3d,default,nonlooping,,1,0,25,100,80,0.65,no,yes,none,0,,no,,,yes,no,no,0,0,yes,no,,0,,no,no,no
fly_step_brutus_walk_paintedmetal,raw\sound\zmb\ai\brutus\step\brutus_step_00.LN65.pc.snd.wav,fly_gear_brutus,loaded,bus_fx,grp_foley,snp_foley,,40,0,87,87,250,875,1250,allon,default,allon,default,3,2,priority,oldest,-170,170,10,50,0.15,1,3d,default,nonlooping,,1,0,25,100,80,0.65,no,yes,none,0,,no,,,yes,no,no,0,0,yes,no,,0,,no,no,no
fly_step_brutus_walk_paintedmetal,raw\sound\zmb\ai\brutus\step\brutus_step_01.LN65.pc.snd.wav,fly_gear_brutus,loaded,bus_fx,grp_foley,snp_foley,,40,0,87,87,250,875,1250,allon,default,allon,default,3,2,priority,oldest,-170,170,10,50,0.15,1,3d,default,nonlooping,,1,0,25,100,80,0.65,no,yes,none,0,,no,,,yes,no,no,0,0,yes,no,,0,,no,no,no
fly_step_brutus_walk_paintedmetal,raw\sound\zmb\ai\brutus\step\brutus_step_02.LN65.pc.snd.wav,fly_gear_brutus,loaded,bus_fx,grp_foley,snp_foley,,40,0,87,87,250,875,1250,allon,default,allon,default,3,2,priority,oldest,-170,170,10,50,0.15,1,3d,default,nonlooping,,1,0,25,100,80,0.65,no,yes,none,0,,no,,,yes,no,no,0,0,yes,no,,0,,no,no,no
fly_step_brutus_walk_paintedmetal,raw\sound\zmb\ai\brutus\step\brutus_step_03.LN65.pc.snd.wav,fly_gear_brutus,loaded,bus_fx,grp_foley,snp_foley,,40,0,87,87,250,875,1250,allon,default,allon,default,3,2,priority,oldest,-170,170,10,50,0.15,1,3d,default,nonlooping,,1,0,25,100,80,0.65,no,yes,none,0,,no,,,yes,no,no,0,0,yes,no,,0,,no,no,no
fly_step_brutus_walk_paintedmetal,raw\sound\zmb\ai\brutus\step\brutus_step_04.LN65.pc.snd.wav,fly_gear_brutus,loaded,bus_fx,grp_foley,snp_foley,,40,0,87,87,250,875,1250,allon,default,allon,default,3,2,priority,oldest,-170,170,10,50,0.15,1,3d,default,nonlooping,,1,0,25,100,80,0.65,no,yes,none,0,,no,,,yes,no,no,0,0,yes,no,,0,,no,no,no
fly_step_brutus_walk_paper,raw\sound\zmb\ai\brutus\step\brutus_step_00.LN65.pc.snd.wav,fly_gear_brutus,loaded,bus_fx,grp_foley,snp_foley,,40,0,87,87,250,875,1250,allon,default,allon,default,3,2,priority,oldest,-170,170,10,50,0.15,1,3d,default,nonlooping,,1,0,25,100,80,0.65,no,yes,none,0,,no,,,yes,no,no,0,0,yes,no,,0,,no,no,no
fly_step_brutus_walk_paper,raw\sound\zmb\ai\brutus\step\brutus_step_01.LN65.pc.snd.wav,fly_gear_brutus,loaded,bus_fx,grp_foley,snp_foley,,40,0,87,87,250,875,1250,allon,default,allon,default,3,2,priority,oldest,-170,170,10,50,0.15,1,3d,default,nonlooping,,1,0,25,100,80,0.65,no,yes,none,0,,no,,,yes,no,no,0,0,yes,no,,0,,no,no,no
fly_step_brutus_walk_paper,raw\sound\zmb\ai\brutus\step\brutus_step_02.LN65.pc.snd.wav,fly_gear_brutus,loaded,bus_fx,grp_foley,snp_foley,,40,0,87,87,250,875,1250,allon,default,allon,default,3,2,priority,oldest,-170,170,10,50,0.15,1,3d,default,nonlooping,,1,0,25,100,80,0.65,no,yes,none,0,,no,,,yes,no,no,0,0,yes,no,,0,,no,no,no
fly_step_brutus_walk_paper,raw\sound\zmb\ai\brutus\step\brutus_step_03.LN65.pc.snd.wav,fly_gear_brutus,loaded,bus_fx,grp_foley,snp_foley,,40,0,87,87,250,875,1250,allon,default,allon,default,3,2,priority,oldest,-170,170,10,50,0.15,1,3d,default,nonlooping,,1,0,25,100,80,0.65,no,yes,none,0,,no,,,yes,no,no,0,0,yes,no,,0,,no,no,no
fly_step_brutus_walk_paper,raw\sound\zmb\ai\brutus\step\brutus_step_04.LN65.pc.snd.wav,fly_gear_brutus,loaded,bus_fx,grp_foley,snp_foley,,40,0,87,87,250,875,1250,allon,default,allon,default,3,2,priority,oldest,-170,170,10,50,0.15,1,3d,default,nonlooping,,1,0,25,100,80,0.65,no,yes,none,0,,no,,,yes,no,no,0,0,yes,no,,0,,no,no,no
fly_step_brutus_walk_plaster,raw\sound\zmb\ai\brutus\step\brutus_step_00.LN65.pc.snd.wav,fly_gear_brutus,loaded,bus_fx,grp_foley,snp_foley,,40,0,87,87,250,875,1250,allon,default,allon,default,3,2,priority,oldest,-170,170,10,50,0.15,1,3d,default,nonlooping,,1,0,25,100,80,0.65,no,yes,none,0,,no,,,yes,no,no,0,0,yes,no,,0,,no,no,no
fly_step_brutus_walk_plaster,raw\sound\zmb\ai\brutus\step\brutus_step_01.LN65.pc.snd.wav,fly_gear_brutus,loaded,bus_fx,grp_foley,snp_foley,,40,0,87,87,250,875,1250,allon,default,allon,default,3,2,priority,oldest,-170,170,10,50,0.15,1,3d,default,nonlooping,,1,0,25,100,80,0.65,no,yes,none,0,,no,,,yes,no,no,0,0,yes,no,,0,,no,no,no
fly_step_brutus_walk_plaster,raw\sound\zmb\ai\brutus\step\brutus_step_02.LN65.pc.snd.wav,fly_gear_brutus,loaded,bus_fx,grp_foley,snp_foley,,40,0,87,87,250,875,1250,allon,default,allon,default,3,2,priority,oldest,-170,170,10,50,0.15,1,3d,default,nonlooping,,1,0,25,100,80,0.65,no,yes,none,0,,no,,,yes,no,no,0,0,yes,no,,0,,no,no,no
fly_step_brutus_walk_plaster,raw\sound\zmb\ai\brutus\step\brutus_step_03.LN65.pc.snd.wav,fly_gear_brutus,loaded,bus_fx,grp_foley,snp_foley,,40,0,87,87,250,875,1250,allon,default,allon,default,3,2,priority,oldest,-170,170,10,50,0.15,1,3d,default,nonlooping,,1,0,25,100,80,0.65,no,yes,none,0,,no,,,yes,no,no,0,0,yes,no,,0,,no,no,no
fly_step_brutus_walk_plaster,raw\sound\zmb\ai\brutus\step\brutus_step_04.LN65.pc.snd.wav,fly_gear_brutus,loaded,bus_fx,grp_foley,snp_foley,,40,0,87,87,250,875,1250,allon,default,allon,default,3,2,priority,oldest,-170,170,10,50,0.15,1,3d,default,nonlooping,,1,0,25,100,80,0.65,no,yes,none,0,,no,,,yes,no,no,0,0,yes,no,,0,,no,no,no
fly_step_brutus_walk_plastic,raw\sound\zmb\ai\brutus\step\brutus_step_00.LN65.pc.snd.wav,fly_gear_brutus,loaded,bus_fx,grp_foley,snp_foley,,40,0,87,87,250,875,1250,allon,default,allon,default,3,2,priority,oldest,-170,170,10,50,0.15,1,3d,default,nonlooping,,1,0,25,100,80,0.65,no,yes,none,0,,no,,,yes,no,no,0,0,yes,no,,0,,no,no,no
fly_step_brutus_walk_plastic,raw\sound\zmb\ai\brutus\step\brutus_step_01.LN65.pc.snd.wav,fly_gear_brutus,loaded,bus_fx,grp_foley,snp_foley,,40,0,87,87,250,875,1250,allon,default,allon,default,3,2,priority,oldest,-170,170,10,50,0.15,1,3d,default,nonlooping,,1,0,25,100,80,0.65,no,yes,none,0,,no,,,yes,no,no,0,0,yes,no,,0,,no,no,no
fly_step_brutus_walk_plastic,raw\sound\zmb\ai\brutus\step\brutus_step_02.LN65.pc.snd.wav,fly_gear_brutus,loaded,bus_fx,grp_foley,snp_foley,,40,0,87,87,250,875,1250,allon,default,allon,default,3,2,priority,oldest,-170,170,10,50,0.15,1,3d,default,nonlooping,,1,0,25,100,80,0.65,no,yes,none,0,,no,,,yes,no,no,0,0,yes,no,,0,,no,no,no
fly_step_brutus_walk_plastic,raw\sound\zmb\ai\brutus\step\brutus_step_03.LN65.pc.snd.wav,fly_gear_brutus,loaded,bus_fx,grp_foley,snp_foley,,40,0,87,87,250,875,1250,allon,default,allon,default,3,2,priority,oldest,-170,170,10,50,0.15,1,3d,default,nonlooping,,1,0,25,100,80,0.65,no,yes,none,0,,no,,,yes,no,no,0,0,yes,no,,0,,no,no,no
fly_step_brutus_walk_plastic,raw\sound\zmb\ai\brutus\step\brutus_step_04.LN65.pc.snd.wav,fly_gear_brutus,loaded,bus_fx,grp_foley,snp_foley,,40,0,87,87,250,875,1250,allon,default,allon,default,3,2,priority,oldest,-170,170,10,50,0.15,1,3d,default,nonlooping,,1,0,25,100,80,0.65,no,yes,none,0,,no,,,yes,no,no,0,0,yes,no,,0,,no,no,no
fly_step_brutus_walk_rock,raw\sound\zmb\ai\brutus\step\brutus_step_00.LN65.pc.snd.wav,fly_gear_brutus,loaded,bus_fx,grp_foley,snp_foley,,40,0,87,87,250,875,1250,allon,default,allon,default,3,2,priority,oldest,-170,170,10,50,0.15,1,3d,default,nonlooping,,1,0,25,100,80,0.65,no,yes,none,0,,no,,,yes,no,no,0,0,yes,no,,0,,no,no,no
fly_step_brutus_walk_rock,raw\sound\zmb\ai\brutus\step\brutus_step_01.LN65.pc.snd.wav,fly_gear_brutus,loaded,bus_fx,grp_foley,snp_foley,,40,0,87,87,250,875,1250,allon,default,allon,default,3,2,priority,oldest,-170,170,10,50,0.15,1,3d,default,nonlooping,,1,0,25,100,80,0.65,no,yes,none,0,,no,,,yes,no,no,0,0,yes,no,,0,,no,no,no
fly_step_brutus_walk_rock,raw\sound\zmb\ai\brutus\step\brutus_step_02.LN65.pc.snd.wav,fly_gear_brutus,loaded,bus_fx,grp_foley,snp_foley,,40,0,87,87,250,875,1250,allon,default,allon,default,3,2,priority,oldest,-170,170,10,50,0.15,1,3d,default,nonlooping,,1,0,25,100,80,0.65,no,yes,none,0,,no,,,yes,no,no,0,0,yes,no,,0,,no,no,no
fly_step_brutus_walk_rock,raw\sound\zmb\ai\brutus\step\brutus_step_03.LN65.pc.snd.wav,fly_gear_brutus,loaded,bus_fx,grp_foley,snp_foley,,40,0,87,87,250,875,1250,allon,default,allon,default,3,2,priority,oldest,-170,170,10,50,0.15,1,3d,default,nonlooping,,1,0,25,100,80,0.65,no,yes,none,0,,no,,,yes,no,no,0,0,yes,no,,0,,no,no,no
fly_step_brutus_walk_rock,raw\sound\zmb\ai\brutus\step\brutus_step_04.LN65.pc.snd.wav,fly_gear_brutus,loaded,bus_fx,grp_foley,snp_foley,,40,0,87,87,250,875,1250,allon,default,allon,default,3,2,priority,oldest,-170,170,10,50,0.15,1,3d,default,nonlooping,,1,0,25,100,80,0.65,no,yes,none,0,,no,,,yes,no,no,0,0,yes,no,,0,,no,no,no
fly_step_brutus_walk_rubber,raw\sound\zmb\ai\brutus\step\brutus_step_00.LN65.pc.snd.wav,fly_gear_brutus,loaded,bus_fx,grp_foley,snp_foley,,40,0,87,87,250,875,1250,allon,default,allon,default,3,2,priority,oldest,-170,170,10,50,0.15,1,3d,default,nonlooping,,1,0,25,100,80,0.65,no,yes,none,0,,no,,,yes,no,no,0,0,yes,no,,0,,no,no,no
fly_step_brutus_walk_rubber,raw\sound\zmb\ai\brutus\step\brutus_step_01.LN65.pc.snd.wav,fly_gear_brutus,loaded,bus_fx,grp_foley,snp_foley,,40,0,87,87,250,875,1250,allon,default,allon,default,3,2,priority,oldest,-170,170,10,50,0.15,1,3d,default,nonlooping,,1,0,25,100,80,0.65,no,yes,none,0,,no,,,yes,no,no,0,0,yes,no,,0,,no,no,no
fly_step_brutus_walk_rubber,raw\sound\zmb\ai\brutus\step\brutus_step_02.LN65.pc.snd.wav,fly_gear_brutus,loaded,bus_fx,grp_foley,snp_foley,,40,0,87,87,250,875,1250,allon,default,allon,default,3,2,priority,oldest,-170,170,10,50,0.15,1,3d,default,nonlooping,,1,0,25,100,80,0.65,no,yes,none,0,,no,,,yes,no,no,0,0,yes,no,,0,,no,no,no
fly_step_brutus_walk_rubber,raw\sound\zmb\ai\brutus\step\brutus_step_03.LN65.pc.snd.wav,fly_gear_brutus,loaded,bus_fx,grp_foley,snp_foley,,40,0,87,87,250,875,1250,allon,default,allon,default,3,2,priority,oldest,-170,170,10,50,0.15,1,3d,default,nonlooping,,1,0,25,100,80,0.65,no,yes,none,0,,no,,,yes,no,no,0,0,yes,no,,0,,no,no,no
fly_step_brutus_walk_rubber,raw\sound\zmb\ai\brutus\step\brutus_step_04.LN65.pc.snd.wav,fly_gear_brutus,loaded,bus_fx,grp_foley,snp_foley,,40,0,87,87,250,875,1250,allon,default,allon,default,3,2,priority,oldest,-170,170,10,50,0.15,1,3d,default,nonlooping,,1,0,25,100,80,0.65,no,yes,none,0,,no,,,yes,no,no,0,0,yes,no,,0,,no,no,no
fly_step_brutus_walk_sand,raw\sound\zmb\ai\brutus\step\brutus_step_00.LN65.pc.snd.wav,fly_gear_brutus,loaded,bus_fx,grp_foley,snp_foley,,40,0,87,87,250,875,1250,allon,default,allon,default,3,2,priority,oldest,-170,170,10,50,0.15,1,3d,default,nonlooping,,1,0,25,100,80,0.65,no,yes,none,0,,no,,,yes,no,no,0,0,yes,no,,0,,no,no,no
fly_step_brutus_walk_sand,raw\sound\zmb\ai\brutus\step\brutus_step_01.LN65.pc.snd.wav,fly_gear_brutus,loaded,bus_fx,grp_foley,snp_foley,,40,0,87,87,250,875,1250,allon,default,allon,default,3,2,priority,oldest,-170,170,10,50,0.15,1,3d,default,nonlooping,,1,0,25,100,80,0.65,no,yes,none,0,,no,,,yes,no,no,0,0,yes,no,,0,,no,no,no
fly_step_brutus_walk_sand,raw\sound\zmb\ai\brutus\step\brutus_step_02.LN65.pc.snd.wav,fly_gear_brutus,loaded,bus_fx,grp_foley,snp_foley,,40,0,87,87,250,875,1250,allon,default,allon,default,3,2,priority,oldest,-170,170,10,50,0.15,1,3d,default,nonlooping,,1,0,25,100,80,0.65,no,yes,none,0,,no,,,yes,no,no,0,0,yes,no,,0,,no,no,no
fly_step_brutus_walk_sand,raw\sound\zmb\ai\brutus\step\brutus_step_03.LN65.pc.snd.wav,fly_gear_brutus,loaded,bus_fx,grp_foley,snp_foley,,40,0,87,87,250,875,1250,allon,default,allon,default,3,2,priority,oldest,-170,170,10,50,0.15,1,3d,default,nonlooping,,1,0,25,100,80,0.65,no,yes,none,0,,no,,,yes,no,no,0,0,yes,no,,0,,no,no,no
fly_step_brutus_walk_sand,raw\sound\zmb\ai\brutus\step\brutus_step_04.LN65.pc.snd.wav,fly_gear_brutus,loaded,bus_fx,grp_foley,snp_foley,,40,0,87,87,250,875,1250,allon,default,allon,default,3,2,priority,oldest,-170,170,10,50,0.15,1,3d,default,nonlooping,,1,0,25,100,80,0.65,no,yes,none,0,,no,,,yes,no,no,0,0,yes,no,,0,,no,no,no
fly_step_brutus_walk_snow,raw\sound\zmb\ai\brutus\step\brutus_step_00.LN65.pc.snd.wav,fly_gear_brutus,loaded,bus_fx,grp_foley,snp_foley,,40,0,87,87,250,875,1250,allon,default,allon,default,3,2,priority,oldest,-170,170,10,50,0.15,1,3d,default,nonlooping,,1,0,25,100,80,0.65,no,yes,none,0,,no,,,yes,no,no,0,0,yes,no,,0,,no,no,no
fly_step_brutus_walk_snow,raw\sound\zmb\ai\brutus\step\brutus_step_01.LN65.pc.snd.wav,fly_gear_brutus,loaded,bus_fx,grp_foley,snp_foley,,40,0,87,87,250,875,1250,allon,default,allon,default,3,2,priority,oldest,-170,170,10,50,0.15,1,3d,default,nonlooping,,1,0,25,100,80,0.65,no,yes,none,0,,no,,,yes,no,no,0,0,yes,no,,0,,no,no,no
fly_step_brutus_walk_snow,raw\sound\zmb\ai\brutus\step\brutus_step_02.LN65.pc.snd.wav,fly_gear_brutus,loaded,bus_fx,grp_foley,snp_foley,,40,0,87,87,250,875,1250,allon,default,allon,default,3,2,priority,oldest,-170,170,10,50,0.15,1,3d,default,nonlooping,,1,0,25,100,80,0.65,no,yes,none,0,,no,,,yes,no,no,0,0,yes,no,,0,,no,no,no
fly_step_brutus_walk_snow,raw\sound\zmb\ai\brutus\step\brutus_step_03.LN65.pc.snd.wav,fly_gear_brutus,loaded,bus_fx,grp_foley,snp_foley,,40,0,87,87,250,875,1250,allon,default,allon,default,3,2,priority,oldest,-170,170,10,50,0.15,1,3d,default,nonlooping,,1,0,25,100,80,0.65,no,yes,none,0,,no,,,yes,no,no,0,0,yes,no,,0,,no,no,no
fly_step_brutus_walk_snow,raw\sound\zmb\ai\brutus\step\brutus_step_04.LN65.pc.snd.wav,fly_gear_brutus,loaded,bus_fx,grp_foley,snp_foley,,40,0,87,87,250,875,1250,allon,default,allon,default,3,2,priority,oldest,-170,170,10,50,0.15,1,3d,default,nonlooping,,1,0,25,100,80,0.65,no,yes,none,0,,no,,,yes,no,no,0,0,yes,no,,0,,no,no,no
fly_step_brutus_walk_water,raw\sound\zmb\ai\brutus\step\brutus_step_00.LN65.pc.snd.wav,fly_gear_brutus,loaded,bus_fx,grp_foley,snp_foley,,40,0,87,87,250,875,1250,allon,default,allon,default,3,2,oldest,oldest,-170,170,10,50,0.15,1,3d,default,nonlooping,,1,0,25,100,80,0.65,no,yes,none,0,,no,,,yes,no,no,0,0,yes,no,,0,,no,no,no
fly_step_brutus_walk_water,raw\sound\zmb\ai\brutus\step\brutus_step_01.LN65.pc.snd.wav,fly_gear_brutus,loaded,bus_fx,grp_foley,snp_foley,,40,0,87,87,250,875,1250,allon,default,allon,default,3,2,oldest,oldest,-170,170,10,50,0.15,1,3d,default,nonlooping,,1,0,25,100,80,0.65,no,yes,none,0,,no,,,yes,no,no,0,0,yes,no,,0,,no,no,no
fly_step_brutus_walk_water,raw\sound\zmb\ai\brutus\step\brutus_step_02.LN65.pc.snd.wav,fly_gear_brutus,loaded,bus_fx,grp_foley,snp_foley,,40,0,87,87,250,875,1250,allon,default,allon,default,3,2,oldest,oldest,-170,170,10,50,0.15,1,3d,default,nonlooping,,1,0,25,100,80,0.65,no,yes,none,0,,no,,,yes,no,no,0,0,yes,no,,0,,no,no,no
fly_step_brutus_walk_water,raw\sound\zmb\ai\brutus\step\brutus_step_03.LN65.pc.snd.wav,fly_gear_brutus,loaded,bus_fx,grp_foley,snp_foley,,40,0,87,87,250,875,1250,allon,default,allon,default,3,2,oldest,oldest,-170,170,10,50,0.15,1,3d,default,nonlooping,,1,0,25,100,80,0.65,no,yes,none,0,,no,,,yes,no,no,0,0,yes,no,,0,,no,no,no
fly_step_brutus_walk_water,raw\sound\zmb\ai\brutus\step\brutus_step_04.LN65.pc.snd.wav,fly_gear_brutus,loaded,bus_fx,grp_foley,snp_foley,,40,0,87,87,250,875,1250,allon,default,allon,default,3,2,oldest,oldest,-170,170,10,50,0.15,1,3d,default,nonlooping,,1,0,25,100,80,0.65,no,yes,none,0,,no,,,yes,no,no,0,0,yes,no,,0,,no,no,no
fly_step_brutus_walk_wood,raw\sound\zmb\ai\brutus\step\brutus_step_00.LN65.pc.snd.wav,fly_gear_brutus,loaded,bus_fx,grp_foley,snp_foley,,40,0,87,87,250,875,1250,allon,default,allon,default,3,2,priority,oldest,-170,170,10,50,0.15,1,3d,default,nonlooping,,1,0,25,100,80,0.65,no,yes,none,0,,no,,,yes,no,no,0,0,yes,no,,0,,no,no,no
fly_step_brutus_walk_wood,raw\sound\zmb\ai\brutus\step\brutus_step_01.LN65.pc.snd.wav,fly_gear_brutus,loaded,bus_fx,grp_foley,snp_foley,,40,0,87,87,250,875,1250,allon,default,allon,default,3,2,priority,oldest,-170,170,10,50,0.15,1,3d,default,nonlooping,,1,0,25,100,80,0.65,no,yes,none,0,,no,,,yes,no,no,0,0,yes,no,,0,,no,no,no
fly_step_brutus_walk_wood,raw\sound\zmb\ai\brutus\step\brutus_step_02.LN65.pc.snd.wav,fly_gear_brutus,loaded,bus_fx,grp_foley,snp_foley,,40,0,87,87,250,875,1250,allon,default,allon,default,3,2,priority,oldest,-170,170,10,50,0.15,1,3d,default,nonlooping,,1,0,25,100,80,0.65,no,yes,none,0,,no,,,yes,no,no,0,0,yes,no,,0,,no,no,no
fly_step_brutus_walk_wood,raw\sound\zmb\ai\brutus\step\brutus_step_03.LN65.pc.snd.wav,fly_gear_brutus,loaded,bus_fx,grp_foley,snp_foley,,40,0,87,87,250,875,1250,allon,default,allon,default,3,2,priority,oldest,-170,170,10,50,0.15,1,3d,default,nonlooping,,1,0,25,100,80,0.65,no,yes,none,0,,no,,,yes,no,no,0,0,yes,no,,0,,no,no,no
fly_step_brutus_walk_wood,raw\sound\zmb\ai\brutus\step\brutus_step_04.LN65.pc.snd.wav,fly_gear_brutus,loaded,bus_fx,grp_foley,snp_foley,,40,0,87,87,250,875,1250,allon,default,allon,default,3,2,priority,oldest,-170,170,10,50,0.15,1,3d,default,nonlooping,,1,0,25,100,80,0.65,no,yes,none,0,,no,,,yes,no,no,0,0,yes,no,,0,,no,no,no
mus_event_brutus_death,raw\sound\mus\zombie\alcatraz\brutus\dead\brutus_dead_stinger_v1_mas.SN65.pc.snd.flac,,streamed,bus_music,grp_music,snp_x3,,0,0,96,96,0,5000,5000,allon,default,allon,default,8,8,priority,oldest,0,0,100,100,0,1,2d,music_all,nonlooping,,1,0,0,0,0,0.25,no,yes,none,0,,no,,,no,yes,no,0,0,yes,no,,0,,no,no,no
mus_event_brutus_death,raw\sound\mus\zombie\alcatraz\brutus\dead\brutus_dead_stinger_v2_mas.SN65.pc.snd.flac,,streamed,bus_music,grp_music,snp_x3,,0,0,96,96,0,5000,5000,allon,default,allon,default,8,8,priority,oldest,0,0,100,100,0,1,2d,music_all,nonlooping,,1,0,0,0,0,0.25,no,yes,none,0,,no,,,no,yes,no,0,0,yes,no,,0,,no,no,no
mus_event_brutus_death,raw\sound\mus\zombie\alcatraz\brutus\dead\brutus_dead_stinger_v2_nobell_mas.SN65.pc.snd.flac,,streamed,bus_music,grp_music,snp_x3,,0,0,96,96,0,5000,5000,allon,default,allon,default,8,8,priority,oldest,0,0,100,100,0,1,2d,music_all,nonlooping,,1,0,0,0,0,0.25,no,yes,none,0,,no,,,no,yes,no,0,0,yes,no,,0,,no,no,no
mus_event_brutus_death,raw\sound\mus\zombie\alcatraz\brutus\dead\brutus_dead_stinger_v3_mas.SN65.pc.snd.flac,,streamed,bus_music,grp_music,snp_x3,,0,0,96,96,0,5000,5000,allon,default,allon,default,8,8,priority,oldest,0,0,100,100,0,1,2d,music_all,nonlooping,,1,0,0,0,0,0.25,no,yes,none,0,,no,,,no,yes,no,0,0,yes,no,,0,,no,no,no
mus_event_brutus_death,raw\sound\mus\zombie\alcatraz\brutus\dead\brutus_dead_stinger_v3_piano_mas.SN65.pc.snd.flac,,streamed,bus_music,grp_music,snp_x3,,0,0,96,96,0,5000,5000,allon,default,allon,default,8,8,priority,oldest,0,0,100,100,0,1,2d,music_all,nonlooping,,1,0,0,0,0,0.25,no,yes,none,0,,no,,,no,yes,no,0,0,yes,no,,0,,no,no,no
mus_event_brutus_loop,raw\sound\mus\zombie\alcatraz\brutus_spawn\brutus_spawn_loop.SL65.pc.snd.flac,,streamed,bus_music,grp_music,snp_music,zmb_mus_brutus,0,0,90,90,400,1500,1750,allon,default,allon,default,1,8,priority,oldest,0,0,95,100,0.25,1,3d,quad,looping,,1,0,0,0,0,0.25,no,no,none,0,,no,,,no,yes,no,3,5,yes,no,,0,,no,no,no
mus_event_brutus_round_start,raw\sound\mus\zombie\alcatraz\brutus\round_start\v1_fullmelody_mas.SN65.pc.snd.flac,,streamed,bus_music,grp_music,snp_music,zmb_mus_rounds,0,0,96,96,0,5000,5000,allon,default,allon,default,8,8,priority,oldest,0,0,100,100,0,1,2d,music_all,nonlooping,,1,0,0,0,0,0.25,no,yes,none,0,,no,,,no,yes,no,0,0,yes,no,,0,,no,no,no
mus_event_brutus_round_start,raw\sound\mus\zombie\alcatraz\brutus\round_start\v1_lightcomp_mas.SN65.pc.snd.flac,,streamed,bus_music,grp_music,snp_music,zmb_mus_rounds,0,0,96,96,0,5000,5000,allon,default,allon,default,8,8,priority,oldest,0,0,100,100,0,1,2d,music_all,nonlooping,,1,0,0,0,0,0.25,no,yes,none,0,,no,,,no,yes,no,0,0,yes,no,,0,,no,no,no
mus_event_brutus_round_start,raw\sound\mus\zombie\alcatraz\brutus\round_start\v1_mas.SN65.pc.snd.flac,,streamed,bus_music,grp_music,snp_music,zmb_mus_rounds,0,0,96,96,0,5000,5000,allon,default,allon,default,8,8,priority,oldest,0,0,100,100,0,1,2d,music_all,nonlooping,,1,0,0,0,0,0.25,no,yes,none,0,,no,,,no,yes,no,0,0,yes,no,,0,,no,no,no
mus_event_brutus_round_start,raw\sound\mus\zombie\alcatraz\brutus\round_start\v2_mas.SN65.pc.snd.flac,,streamed,bus_music,grp_music,snp_music,zmb_mus_rounds,0,0,96,96,0,5000,5000,allon,default,allon,default,8,8,priority,oldest,0,0,100,100,0,1,2d,music_all,nonlooping,,1,0,0,0,0,0.25,no,yes,none,0,,no,,,no,yes,no,0,0,yes,no,,0,,no,no,no
mus_event_brutus_round_start,raw\sound\mus\zombie\alcatraz\brutus\round_start\v3-stock_mas.SN65.pc.snd.flac,,streamed,bus_music,grp_music,snp_music,zmb_mus_rounds,0,0,96,96,0,5000,5000,allon,default,allon,default,8,8,priority,oldest,0,0,100,100,0,1,2d,music_all,nonlooping,,1,0,0,0,0,0.25,no,yes,none,0,,no,,,no,yes,no,0,0,yes,no,,0,,no,no,no
mus_event_brutus_round_start,raw\sound\mus\zombie\alcatraz\brutus\round_start\v3-withoddity_mas.SN65.pc.snd.flac,,streamed,bus_music,grp_music,snp_music,zmb_mus_rounds,0,0,96,96,0,5000,5000,allon,default,allon,default,8,8,priority,oldest,0,0,100,100,0,1,2d,music_all,nonlooping,,1,0,0,0,0,0.25,no,yes,none,0,,no,,,no,yes,no,0,0,yes,no,,0,,no,no,no
mus_event_brutus_spawn,raw\sound\mus\zombie\alcatraz\brutus_spawn\brutus_spawn_long.SN65.pc.snd.flac,,streamed,bus_music,grp_music,snp_x3,,0,0,90,90,0,5000,5000,allon,default,allon,default,8,8,priority,oldest,0,0,100,100,0,1,2d,music_all,nonlooping,,1,0,0,0,0,0.25,no,yes,none,0,,no,,,no,yes,no,0,0,yes,no,,0,,no,no,no
mus_event_brutus_spawn,raw\sound\mus\zombie\alcatraz\brutus_spawn\brutus_spawn_loop.SN65.pc.snd.flac,,streamed,bus_music,grp_music,snp_x3,,0,0,90,90,0,5000,5000,allon,default,allon,default,8,8,priority,oldest,0,0,100,100,0,1,2d,music_all,nonlooping,,1,0,0,0,0,0.25,no,yes,none,0,,no,,,no,yes,no,0,0,yes,no,,0,,no,no,no
mus_event_brutus_spawn,raw\sound\mus\zombie\alcatraz\brutus_spawn\brutus_spawn_short.SN65.pc.snd.flac,,streamed,bus_music,grp_music,snp_x3,,0,0,90,90,0,5000,5000,allon,default,allon,default,8,8,priority,oldest,0,0,100,100,0,1,2d,music_all,nonlooping,,1,0,0,0,0,0.25,no,yes,none,0,,no,,,no,yes,no,0,0,yes,no,,0,,no,no,no
vox_brutus_enraged,raw\sound\zmb_blops\vox\zmb\director\pain_yell\vox_director_pain_yell_00.SN55.pc.snd.flac,,streamed,bus_voice,grp_voice,snp_voice,,70,0,90,90,125,500,625,allon,default,rev65,default,2,8,reject,oldest,0,0,40,70,0,1,3d,default,nonlooping,,1,0,50,200,80,0.1,yes,no,none,0,,no,,,no,no,no,0,0,yes,yes,,0,,no,no,no
vox_brutus_enraged,raw\sound\zmb_blops\vox\zmb\director\pain_yell\vox_director_pain_yell_01.SN55.pc.snd.flac,,streamed,bus_voice,grp_voice,snp_voice,,70,0,90,90,125,500,625,allon,default,rev65,default,2,8,reject,oldest,0,0,40,70,0,1,3d,default,nonlooping,,1,0,50,200,80,0.1,yes,no,none,0,,no,,,no,no,no,0,0,yes,yes,,0,,no,no,no
vox_brutus_enraged,raw\sound\zmb_blops\vox\zmb\director\pain_yell\vox_director_pain_yell_02.SN55.pc.snd.flac,,streamed,bus_voice,grp_voice,snp_voice,,70,0,90,90,125,500,625,allon,default,rev65,default,2,8,reject,oldest,0,0,40,70,0,1,3d,default,nonlooping,,1,0,50,200,80,0.1,yes,no,none,0,,no,,,no,no,no,0,0,yes,yes,,0,,no,no,no
vox_brutus_enraged,raw\sound\zmb_blops\vox\zmb\director\pain_yell\vox_director_pain_yell_03.SN55.pc.snd.flac,,streamed,bus_voice,grp_voice,snp_voice,,70,0,90,90,125,500,625,allon,default,rev65,default,2,8,reject,oldest,0,0,40,70,0,1,3d,default,nonlooping,,1,0,50,200,80,0.1,yes,no,none,0,,no,,,no,no,no,0,0,yes,yes,,0,,no,no,no
vox_brutus_enraged,raw\sound\zmb_blops\vox\zmb\director\pain_yell\vox_director_pain_yell_04.SN55.pc.snd.flac,,streamed,bus_voice,grp_voice,snp_voice,,70,0,90,90,125,500,625,allon,default,rev65,default,2,8,reject,oldest,0,0,40,70,0,1,3d,default,nonlooping,,1,0,50,200,80,0.1,yes,no,none,0,,no,,,no,no,no,0,0,yes,yes,,0,,no,no,no
vox_brutus_exert,raw\sound\zmb_blops\vox\zmb\director\exert\vox_director_exert_00.SN55.pc.snd.flac,,streamed,bus_voice,grp_voice,snp_voice,,70,0,88,88,125,500,625,allon,default,rev65,default,2,8,reject,oldest,0,0,40,70,0,1,3d,default,nonlooping,,1,0,50,200,80,0.1,yes,no,none,0,,no,,,no,no,no,0,0,yes,yes,,0,,no,no,no
vox_brutus_exert,raw\sound\zmb_blops\vox\zmb\director\exert\vox_director_exert_01.SN55.pc.snd.flac,,streamed,bus_voice,grp_voice,snp_voice,,70,0,88,88,125,500,625,allon,default,rev65,default,2,8,reject,oldest,0,0,40,70,0,1,3d,default,nonlooping,,1,0,50,200,80,0.1,yes,no,none,0,,no,,,no,no,no,0,0,yes,yes,,0,,no,no,no
vox_brutus_exert,raw\sound\zmb_blops\vox\zmb\director\exert\vox_director_exert_03.SN55.pc.snd.flac,,streamed,bus_voice,grp_voice,snp_voice,,70,0,88,88,125,500,625,allon,default,rev65,default,2,8,reject,oldest,0,0,40,70,0,1,3d,default,nonlooping,,1,0,50,200,80,0.1,yes,no,none,0,,no,,,no,no,no,0,0,yes,yes,,0,,no,no,no
vox_brutus_exert,raw\sound\zmb_blops\vox\zmb\director\exert\vox_director_exert_04.SN55.pc.snd.flac,,streamed,bus_voice,grp_voice,snp_voice,,70,0,88,88,125,500,625,allon,default,rev65,default,2,8,reject,oldest,0,0,40,70,0,1,3d,default,nonlooping,,1,0,50,200,80,0.1,yes,no,none,0,,no,,,no,no,no,0,0,yes,yes,,0,,no,no,no
vox_brutus_exert,raw\sound\zmb_blops\vox\zmb\director\exert\vox_director_exert_05.SN55.pc.snd.flac,,streamed,bus_voice,grp_voice,snp_voice,,70,0,88,88,125,500,625,allon,default,rev65,default,2,8,reject,oldest,0,0,40,70,0,1,3d,default,nonlooping,,1,0,50,200,80,0.1,yes,no,none,0,,no,,,no,no,no,0,0,yes,yes,,0,,no,no,no
vox_brutus_exert,raw\sound\zmb_blops\vox\zmb\director\exert\vox_director_exert_06.SN55.pc.snd.flac,,streamed,bus_voice,grp_voice,snp_voice,,70,0,88,88,125,500,625,allon,default,rev65,default,2,8,reject,oldest,0,0,40,70,0,1,3d,default,nonlooping,,1,0,50,200,80,0.1,yes,no,none,0,,no,,,no,no,no,0,0,yes,yes,,0,,no,no,no
vox_brutus_exert,raw\sound\zmb_blops\vox\zmb\director\exert\vox_director_exert_07.SN55.pc.snd.flac,,streamed,bus_voice,grp_voice,snp_voice,,70,0,88,88,125,500,625,allon,default,rev65,default,2,8,reject,oldest,0,0,40,70,0,1,3d,default,nonlooping,,1,0,50,200,80,0.1,yes,no,none,0,,no,,,no,no,no,0,0,yes,yes,,0,,no,no,no
vox_brutus_spawn,raw\sound\zmb_blops\vox\zmb\director\angered\vox_director_angered_00.SN55.pc.snd.flac,,streamed,bus_voice,grp_voice,snp_voice,,70,0,90,90,125,750,1500,allon,default,rev65,default,2,8,reject,oldest,0,0,40,70,0,1,3d,default,nonlooping,,1,0,50,200,80,0.1,yes,no,none,0,,no,,,no,no,no,0,0,yes,yes,,0,,no,no,no
vox_brutus_spawn,raw\sound\zmb_blops\vox\zmb\director\angered\vox_director_angered_01.SN55.pc.snd.flac,,streamed,bus_voice,grp_voice,snp_voice,,70,0,90,90,125,750,1500,allon,default,rev65,default,2,8,reject,oldest,0,0,40,70,0,1,3d,default,nonlooping,,1,0,50,200,80,0.1,yes,no,none,0,,no,,,no,no,no,0,0,yes,yes,,0,,no,no,no
vox_brutus_spawn,raw\sound\zmb_blops\vox\zmb\director\angered\vox_director_angered_02.SN55.pc.snd.flac,,streamed,bus_voice,grp_voice,snp_voice,,70,0,90,90,125,750,1500,allon,default,rev65,default,2,8,reject,oldest,0,0,40,70,0,1,3d,default,nonlooping,,1,0,50,200,80,0.1,yes,no,none,0,,no,,,no,no,no,0,0,yes,yes,,0,,no,no,no
vox_brutus_spawn,raw\sound\zmb_blops\vox\zmb\director\angered\vox_director_angered_03.SN55.pc.snd.flac,,streamed,bus_voice,grp_voice,snp_voice,,70,0,90,90,125,750,1500,allon,default,rev65,default,2,8,reject,oldest,0,0,40,70,0,1,3d,default,nonlooping,,1,0,50,200,80,0.1,yes,no,none,0,,no,,,no,no,no,0,0,yes,yes,,0,,no,no,no
vox_brutus_spawn,raw\sound\zmb_blops\vox\zmb\director\angered\vox_director_angered_04.SN55.pc.snd.flac,,streamed,bus_voice,grp_voice,snp_voice,,70,0,90,90,125,750,1500,allon,default,rev65,default,2,8,reject,oldest,0,0,40,70,0,1,3d,default,nonlooping,,1,0,50,200,80,0.1,yes,no,none,0,,no,,,no,no,no,0,0,yes,yes,,0,,no,no,no
zmb_ai_brutus_clang,raw\sound\zmb\level\zm_alcatraz\brutus\clang.LN65.pc.snd.wav,zmb_ai_brutus_slam,loaded,bus_hdrfx,grp_hdrfx,snp_hdrfx,,78,0,96,96,250,375,625,allon,default,allon,default,4,8,priority,oldest,0,0,40,90,0.25,1,3d,default,nonlooping,,1,0,50,75,98,0.1,yes,yes,none,0,,no,,,yes,no,no,0,0,yes,no,,0,,no,no,no
zmb_ai_brutus_death,raw\sound\zmb\ai\brutus\death.LN65.pc.snd.wav,,loaded,bus_hdrfx,grp_hdrfx,snp_hdrfx,@1cbb3e5c,10,0,98,98,2000,10000,10000,allon,default,allon,default,8,8,priority,oldest,0,0,95,100,0,1,3d,default,nonlooping,,1,0,0,0,0,0,yes,no,none,0,,no,,,no,no,no,0,0,yes,no,,0,,no,no,no
zmb_ai_brutus_gas_drop_1,raw\sound\zmb\level\zm_alcatraz\brutus\gas_drop\brutus_gas_drop_02.LN65.pc.snd.wav,,loaded,bus_hdrfx,grp_hdrfx,snp_hdrfx,,80,0,98,98,1000,10000,10000,allon,default,allon,default,8,8,priority,oldest,0,0,95,100,0,1,3d,default,nonlooping,,1,0,0,0,0,0,no,no,none,0,,no,,,no,no,no,0,0,yes,no,,0,,no,no,no
zmb_ai_brutus_gas_drop_2,raw\sound\zmb\level\zm_alcatraz\brutus\gas_drop\brutus_gas_drop_03.LN65.pc.snd.wav,,loaded,bus_hdrfx,grp_hdrfx,snp_hdrfx,,80,0,98,98,1000,10000,10000,allon,default,allon,default,8,8,priority,oldest,0,0,95,100,0,1,3d,default,nonlooping,,1,0,0,0,0,0,no,no,none,0,,no,,,no,no,no,0,0,yes,no,,0,,no,no,no
zmb_ai_brutus_gas_explode,raw\sound\zmb\level\zm_alcatraz\brutus\gas_drop\brutus_canister.LN65.pc.snd.wav,zmb_ai_brutus_gas_explode_flux_l,loaded,bus_hdrfx,grp_hdrfx,snp_hdrfx,,60,0,79,79,225,425,500,allon,default,allon,default,8,8,priority,oldest,0,0,95,100,0.25,1,3d,default,nonlooping,,1,0,0,0,0,0,yes,no,none,0,,no,,,no,no,no,0,0,yes,no,,0,,no,no,no
zmb_ai_brutus_gas_explode_flux_l,raw\sound\wpn\grenade\smoke\flux\flux_l.LN65.pc.snd.wav,zmb_ai_brutus_gas_explode_flux_r,loaded,bus_fx,grp_explosion,snp_explosion,,70,0,71,73,500,2500,2500,allon,default,allon,default,2,8,priority,oldest,-200,200,30,40,0.25,1,3d,default,nonlooping,,1,150,0,0,0,0.25,no,no,left_player,2500,,no,,,yes,no,no,0,0,yes,no,,0,,no,no,no
zmb_ai_brutus_gas_explode_flux_r,raw\sound\wpn\grenade\smoke\flux\flux_r.LN65.pc.snd.wav,,loaded,bus_fx,grp_explosion,snp_explosion,,70,0,71,73,500,2500,2500,allon,default,allon,default,2,8,priority,oldest,-200,200,30,40,0.25,1,3d,default,nonlooping,,1,175,0,0,0,0.25,yes,no,right_player,3500,,no,,,yes,no,no,0,0,yes,no,,0,,no,no,no
zmb_ai_brutus_gas_tear_1,raw\sound\zmb\level\zm_alcatraz\brutus\gas_drop\brutus_gas_tear_00.LN65.pc.snd.wav,,loaded,bus_hdrfx,grp_hdrfx,snp_hdrfx,,80,0,97,97,1000,10000,10000,allon,default,allon,default,8,8,priority,oldest,0,0,95,100,0,1,3d,default,nonlooping,,1,0,0,0,0,0,no,no,none,0,,no,,,no,no,no,0,0,yes,no,,0,,no,no,no
zmb_ai_brutus_gas_tear_2,raw\sound\zmb\level\zm_alcatraz\brutus\gas_drop\brutus_gas_tear_01.LN65.pc.snd.wav,,loaded,bus_hdrfx,grp_hdrfx,snp_hdrfx,,80,0,97,97,1000,10000,10000,allon,default,allon,default,8,8,priority,oldest,0,0,95,100,0,1,3d,default,nonlooping,,1,0,0,0,0,0,no,no,none,0,,no,,,no,no,no,0,0,yes,no,,0,,no,no,no
zmb_ai_brutus_prespawn,,,loaded,bus_hdrfx,grp_hdrfx,snp_hdrfx,,60,0,90,90,125,750,1500,allon,default,allon,default,8,8,priority,oldest,0,0,95,100,0.25,1,3d,default,nonlooping,,1,0,0,0,0,0,no,no,none,0,,no,,,no,no,no,0,0,yes,no,,0,,no,no,no
zmb_ai_brutus_slam,raw\sound\zmb_blops\evt\zombie_coast\director\ground_attack\zmb_ground_attack_00.LN65.pc.snd.wav,vox_brutus_exert,loaded,bus_hdrfx,grp_hdrfx,snp_hdrfx,,78,0,92,92,250,375,625,allon,default,allon,default,4,8,priority,oldest,0,0,40,90,0.25,1,3d,default,nonlooping,,1,0,50,75,98,0.1,yes,yes,none,0,,no,,,yes,no,no,0,0,yes,no,,0,,no,no,no
zmb_ai_brutus_slam,raw\sound\zmb_blops\evt\zombie_coast\director\ground_attack\zmb_ground_attack_01.LN65.pc.snd.wav,vox_brutus_exert,loaded,bus_hdrfx,grp_hdrfx,snp_hdrfx,,78,0,92,92,250,375,625,allon,default,allon,default,4,8,priority,oldest,0,0,40,90,0.25,1,3d,default,nonlooping,,1,0,50,75,98,0.1,yes,yes,none,0,,no,,,yes,no,no,0,0,yes,no,,0,,no,no,no
zmb_ai_brutus_spawn,raw\sound\zmb\ai\brutus\brutus_spawn.LN65.pc.snd.wav,vox_brutus_spawn,loaded,bus_hdrfx,grp_hdrfx,snp_hdrfx,@1cbb3e5c,10,0,98,98,2000,10000,10000,allon,default,allon,default,8,8,priority,oldest,0,0,95,100,0,1,3d,default,nonlooping,,1,0,0,0,0,0,yes,no,none,0,,no,,,no,no,no,0,0,yes,no,,0,,no,no,no
zmb_ai_brutus_spawn_2d,raw\sound\zmb\ai\brutus\brutus_spawn_2d.SN65.pc.snd.flac,,streamed,bus_hdrfx,grp_hdrfx,snp_hdrfx,zmb_afterlife,19.234,0,94,94,0,5000,5000,allon,default,allon,default,1,8,reject,oldest,0,0,95,100,0,1,2d,quad,nonlooping,,1,0,0,0,0,0,yes,no,none,0,,no,,,no,no,no,0,0,yes,no,,0,,no,no,no
zmb_ai_brutus_swing,raw\sound\zmb\ai\brutus\swing\brutus_swing_00.LN65.pc.snd.wav,vox_brutus_exert,loaded,bus_hdrfx,grp_hdrfx,snp_hdrfx,,78,0,90,90,125,375,500,allon,default,allon,default,4,8,priority,oldest,-88,0,40,90,0.25,1,3d,default,nonlooping,,1,0,50,75,98,0.25,no,yes,none,0,,no,,,yes,no,no,0,0,yes,no,,0,,no,no,no
zmb_ai_brutus_swing,raw\sound\zmb\ai\brutus\swing\brutus_swing_01.LN65.pc.snd.wav,vox_brutus_exert,loaded,bus_hdrfx,grp_hdrfx,snp_hdrfx,,78,0,90,90,125,375,500,allon,default,allon,default,4,8,priority,oldest,-88,0,40,90,0.25,1,3d,default,nonlooping,,1,0,50,75,98,0.25,no,yes,none,0,,no,,,yes,no,no,0,0,yes,no,,0,,no,no,no
zmb_ai_brutus_swing,raw\sound\zmb\ai\brutus\swing\brutus_swing_02.LN65.pc.snd.wav,vox_brutus_exert,loaded,bus_hdrfx,grp_hdrfx,snp_hdrfx,,78,0,90,90,125,375,500,allon,default,allon,default,4,8,priority,oldest,-88,0,40,90,0.25,1,3d,default,nonlooping,,1,0,50,75,98,0.25,no,yes,none,0,,no,,,yes,no,no,0,0,yes,no,,0,,no,no,no
zmb_ai_brutus_swing,raw\sound\zmb\ai\brutus\swing\brutus_swing_03.LN65.pc.snd.wav,vox_brutus_exert,loaded,bus_hdrfx,grp_hdrfx,snp_hdrfx,,78,0,90,90,125,375,500,allon,default,allon,default,4,8,priority,oldest,-88,0,40,90,0.25,1,3d,default,nonlooping,,1,0,50,75,98,0.25,no,yes,none,0,,no,,,yes,no,no,0,0,yes,no,,0,,no,no,no
zmb_ai_brutus_swing,raw\sound\zmb\ai\brutus\swing\brutus_swing_04.LN65.pc.snd.wav,vox_brutus_exert,loaded,bus_hdrfx,grp_hdrfx,snp_hdrfx,,78,0,90,90,125,375,500,allon,default,allon,default,4,8,priority,oldest,-88,0,40,90,0.25,1,3d,default,nonlooping,,1,0,50,75,98,0.25,no,yes,none,0,,no,,,yes,no,no,0,0,yes,no,,0,,no,no,no
zmb_ai_brutus_window_teardown,raw\sound\zmb_blops\evt\zombie_temple\sq\bttp\wood_explo.LN65.pc.snd.wav,,loaded,bus_hdrfx,grp_hdrfx,snp_hdrfx,,60,0,90,90,250,500,625,allon,default,allon,default,8,8,priority,oldest,0,0,95,100,0.25,1,3d,default,nonlooping,,1,0,0,0,0,0,yes,no,none,0,,no,,,no,no,no,0,0,yes,no,,0,,no,no,no
zmb_avogadro_attack,raw\sound\zmb\ai\avogadro\attack\avo_attack_00.LN65.pc.snd.wav,,loaded,bus_hdrfx,grp_hdrfx,snp_hdrfx,,60,0,91,91,375,625,875,allon,default,allon,default,8,8,priority,oldest,-250,250,95,100,0.25,1,3d,default,nonlooping,,1,0,0,0,0,0,no,no,none,0,,no,,,yes,no,no,0,0,yes,no,,0,,no,no,no
zmb_avogadro_attack,raw\sound\zmb\ai\avogadro\attack\avo_attack_01.LN65.pc.snd.wav,,loaded,bus_hdrfx,grp_hdrfx,snp_hdrfx,,60,0,91,91,375,625,875,allon,default,allon,default,8,8,priority,oldest,-250,250,95,100,0.25,1,3d,default,nonlooping,,1,0,0,0,0,0,no,no,none,0,,no,,,yes,no,no,0,0,yes,no,,0,,no,no,no
zmb_avogadro_attack,raw\sound\zmb\ai\avogadro\attack\avo_attack_02.LN65.pc.snd.wav,,loaded,bus_hdrfx,grp_hdrfx,snp_hdrfx,,60,0,91,91,375,625,875,allon,default,allon,default,8,8,priority,oldest,-250,250,95,100,0.25,1,3d,default,nonlooping,,1,0,0,0,0,0,no,no,none,0,,no,,,yes,no,no,0,0,yes,no,,0,,no,no,no
zmb_avogadro_attack,raw\sound\zmb\ai\avogadro\attack\avo_attack_03.LN65.pc.snd.wav,,loaded,bus_hdrfx,grp_hdrfx,snp_hdrfx,,60,0,91,91,375,625,875,allon,default,allon,default,8,8,priority,oldest,-250,250,95,100,0.25,1,3d,default,nonlooping,,1,0,0,0,0,0,no,no,none,0,,no,,,yes,no,no,0,0,yes,no,,0,,no,no,no
zmb_avogadro_death,raw\sound\zmb\ai\avogadro\avo_death.LN65.pc.snd.wav,,loaded,bus_hdrfx,grp_hdrfx,snp_hdrfx,,60,0,95,95,750,1250,1750,allon,default,allon,default,8,8,priority,oldest,-250,250,95,100,0.25,1,3d,default,nonlooping,,1,0,0,0,0,0,no,no,none,0,,no,,,yes,no,no,0,0,yes,no,,0,,no,no,no
zmb_avogadro_death_short,raw\sound\zmb\ai\avogadro\avo_death_short.LN65.pc.snd.wav,,loaded,bus_hdrfx,grp_hdrfx,snp_hdrfx,,60,0,95,95,750,1250,1750,allon,default,allon,default,8,8,priority,oldest,-250,250,95,100,0.25,1,3d,default,nonlooping,,1,0,0,0,0,0,no,no,none,0,,no,,,yes,no,no,0,0,yes,no,,0,,no,no,no
zmb_avogadro_electrified,raw\sound\zmb\ai\avogadro\electrified.LN65.pc.snd.wav,,loaded,bus_hdrfx,grp_hdrfx,snp_hdrfx,,19.234,0,86,86,0,5000,5000,allon,default,allon,default,8,8,priority,oldest,-300,300,95,100,0,1,2d,quad,nonlooping,,1,0,0,0,0,0,no,yes,none,0,,no,,,yes,no,no,0,0,yes,no,,0,,no,no,no
zmb_avogadro_loop,raw\sound\zmb\ai\avogadro\avo_loop.LL65.pc.snd.wav,,loaded,bus_hdrfx,grp_hdrfx,snp_hdrfx,,60,0,81,81,250,625,875,allon,default,allon,default,8,8,priority,oldest,0,0,95,100,0.25,1,3d,default,looping,,1,0,0,0,0,0,no,no,none,0,,no,,,yes,no,no,0,0,yes,no,,0,,no,no,no
zmb_avogadro_pain,raw\sound\zmb\ai\avogadro\pain\avo_pain_00.LN65.pc.snd.wav,,loaded,bus_hdrfx,grp_hdrfx,snp_hdrfx,,60,0,94,94,375,625,875,allon,default,allon,default,8,8,priority,oldest,-250,250,95,100,0.25,1,3d,default,nonlooping,,1,0,75,150,95,0,no,no,none,0,,no,,,yes,no,no,0,0,yes,no,,0,,no,no,no
zmb_avogadro_pain,raw\sound\zmb\ai\avogadro\pain\avo_pain_01.LN65.pc.snd.wav,,loaded,bus_hdrfx,grp_hdrfx,snp_hdrfx,,60,0,94,94,375,625,875,allon,default,allon,default,8,8,priority,oldest,-250,250,95,100,0.25,1,3d,default,nonlooping,,1,0,75,150,95,0,no,no,none,0,,no,,,yes,no,no,0,0,yes,no,,0,,no,no,no
zmb_avogadro_pain,raw\sound\zmb\ai\avogadro\pain\avo_pain_02.LN65.pc.snd.wav,,loaded,bus_hdrfx,grp_hdrfx,snp_hdrfx,,60,0,94,94,375,625,875,allon,default,allon,default,8,8,priority,oldest,-250,250,95,100,0.25,1,3d,default,nonlooping,,1,0,75,150,95,0,no,no,none,0,,no,,,yes,no,no,0,0,yes,no,,0,,no,no,no
zmb_avogadro_spawn_3d,raw\sound\zmb\ai\avogadro\avo_spawn_3d.SN65.pc.snd.flac,,streamed,bus_hdrfx,grp_hdrfx,snp_hdrfx,,60,0,96,96,1000,2000,2250,allon,default,allon,default,8,8,priority,oldest,0,0,95,100,0.25,1,3d,default,nonlooping,,1,0,0,0,0,0,no,no,none,0,,no,,,yes,no,no,0,0,yes,no,,0,,no,no,no
zmb_avogadro_thunder_overhead,raw\sound\zmb\ai\avogadro\thunder_overhead.SL65.pc.snd.flac,,streamed,bus_hdrfx,grp_hdrfx,snp_special,,75,0,88,88,2250,7500,17500,allon,default,allon,default,8,8,priority,oldest,0,0,95,100,0.25,1,3d,quad,looping,,1,0,0,0,0,0,no,no,none,0,,no,,,yes,no,no,0,1000,yes,yes,,0,,no,no,no
zmb_avogadro_warp_in,raw\sound\zmb\ai\avogadro\avo_warp_in.LN65.pc.snd.wav,,loaded,bus_hdrfx,grp_hdrfx,snp_hdrfx,,60,0,87,87,250,450,625,allon,default,allon,default,8,8,priority,oldest,-300,300,95,100,0.25,1,3d,default,nonlooping,,1,0,0,0,0,0,no,no,none,0,,no,,,yes,no,no,0,0,yes,no,,0,,no,no,no
zmb_avogadro_warp_out,raw\sound\zmb\ai\avogadro\avo_warp_out.LN65.pc.snd.wav,,loaded,bus_hdrfx,grp_hdrfx,snp_hdrfx,,60,0,87,87,250,625,875,allon,default,allon,default,8,8,priority,oldest,-300,300,95,100,0.25,1,3d,default,nonlooping,,1,0,0,0,0,0,no,no,none,0,,no,,,yes,no,no,0,0,yes,no,,0,,no,no,no
zmb_screecher_arm_loop,raw\sound\zmb\ai\screecher\scr_arm_loop.LL65.pc.snd.wav,,loaded,bus_fx,grp_hdrfx,snp_evt_2d,@17fe405d,19.234,0,89,89,0,5000,5000,allon,default,allon,default,8,8,priority,oldest,0,0,95,100,0.25,1,2d,quad,looping,,1,0,0,0,0,0,no,yes,none,0,,no,,,yes,no,no,0,0,yes,yes,,0,,no,no,no
zmb_screecher_bury,raw\sound\zmb\ai\screecher\bury\zmb_screecher_dig.LN65.pc.snd.wav,,loaded,bus_hdrfx,grp_hdrfx,snp_hdrfx,,60,0,79,79,450,1775,1775,allon,default,allon,default,8,8,priority,oldest,0,0,95,100,0.25,1,3d,default,nonlooping,,1,0,0,0,0,0,no,no,none,0,,no,,,yes,no,no,0,0,yes,no,,0,,no,no,no
zmb_screecher_emerge,raw\sound\zmb\ai\screecher\emerge\emerge_00.LN65.pc.snd.wav,,loaded,bus_hdrfx,grp_hdrfx,snp_hdrfx,,70,0,90,90,200,450,625,allon,default,allon,default,8,8,priority,oldest,0,0,95,100,0.25,1,3d,default,nonlooping,,1,0,0,0,0,0,no,no,none,0,,no,,,yes,no,no,0,0,yes,no,,0,,no,no,no
zmb_screecher_emerge,raw\sound\zmb\ai\screecher\emerge\emerge_01.LN65.pc.snd.wav,,loaded,bus_hdrfx,grp_hdrfx,snp_hdrfx,,70,0,90,90,200,450,625,allon,default,allon,default,8,8,priority,oldest,0,0,95,100,0.25,1,3d,default,nonlooping,,1,0,0,0,0,0,no,no,none,0,,no,,,yes,no,no,0,0,yes,no,,0,,no,no,no
zmb_screecher_emerge,raw\sound\zmb\ai\screecher\emerge\emerge_02.LN65.pc.snd.wav,,loaded,bus_hdrfx,grp_hdrfx,snp_hdrfx,,70,0,90,90,200,450,625,allon,default,allon,default,8,8,priority,oldest,0,0,95,100,0.25,1,3d,default,nonlooping,,1,0,0,0,0,0,no,no,none,0,,no,,,yes,no,no,0,0,yes,no,,0,,no,no,no
zmb_screecher_impact,raw\sound\zmb\ai\screecher\scr_imp_head.LN65.pc.snd.wav,,loaded,bus_fx,grp_hdrfx,snp_evt_2d,,19.234,0,90,90,0,5000,5000,allon,default,allon,default,8,8,priority,oldest,0,0,95,100,0.25,1,2d,quad,nonlooping,,1,0,0,0,0,0,no,yes,none,0,,no,,,yes,no,no,0,0,yes,no,,0,,no,no,no
zmb_screecher_portal_arrive,raw\sound\zmb\ai\screecher\portal\portal_arrive.LN65.pc.snd.wav,,loaded,bus_hdrfx,grp_hdrfx,snp_hdrfx,,60,0,86,86,450,1775,1775,allon,default,allon,default,8,8,priority,oldest,0,0,95,100,0.25,1,3d,default,nonlooping,,1,0,0,0,0,0,no,no,none,0,,no,,,yes,no,no,0,0,yes,no,,0,,no,no,no
zmb_screecher_portal_end,raw\sound\zmb\ai\screecher\portal\portal_end.LN65.pc.snd.wav,,loaded,bus_hdrfx,grp_hdrfx,snp_hdrfx,,60,0,86,86,450,1775,1775,allon,default,allon,default,8,8,priority,oldest,0,0,95,100,0.25,1,3d,default,nonlooping,,1,0,0,0,0,0,no,no,none,0,,no,,,yes,no,no,0,0,yes,no,,0,,no,no,no
zmb_screecher_portal_loop,raw\sound\zmb\ai\screecher\portal\portal_loop.LL65.pc.snd.wav,,loaded,bus_hdrfx,grp_hdrfx,snp_hdrfx,,60,0,86,86,450,1775,1775,allon,default,allon,default,8,8,priority,oldest,0,0,95,100,0.25,1,3d,default,looping,,1,0,0,0,0,0,no,no,none,0,,no,,,yes,no,no,0,0,yes,no,,0,,no,no,no
zmb_screecher_portal_spawn,raw\sound\zmb\ai\screecher\portal\portal_spawn.LN65.pc.snd.wav,,loaded,bus_hdrfx,grp_hdrfx,snp_hdrfx,,60,0,86,86,450,1775,1775,allon,default,allon,default,8,8,priority,oldest,0,0,95,100,0.25,1,3d,default,nonlooping,,1,0,0,0,0,0,no,no,none,0,,no,,,yes,no,no,0,0,yes,no,,0,,no,no,no
zmb_screecher_portal_warp_2d,raw\sound\zmb\ai\screecher\portal\portal_2d.LN65.pc.snd.wav,,loaded,bus_hdrfx,grp_hdrfx,snp_hdrfx,,19.234,0,89,89,0,5000,5000,allon,default,allon,default,8,8,priority,oldest,0,0,95,100,0,1,2d,front,nonlooping,,1,0,0,0,0,0,no,yes,none,0,,no,,,yes,no,no,0,0,yes,no,,0,,no,no,no
zmb_screecher_scratch,raw\sound\zmb\ai\screecher\scratch\scr_scratch_00.LN65.pc.snd.wav,,loaded,bus_fx,grp_hdrfx,snp_evt_2d,,19.234,0,90,90,0,5000,5000,allon,default,allon,default,8,8,priority,oldest,0,0,95,100,0.25,1,2d,quad,nonlooping,,1,0,0,0,0,0,no,yes,none,0,,no,,,yes,no,no,0,0,yes,no,,0,,no,no,no
zmb_screecher_scratch,raw\sound\zmb\ai\screecher\scratch\scr_scratch_01.LN65.pc.snd.wav,,loaded,bus_fx,grp_hdrfx,snp_evt_2d,,19.234,0,90,90,0,5000,5000,allon,default,allon,default,8,8,priority,oldest,0,0,95,100,0.25,1,2d,quad,nonlooping,,1,0,0,0,0,0,no,yes,none,0,,no,,,yes,no,no,0,0,yes,no,,0,,no,no,no
zmb_screecher_scratch,raw\sound\zmb\ai\screecher\scratch\scr_scratch_02.LN65.pc.snd.wav,,loaded,bus_fx,grp_hdrfx,snp_evt_2d,,19.234,0,90,90,0,5000,5000,allon,default,allon,default,8,8,priority,oldest,0,0,95,100,0.25,1,2d,quad,nonlooping,,1,0,0,0,0,0,no,yes,none,0,,no,,,yes,no,no,0,0,yes,no,,0,,no,no,no
zmb_screecher_scratch,raw\sound\zmb\ai\screecher\scratch\scr_scratch_03.LN65.pc.snd.wav,,loaded,bus_fx,grp_hdrfx,snp_evt_2d,,19.234,0,90,90,0,5000,5000,allon,default,allon,default,8,8,priority,oldest,0,0,95,100,0.25,1,2d,quad,nonlooping,,1,0,0,0,0,0,no,yes,none,0,,no,,,yes,no,no,0,0,yes,no,,0,,no,no,no
zmb_screecher_scratch,raw\sound\zmb\ai\screecher\scratch\scr_scratch_04.LN65.pc.snd.wav,,loaded,bus_fx,grp_hdrfx,snp_evt_2d,,19.234,0,90,90,0,5000,5000,allon,default,allon,default,8,8,priority,oldest,0,0,95,100,0.25,1,2d,quad,nonlooping,,1,0,0,0,0,0,no,yes,none,0,,no,,,yes,no,no,0,0,yes,no,,0,,no,no,no
zmb_vocals_screecher_attack,raw\sound\zmb\ai\screecher\attack\attack_00.LN55.pc.snd.wav,,loaded,bus_voice,grp_voice,snp_voice,,70,0,83,83,75,325,500,allon,default,allon,default,5,2,priority,reject,-300,300,70,90,0.25,1,3d,default,nonlooping,,1,0,125,175,97,0.75,no,no,none,0,,no,,,yes,no,no,0,0,yes,yes,,0,,no,no,no
zmb_vocals_screecher_attack,raw\sound\zmb\ai\screecher\attack\attack_01.LN55.pc.snd.wav,,loaded,bus_voice,grp_voice,snp_voice,,70,0,83,83,75,325,500,allon,default,allon,default,5,2,priority,reject,-300,300,70,90,0.25,1,3d,default,nonlooping,,1,0,125,175,97,0.75,no,no,none,0,,no,,,yes,no,no,0,0,yes,yes,,0,,no,no,no
zmb_vocals_screecher_attack,raw\sound\zmb\ai\screecher\attack\attack_02.LN55.pc.snd.wav,,loaded,bus_voice,grp_voice,snp_voice,,70,0,83,83,75,325,500,allon,default,allon,default,5,2,priority,reject,-300,300,70,90,0.25,1,3d,default,nonlooping,,1,0,125,175,97,0.75,no,no,none,0,,no,,,yes,no,no,0,0,yes,yes,,0,,no,no,no
zmb_vocals_screecher_attack,raw\sound\zmb\ai\screecher\attack\attack_03.LN55.pc.snd.wav,,loaded,bus_voice,grp_voice,snp_voice,,70,0,83,83,75,325,500,allon,default,allon,default,5,2,priority,reject,-300,300,70,90,0.25,1,3d,default,nonlooping,,1,0,125,175,97,0.75,no,no,none,0,,no,,,yes,no,no,0,0,yes,yes,,0,,no,no,no
zmb_vocals_screecher_attack,raw\sound\zmb\ai\screecher\attack\attack_04.LN55.pc.snd.wav,,loaded,bus_voice,grp_voice,snp_voice,,70,0,83,83,75,325,500,allon,default,allon,default,5,2,priority,reject,-300,300,70,90,0.25,1,3d,default,nonlooping,,1,0,125,175,97,0.75,no,no,none,0,,no,,,yes,no,no,0,0,yes,yes,,0,,no,no,no
zmb_vocals_screecher_attack,raw\sound\zmb\ai\screecher\attack\attack_05.LN55.pc.snd.wav,,loaded,bus_voice,grp_voice,snp_voice,,70,0,83,83,75,325,500,allon,default,allon,default,5,2,priority,reject,-300,300,70,90,0.25,1,3d,default,nonlooping,,1,0,125,175,97,0.75,no,no,none,0,,no,,,yes,no,no,0,0,yes,yes,,0,,no,no,no
zmb_vocals_screecher_breath,raw\sound\zmb\ai\screecher\screecher_running_loop.LL55.pc.snd.wav,zmb_vocals_screecher_foot_loop,loaded,bus_voice,grp_voice,snp_voice,,75,0,76,76,75,750,1000,allon,default,allon,default,5,1,priority,reject,-300,300,70,90,0.25,1,3d,default,looping,,1,0,0,0,0,0.5,no,yes,none,0,,no,,,yes,no,no,0,0,yes,yes,,0,,no,no,no
zmb_vocals_screecher_death,raw\sound\zmb\ai\screecher\death\death_00.LN55.pc.snd.wav,,loaded,bus_voice,grp_voice,snp_voice,,70,0,85,85,75,325,500,allon,default,allon,default,5,2,priority,reject,-300,300,70,90,0.25,1,3d,default,nonlooping,,1,0,125,175,97,0.75,no,no,none,0,,no,,,yes,no,no,0,0,yes,no,,0,,no,no,no
zmb_vocals_screecher_death,raw\sound\zmb\ai\screecher\death\death_01.LN55.pc.snd.wav,,loaded,bus_voice,grp_voice,snp_voice,,70,0,85,85,75,325,500,allon,default,allon,default,5,2,priority,reject,-300,300,70,90,0.25,1,3d,default,nonlooping,,1,0,125,175,97,0.75,no,no,none,0,,no,,,yes,no,no,0,0,yes,no,,0,,no,no,no
zmb_vocals_screecher_death,raw\sound\zmb\ai\screecher\death\death_02.LN55.pc.snd.wav,,loaded,bus_voice,grp_voice,snp_voice,,70,0,85,85,75,325,500,allon,default,allon,default,5,2,priority,reject,-300,300,70,90,0.25,1,3d,default,nonlooping,,1,0,125,175,97,0.75,no,no,none,0,,no,,,yes,no,no,0,0,yes,no,,0,,no,no,no
zmb_vocals_screecher_death,raw\sound\zmb\ai\screecher\death\death_03.LN55.pc.snd.wav,,loaded,bus_voice,grp_voice,snp_voice,,70,0,85,85,75,325,500,allon,default,allon,default,5,2,priority,reject,-300,300,70,90,0.25,1,3d,default,nonlooping,,1,0,125,175,97,0.75,no,no,none,0,,no,,,yes,no,no,0,0,yes,no,,0,,no,no,no
zmb_vocals_screecher_foot_loop,raw\sound\zmb\ai\screecher\screecher_foot_loop.LL55.pc.snd.wav,,loaded,bus_voice,grp_voice,snp_voice,,75,0,83,83,75,750,1000,allon,default,allon,default,5,1,priority,reject,-300,300,70,90,0.25,1,3d,default,looping,,1,0,0,0,0,0.5,no,yes,none,0,,no,,,yes,no,no,0,0,yes,yes,,0,,no,no,no
zmb_vocals_screecher_jump,raw\sound\zmb\ai\screecher\jump_v2\scr_jump_00.LN55.pc.snd.wav,,loaded,bus_voice,grp_voice,snp_voice,,70,0,89,89,75,500,625,allon,default,allon,default,5,1,priority,reject,-300,300,70,90,0.25,1,3d,default,nonlooping,,1,0,125,225,97,0.75,no,no,none,0,,no,,,yes,no,no,0,0,yes,yes,,0,,no,no,no
zmb_vocals_screecher_jump,raw\sound\zmb\ai\screecher\jump_v2\scr_jump_01.LN55.pc.snd.wav,,loaded,bus_voice,grp_voice,snp_voice,,70,0,89,89,75,500,625,allon,default,allon,default,5,1,priority,reject,-300,300,70,90,0.25,1,3d,default,nonlooping,,1,0,125,225,97,0.75,no,no,none,0,,no,,,yes,no,no,0,0,yes,yes,,0,,no,no,no
zmb_vocals_screecher_jump,raw\sound\zmb\ai\screecher\jump_v2\scr_jump_02.LN55.pc.snd.wav,,loaded,bus_voice,grp_voice,snp_voice,,70,0,89,89,75,500,625,allon,default,allon,default,5,1,priority,reject,-300,300,70,90,0.25,1,3d,default,nonlooping,,1,0,125,225,97,0.75,no,no,none,0,,no,,,yes,no,no,0,0,yes,yes,,0,,no,no,no
zmb_vocals_screecher_pain,raw\sound\zmb\ai\screecher\jump\jump_00.LN55.pc.snd.wav,,loaded,bus_voice,grp_voice,snp_voice,,70,0,89,89,75,325,500,allon,default,allon,default,5,2,priority,reject,-300,300,70,90,0.25,1,3d,default,nonlooping,,1,0,125,175,97,0.75,no,no,none,0,,no,,,yes,no,no,0,0,yes,no,,0,,no,no,no
zmb_vocals_screecher_pain,raw\sound\zmb\ai\screecher\jump\jump_01.LN55.pc.snd.wav,,loaded,bus_voice,grp_voice,snp_voice,,70,0,89,89,75,325,500,allon,default,allon,default,5,2,priority,reject,-300,300,70,90,0.25,1,3d,default,nonlooping,,1,0,125,175,97,0.75,no,no,none,0,,no,,,yes,no,no,0,0,yes,no,,0,,no,no,no
zmb_vocals_screecher_pain,raw\sound\zmb\ai\screecher\jump\jump_02.LN55.pc.snd.wav,,loaded,bus_voice,grp_voice,snp_voice,,70,0,89,89,75,325,500,allon,default,allon,default,5,2,priority,reject,-300,300,70,90,0.25,1,3d,default,nonlooping,,1,0,125,175,97,0.75,no,no,none,0,,no,,,yes,no,no,0,0,yes,no,,0,,no,no,no
zmb_vocals_screecher_pain,raw\sound\zmb\ai\screecher\jump\jump_03.LN55.pc.snd.wav,,loaded,bus_voice,grp_voice,snp_voice,,70,0,89,89,75,325,500,allon,default,allon,default,5,2,priority,reject,-300,300,70,90,0.25,1,3d,default,nonlooping,,1,0,125,175,97,0.75,no,no,none,0,,no,,,yes,no,no,0,0,yes,no,,0,,no,no,no
zmb_vocals_screecher_spawn,raw\sound\zmb\ai\screecher\spawn\spawn_00.LN55.pc.snd.wav,zmb_screecher_emerge,loaded,bus_voice,grp_voice,snp_voice,,70,0,86,86,500,4000,5000,allon,default,allon,default,6,1,priority,reject,-150,300,60,90,0.25,1,3d,default,nonlooping,,1,0,0,0,0,0,no,no,none,0,,no,,,yes,no,no,0,0,yes,yes,,0,,no,no,no
zmb_vocals_screecher_spawn,raw\sound\zmb\ai\screecher\spawn\spawn_01.LN55.pc.snd.wav,zmb_screecher_emerge,loaded,bus_voice,grp_voice,snp_voice,,70,0,86,86,500,4000,5000,allon,default,allon,default,6,1,priority,reject,-150,300,60,90,0.25,1,3d,default,nonlooping,,1,0,0,0,0,0,no,no,none,0,,no,,,yes,no,no,0,0,yes,yes,,0,,no,no,no
zmb_vocals_screecher_spawn,raw\sound\zmb\ai\screecher\spawn\spawn_02.LN55.pc.snd.wav,zmb_screecher_emerge,loaded,bus_voice,grp_voice,snp_voice,,70,0,86,86,500,4000,5000,allon,default,allon,default,6,1,priority,reject,-150,300,60,90,0.25,1,3d,default,nonlooping,,1,0,0,0,0,0,no,no,none,0,,no,,,yes,no,no,0,0,yes,yes,,0,,no,no,no
amb_ghost_breath,raw\sound\amb\creepy\ghost\breath\ghost_breath_04.LN50.pc.snd.wav,,loaded,bus_fx,grp_ambience,snp_ambience,,85,0,68,71,75,550,550,allon,default,allon,default,6,8,priority,oldest,-50,50,10,50,0,1,3d,default,nonlooping,,1,0,75,150,95,0.1,no,yes,none,0,,no,,,no,no,no,0,0,yes,no,,0,,no,no,no
amb_ghost_breath,raw\sound\amb\creepy\ghost\breath\ghost_breath_05.LN50.pc.snd.wav,,loaded,bus_fx,grp_ambience,snp_ambience,,85,0,68,71,75,550,550,allon,default,allon,default,6,8,priority,oldest,-50,50,10,50,0,1,3d,default,nonlooping,,1,0,75,150,95,0.1,no,yes,none,0,,no,,,no,no,no,0,0,yes,no,,0,,no,no,no
amb_ghost_breath,raw\sound\amb\creepy\ghost\breath\ghost_breath_06.LN50.pc.snd.wav,,loaded,bus_fx,grp_ambience,snp_ambience,,85,0,68,71,75,550,550,allon,default,allon,default,6,8,priority,oldest,-50,50,10,50,0,1,3d,default,nonlooping,,1,0,75,150,95,0.1,no,yes,none,0,,no,,,no,no,no,0,0,yes,no,,0,,no,no,no
amb_ghost_door,raw\sound\amb\creepy\door\ghost_door_open_00.LN50.pc.snd.wav,,loaded,bus_fx,grp_ambience,snp_ambience,,85,0,61,64,75,550,550,allon,default,allon,default,6,8,priority,oldest,-50,50,10,50,0,1,3d,default,nonlooping,,1,0,75,150,95,0.2,no,yes,none,0,,no,,,no,no,no,0,0,yes,no,,0,,no,no,no
amb_ghost_door,raw\sound\amb\creepy\door\ghost_door_open_01.LN50.pc.snd.wav,,loaded,bus_fx,grp_ambience,snp_ambience,,85,0,61,64,75,550,550,allon,default,allon,default,6,8,priority,oldest,-50,50,10,50,0,1,3d,default,nonlooping,,1,0,75,150,95,0.2,no,yes,none,0,,no,,,no,no,no,0,0,yes,no,,0,,no,no,no
mus_event_lastlife,raw\sound\mus\zombie\buried\ghost\ghost_round_loop_v2_mas.SL50.pc.snd.flac,,streamed,bus_music,grp_music,snp_music,zmb_mus_rounds,0,0,92,92,0,5000,5000,allon,default,allon,default,1,8,oldest,oldest,0,0,100,100,0,1,2d,music_all,looping,,1,0,0,0,0,0.25,no,yes,none,0,,no,,,no,yes,no,0,0,yes,no,,0,,no,no,no
mus_ghost_round_loop,raw\sound\mus\zombie\buried\locations\mansion\mansion_heartbeat.SL50.pc.snd.flac,,streamed,bus_music,grp_music,snp_music,zmb_mus_rounds,0,0,92,92,0,5000,5000,allon,default,allon,default,1,8,oldest,oldest,0,0,100,100,0,1,2d,quad,looping,,1,0,0,0,0,0.25,no,yes,none,0,,no,,,no,yes,no,0,0,yes,no,,0,,no,no,no
mus_ghost_round_over,raw\sound\mus\zombie\buried\ghost\ghost_round_end_02_v1_mas.SN50.pc.snd.flac,,streamed,bus_music,grp_music,snp_music,zmb_mus_rounds,0,0,94,94,0,5000,5000,allon,default,allon,default,8,8,priority,oldest,0,0,100,100,0,1,2d,music_all,nonlooping,,1,0,0,0,0,0.25,no,yes,none,0,,no,,,no,yes,no,0,0,yes,no,,0,,no,no,no
mus_ghost_round_start,raw\sound\mus\zombie\buried\ghost\ghost_round_start_01_v1_mas.SN50.pc.snd.flac,,streamed,bus_music,grp_music,snp_music,zmb_mus_rounds,0,0,96,96,0,5000,5000,allon,default,allon,default,8,8,priority,oldest,0,0,100,100,0,1,2d,music_all,nonlooping,,1,0,0,0,0,0.25,no,yes,none,0,,no,,,no,yes,no,0,0,yes,no,,0,,no,no,no
zmb_ai_ghost_apparate,raw\sound\zmb\ai\ghost\disappear.LN50.pc.snd.wav,,loaded,bus_hdrfx,grp_hdrfx,snp_special,,80,0,87,87,125,375,475,allon,default,allon,default,8,8,priority,oldest,-150,150,95,100,0.25,1,3d,default,nonlooping,,1,0,50,75,84,0,no,no,none,0,,no,,,no,no,no,0,0,yes,no,,0,,no,no,no
zmb_ai_ghost_attack,raw\sound\zmb\ai\ghost\v2\attack\attack_00.LN50.pc.snd.wav,,loaded,bus_hdrfx,grp_hdrfx,snp_special,zmb_buried_ghost_attack,80,0,91,91,125,375,475,allon,default,allon,default,8,8,priority,oldest,-100,300,95,100,0.25,1,3d,default,nonlooping,,1,0,50,75,84,0,no,no,none,0,,no,,,no,no,no,0,0,yes,yes,,0,,no,no,no
zmb_ai_ghost_attack,raw\sound\zmb\ai\ghost\v2\attack\attack_01.LN50.pc.snd.wav,,loaded,bus_hdrfx,grp_hdrfx,snp_special,zmb_buried_ghost_attack,80,0,91,91,125,375,475,allon,default,allon,default,8,8,priority,oldest,-100,300,95,100,0.25,1,3d,default,nonlooping,,1,0,50,75,84,0,no,no,none,0,,no,,,no,no,no,0,0,yes,yes,,0,,no,no,no
zmb_ai_ghost_death,raw\sound\zmb\ai\ghost\v2\death.LN50.pc.snd.wav,zmb_ai_ghost_death_smoke,loaded,bus_hdrfx,grp_hdrfx,snp_special,,80,0,85,85,200,400,575,allon,default,allon,default,8,8,priority,oldest,-100,300,95,100,0.25,1,3d,default,nonlooping,,1,0,0,0,0,0,no,no,none,0,,no,,,no,no,no,0,0,yes,no,,0,,no,no,no
zmb_ai_ghost_death_smoke,raw\sound\zmb\ai\ghost\cloud.LN50.pc.snd.wav,zmb_ai_ghost_disapparate,loaded,bus_hdrfx,grp_hdrfx,snp_special,,80,0,88,88,200,400,575,allon,default,allon,default,8,8,priority,oldest,-100,300,95,100,0.25,1,3d,default,nonlooping,,1,250,0,0,0,0,no,no,none,0,,no,,,no,no,no,0,0,yes,no,,0,,no,no,no
zmb_ai_ghost_disapparate,raw\sound\zmb\ai\ghost\appear.LN50.pc.snd.wav,,loaded,bus_hdrfx,grp_hdrfx,snp_special,,80,0,87,87,125,375,475,allon,default,allon,default,8,8,priority,oldest,-150,150,95,100,0.25,1,3d,default,nonlooping,,1,0,50,75,84,0,no,no,none,0,,no,,,no,no,no,0,0,yes,no,,0,,no,no,no
zmb_ai_ghost_loop,raw\sound\zmb\ai\ghost\v2\ghost_loop.LL50.pc.snd.wav,,loaded,bus_hdrfx,grp_hdrfx,snp_special,,0,0,88,88,175,625,750,allon,default,allon,default,8,8,priority,oldest,-150,150,95,100,0.25,1,3d,default,looping,,1,0,0,0,0,0,no,no,none,0,,yes,,,no,no,no,0,1,yes,yes,,0,,no,no,no
zmb_ai_ghost_money_drain,raw\sound\zmb\ai\ghost\v2\drain.LN50.pc.snd.wav,,loaded,bus_hdrfx,grp_hdrfx,snp_hdrfx,,19.234,0,83,83,0,5000,5000,allon,default,allon,default,8,8,priority,oldest,0,0,95,100,0,1,2d,front,nonlooping,,1,0,0,0,0,0,no,yes,none,0,,no,,,no,no,no,0,0,yes,no,,0,,no,no,no
zmb_ghost_round_lp,raw\sound\zmb\level\zm_buried\ghost\mansion_rnd_start_00.SL50.pc.snd.flac,,streamed,bus_hdrfx,grp_hdrfx,snp_hdrfx,,80,0,87,87,750,1000,1500,allon,default,allon,default,8,8,priority,oldest,0,0,95,100,0,1,3d,default,looping,,1,0,0,0,0,0,no,no,none,0,,no,,,no,no,no,0,0,yes,no,,0,,no,no,no
zmb_ghost_round_lp_loud,raw\sound\zmb\level\zm_buried\ghost\scary_bro.SL50.pc.snd.flac,,streamed,bus_hdrfx,grp_hdrfx,snp_hdrfx,,80,0,85,85,1000,1500,2000,allon,default,allon,default,8,8,priority,oldest,0,0,95,100,0,1,3d,default,looping,,1,0,0,0,0,0,no,no,none,0,,no,,,no,no,no,0,0,yes,no,,0,,no,no,no
zmb_ghost_round_srt,raw\sound\zmb\level\zm_buried\ghost\mansion_start_sting.SN50.pc.snd.flac,,streamed,bus_hdrfx,grp_hdrfx,snp_hdrfx,,80,0,92,92,2000,4000,6000,allon,default,allon,default,8,8,priority,oldest,0,0,95,100,0,1,3d,default,nonlooping,,1,0,0,0,0,0,no,no,none,0,,no,,,no,no,no,0,0,yes,no,,0,,no,no,no
aml_dog_attack_jump,raw\sound\zmb\ai\hellhounds\vox\attack\attack_00.LN55.pc.snd.wav,zmb_hellhound_vocals_bite,loaded,bus_fx,grp_ambience,snp_ambience,,60,0,85,85,75,550,550,allon,default,allon,default,6,1,priority,oldest,-50,50,10,50,0,1,3d,default,nonlooping,,1,0,0,0,0,0.1,no,yes,none,0,,no,,,yes,no,no,0,0,yes,yes,,0,,no,no,no
aml_dog_attack_jump,raw\sound\zmb\ai\hellhounds\vox\attack\attack_01.LN55.pc.snd.wav,zmb_hellhound_vocals_bite,loaded,bus_fx,grp_ambience,snp_ambience,,60,0,85,85,75,550,550,allon,default,allon,default,6,1,priority,oldest,-50,50,10,50,0,1,3d,default,nonlooping,,1,0,0,0,0,0.1,no,yes,none,0,,no,,,yes,no,no,0,0,yes,yes,,0,,no,no,no
aml_dog_attack_jump,raw\sound\zmb\ai\hellhounds\vox\attack\attack_02.LN55.pc.snd.wav,zmb_hellhound_vocals_bite,loaded,bus_fx,grp_ambience,snp_ambience,,60,0,85,85,75,550,550,allon,default,allon,default,6,1,priority,oldest,-50,50,10,50,0,1,3d,default,nonlooping,,1,0,0,0,0,0.1,no,yes,none,0,,no,,,yes,no,no,0,0,yes,yes,,0,,no,no,no
aml_dog_attack_jump,raw\sound\zmb\ai\hellhounds\vox\attack\attack_03.LN55.pc.snd.wav,zmb_hellhound_vocals_bite,loaded,bus_fx,grp_ambience,snp_ambience,,60,0,85,85,75,550,550,allon,default,allon,default,6,1,priority,oldest,-50,50,10,50,0,1,3d,default,nonlooping,,1,0,0,0,0,0.1,no,yes,none,0,,no,,,yes,no,no,0,0,yes,yes,,0,,no,no,no
aml_dog_attack_jump,raw\sound\zmb\ai\hellhounds\vox\attack\attack_04.LN55.pc.snd.wav,zmb_hellhound_vocals_bite,loaded,bus_fx,grp_ambience,snp_ambience,,60,0,85,85,75,550,550,allon,default,allon,default,6,1,priority,oldest,-50,50,10,50,0,1,3d,default,nonlooping,,1,0,0,0,0,0.1,no,yes,none,0,,no,,,yes,no,no,0,0,yes,yes,,0,,no,no,no
aml_dog_attack_jump,raw\sound\zmb\ai\hellhounds\vox\attack\attack_05.LN55.pc.snd.wav,zmb_hellhound_vocals_bite,loaded,bus_fx,grp_ambience,snp_ambience,,60,0,85,85,75,550,550,allon,default,allon,default,6,1,priority,oldest,-50,50,10,50,0,1,3d,default,nonlooping,,1,0,0,0,0,0.1,no,yes,none,0,,no,,,yes,no,no,0,0,yes,yes,,0,,no,no,no
aml_dog_attack_jump,raw\sound\zmb\ai\hellhounds\vox\attack\attack_06.LN55.pc.snd.wav,zmb_hellhound_vocals_bite,loaded,bus_fx,grp_ambience,snp_ambience,,60,0,85,85,75,550,550,allon,default,allon,default,6,1,priority,oldest,-50,50,10,50,0,1,3d,default,nonlooping,,1,0,0,0,0,0.1,no,yes,none,0,,no,,,yes,no,no,0,0,yes,yes,,0,,no,no,no
fly_dog_step_run_default,raw\sound\evt\zombie_global\hellhounds\step\step_00.LN55.pc.snd.wav,,loaded,bus_fx,grp_ambience,snp_ambience,,60,0,81,81,125,400,600,allon,default,allon,default,6,8,priority,oldest,-50,50,10,50,0,1,3d,default,nonlooping,,1,0,0,0,0,0.1,no,yes,none,0,,no,,,yes,no,no,0,0,yes,no,,0,,no,no,no
fly_dog_step_run_default,raw\sound\evt\zombie_global\hellhounds\step\step_01.LN55.pc.snd.wav,,loaded,bus_fx,grp_ambience,snp_ambience,,60,0,81,81,125,400,600,allon,default,allon,default,6,8,priority,oldest,-50,50,10,50,0,1,3d,default,nonlooping,,1,0,0,0,0,0.1,no,yes,none,0,,no,,,yes,no,no,0,0,yes,no,,0,,no,no,no
fly_dog_step_run_default,raw\sound\evt\zombie_global\hellhounds\step\step_02.LN55.pc.snd.wav,,loaded,bus_fx,grp_ambience,snp_ambience,,60,0,81,81,125,400,600,allon,default,allon,default,6,8,priority,oldest,-50,50,10,50,0,1,3d,default,nonlooping,,1,0,0,0,0,0.1,no,yes,none,0,,no,,,yes,no,no,0,0,yes,no,,0,,no,no,no
fly_dog_step_run_default,raw\sound\evt\zombie_global\hellhounds\step\step_03.LN55.pc.snd.wav,,loaded,bus_fx,grp_ambience,snp_ambience,,60,0,81,81,125,400,600,allon,default,allon,default,6,8,priority,oldest,-50,50,10,50,0,1,3d,default,nonlooping,,1,0,0,0,0,0.1,no,yes,none,0,,no,,,yes,no,no,0,0,yes,no,,0,,no,no,no
fly_dog_step_run_default,raw\sound\evt\zombie_global\hellhounds\step\step_04.LN55.pc.snd.wav,,loaded,bus_fx,grp_ambience,snp_ambience,,60,0,81,81,125,400,600,allon,default,allon,default,6,8,priority,oldest,-50,50,10,50,0,1,3d,default,nonlooping,,1,0,0,0,0,0.1,no,yes,none,0,,no,,,yes,no,no,0,0,yes,no,,0,,no,no,no
fly_dog_step_run_default,raw\sound\evt\zombie_global\hellhounds\step\step_05.LN55.pc.snd.wav,,loaded,bus_fx,grp_ambience,snp_ambience,,60,0,81,81,125,400,600,allon,default,allon,default,6,8,priority,oldest,-50,50,10,50,0,1,3d,default,nonlooping,,1,0,0,0,0,0.1,no,yes,none,0,,no,,,yes,no,no,0,0,yes,no,,0,,no,no,no
fly_dog_step_run_default,raw\sound\evt\zombie_global\hellhounds\step\step_06.LN55.pc.snd.wav,,loaded,bus_fx,grp_ambience,snp_ambience,,60,0,81,81,125,400,600,allon,default,allon,default,6,8,priority,oldest,-50,50,10,50,0,1,3d,default,nonlooping,,1,0,0,0,0,0.1,no,yes,none,0,,no,,,yes,no,no,0,0,yes,no,,0,,no,no,no
fly_dog_step_run_default,raw\sound\evt\zombie_global\hellhounds\step\step_07.LN55.pc.snd.wav,,loaded,bus_fx,grp_ambience,snp_ambience,,60,0,81,81,125,400,600,allon,default,allon,default,6,8,priority,oldest,-50,50,10,50,0,1,3d,default,nonlooping,,1,0,0,0,0,0.1,no,yes,none,0,,no,,,yes,no,no,0,0,yes,no,,0,,no,no,no
fly_dog_step_run_default,raw\sound\evt\zombie_global\hellhounds\step\step_08.LN55.pc.snd.wav,,loaded,bus_fx,grp_ambience,snp_ambience,,60,0,81,81,125,400,600,allon,default,allon,default,6,8,priority,oldest,-50,50,10,50,0,1,3d,default,nonlooping,,1,0,0,0,0,0.1,no,yes,none,0,,no,,,yes,no,no,0,0,yes,no,,0,,no,no,no
fly_dog_step_run_default,raw\sound\evt\zombie_global\hellhounds\step\step_09.LN55.pc.snd.wav,,loaded,bus_fx,grp_ambience,snp_ambience,,60,0,81,81,125,400,600,allon,default,allon,default,6,8,priority,oldest,-50,50,10,50,0,1,3d,default,nonlooping,,1,0,0,0,0,0.1,no,yes,none,0,,no,,,yes,no,no,0,0,yes,no,,0,,no,no,no
fly_dog_step_run_default,raw\sound\evt\zombie_global\hellhounds\step\step_10.LN55.pc.snd.wav,,loaded,bus_fx,grp_ambience,snp_ambience,,60,0,81,81,125,400,600,allon,default,allon,default,6,8,priority,oldest,-50,50,10,50,0,1,3d,default,nonlooping,,1,0,0,0,0,0.1,no,yes,none,0,,no,,,yes,no,no,0,0,yes,no,,0,,no,no,no
fly_dog_step_run_default,raw\sound\evt\zombie_global\hellhounds\step\step_11.LN55.pc.snd.wav,,loaded,bus_fx,grp_ambience,snp_ambience,,60,0,81,81,125,400,600,allon,default,allon,default,6,8,priority,oldest,-50,50,10,50,0,1,3d,default,nonlooping,,1,0,0,0,0,0.1,no,yes,none,0,,no,,,yes,no,no,0,0,yes,no,,0,,no,no,no
mus_zombie_dog_end,raw\sound\mus\zombie\zombie_global\mus_doground_end.SN65.pc.snd.flac,,streamed,bus_music,grp_music,snp_music,,0,0,89,89,0,5000,5000,allon,default,allon,default,8,8,priority,oldest,0,0,100,100,0,1,2d,music_all,nonlooping,,1,0,0,0,0,0.25,no,yes,none,0,,no,,,yes,yes,no,0,0,yes,no,,0,,no,no,no
mus_zombie_dog_start,raw\sound\mus\zombie\zombie_global\mus_zombie_dog_start.SN65.pc.snd.flac,,streamed,bus_music,grp_music,snp_music,,0,0,89,89,0,5000,5000,allon,default,allon,default,8,8,priority,oldest,0,0,100,100,0,1,2d,music_all,nonlooping,,1,0,0,0,0,0.25,no,yes,none,0,,no,,,yes,yes,no,0,0,yes,no,,0,,no,no,no
zmb_dog_round_start,raw\sound\evt\zombie_global\hellhounds\dog_round_start.LN55.pc.snd.wav,,loaded,bus_fx,grp_ambience,snp_ambience,,60,0,85,85,75,550,550,allon,default,allon,default,6,8,priority,oldest,-50,50,10,50,0,1,3d,default,nonlooping,,1,0,0,0,0,0.1,no,yes,none,0,,no,,,yes,no,no,0,0,yes,no,,0,,no,no,no
zmb_hellhound_bolt,raw\sound\evt\zombie_global\hellhounds\spawn\strikes_00.LN55.pc.snd.wav,,loaded,bus_hdrfx,grp_hdrfx,snp_hdrfx,,60,0,85,85,1250,4000,5000,allon,default,allon,default,2,8,priority,oldest,-386,454,10,50,0.25,1,3d,default,nonlooping,,1,0,0,0,0,0,no,no,none,0,,no,,,yes,no,no,0,0,yes,no,,0,,no,no,no
zmb_hellhound_explode,raw\sound\zmb\ai\hellhounds\explode\explode_00.LN55.pc.snd.wav,zmb_hellhound_vocals_death,loaded,bus_fx,grp_ambience,snp_ambience,,60,0,85,85,75,550,550,allon,default,allon,default,6,8,priority,oldest,-50,50,10,50,0,1,3d,default,nonlooping,,1,0,0,0,0,0.1,no,yes,none,0,,no,,,yes,no,no,0,0,yes,no,,0,,no,no,no
zmb_hellhound_explode,raw\sound\zmb\ai\hellhounds\explode\explode_01.LN55.pc.snd.wav,zmb_hellhound_vocals_death,loaded,bus_fx,grp_ambience,snp_ambience,,60,0,85,85,75,550,550,allon,default,allon,default,6,8,priority,oldest,-50,50,10,50,0,1,3d,default,nonlooping,,1,0,0,0,0,0.1,no,yes,none,0,,no,,,yes,no,no,0,0,yes,no,,0,,no,no,no
zmb_hellhound_explode,raw\sound\zmb\ai\hellhounds\explode\explode_02.LN55.pc.snd.wav,zmb_hellhound_vocals_death,loaded,bus_fx,grp_ambience,snp_ambience,,60,0,85,85,75,550,550,allon,default,allon,default,6,8,priority,oldest,-50,50,10,50,0,1,3d,default,nonlooping,,1,0,0,0,0,0.1,no,yes,none,0,,no,,,yes,no,no,0,0,yes,no,,0,,no,no,no
zmb_hellhound_explode,raw\sound\zmb\ai\hellhounds\explode\explode_03.LN55.pc.snd.wav,zmb_hellhound_vocals_death,loaded,bus_fx,grp_ambience,snp_ambience,,60,0,85,85,75,550,550,allon,default,allon,default,6,8,priority,oldest,-50,50,10,50,0,1,3d,default,nonlooping,,1,0,0,0,0,0.1,no,yes,none,0,,no,,,yes,no,no,0,0,yes,no,,0,,no,no,no
zmb_hellhound_explode,raw\sound\zmb\ai\hellhounds\explode\explode_04.LN55.pc.snd.wav,zmb_hellhound_vocals_death,loaded,bus_fx,grp_ambience,snp_ambience,,60,0,85,85,75,550,550,allon,default,allon,default,6,8,priority,oldest,-50,50,10,50,0,1,3d,default,nonlooping,,1,0,0,0,0,0.1,no,yes,none,0,,no,,,yes,no,no,0,0,yes,no,,0,,no,no,no
zmb_hellhound_explode,raw\sound\zmb\ai\hellhounds\explode\explode_05.LN55.pc.snd.wav,zmb_hellhound_vocals_death,loaded,bus_fx,grp_ambience,snp_ambience,,60,0,85,85,75,550,550,allon,default,allon,default,6,8,priority,oldest,-50,50,10,50,0,1,3d,default,nonlooping,,1,0,0,0,0,0.1,no,yes,none,0,,no,,,yes,no,no,0,0,yes,no,,0,,no,no,no
zmb_hellhound_loop_fire,raw\sound\evt\zombie_global\hellhounds\loop_00.LL55.pc.snd.wav,,loaded,bus_fx,grp_ambience,snp_ambience,,60,0,75,75,75,550,550,allon,default,allon,default,6,8,priority,oldest,-50,50,10,50,0,1,3d,default,looping,,1,0,0,0,0,0.1,no,yes,none,0,,no,,,yes,no,no,0,0,yes,no,,0,,no,no,no
zmb_hellhound_prespawn,raw\sound\evt\zombie_global\hellhounds\spawn\pre_spawn.LN55.pc.snd.wav,,loaded,bus_hdrfx,grp_hdrfx,snp_hdrfx,,60,0,85,85,500,4000,5000,allon,default,allon,default,2,8,priority,oldest,-182,165,10,50,0.25,1,3d,default,nonlooping,,1,0,0,0,0,0,no,no,none,0,,no,,,yes,no,no,0,0,yes,no,,0,,no,no,no
zmb_hellhound_spawn,raw\sound\evt\zombie_global\hellhounds\spawn\spawn_01.LN55.pc.snd.wav,zmb_hellhound_spawn_flux_l,loaded,bus_hdrfx,grp_hdrfx,snp_hdrfx,,60,0,85,85,500,4000,5000,allon,default,allon,default,2,8,priority,oldest,-182,165,10,50,0.25,1,3d,default,nonlooping,,1,0,0,0,0,0,no,no,none,0,,no,,,yes,no,no,0,0,yes,no,,0,,no,no,no
zmb_hellhound_spawn_flux_l,raw\sound\evt\zombie_global\hellhounds\spawn\spn_flux_l.LN55.pc.snd.wav,zmb_hellhound_spawn_flux_r,loaded,bus_hdrfx,grp_hdrfx,snp_hdrfx,,60,0,78,78,25,1000,1000,allon,default,allon,default,6,8,priority,oldest,-182,0,10,50,0.25,1,3d,default,nonlooping,,1,500,0,0,0,0,no,no,left_player,4000,,no,,,yes,no,no,0,0,yes,no,,0,,no,no,no
zmb_hellhound_spawn_flux_r,raw\sound\evt\zombie_global\hellhounds\spawn\spn_flux_r.LN55.pc.snd.wav,,loaded,bus_hdrfx,grp_hdrfx,snp_hdrfx,,60,0,78,78,25,1000,1000,allon,default,allon,default,6,8,priority,oldest,0,165,10,50,0.25,1,3d,default,nonlooping,,1,500,0,0,0,0,no,no,right_player,4000,,no,,,yes,no,no,0,0,yes,no,,0,,no,no,no
zmb_hellhound_vocals_amb,raw\sound\zmb\ai\hellhounds\vox\move\move_00.LN55.pc.snd.wav,,loaded,bus_fx,grp_ambience,snp_ambience,,60,0,82,88,75,550,550,allon,default,allon,default,6,1,priority,oldest,-50,50,10,50,0,1,3d,default,nonlooping,,1,0,0,0,0,0.1,no,yes,none,0,,no,,,yes,no,no,0,0,yes,yes,,0,,no,no,no
zmb_hellhound_vocals_amb,raw\sound\zmb\ai\hellhounds\vox\move\move_01.LN55.pc.snd.wav,,loaded,bus_fx,grp_ambience,snp_ambience,,60,0,82,88,75,550,550,allon,default,allon,default,6,1,priority,oldest,-50,50,10,50,0,1,3d,default,nonlooping,,1,0,0,0,0,0.1,no,yes,none,0,,no,,,yes,no,no,0,0,yes,yes,,0,,no,no,no
zmb_hellhound_vocals_amb,raw\sound\zmb\ai\hellhounds\vox\move\move_02.LN55.pc.snd.wav,,loaded,bus_fx,grp_ambience,snp_ambience,,60,0,82,88,75,550,550,allon,default,allon,default,6,1,priority,oldest,-50,50,10,50,0,1,3d,default,nonlooping,,1,0,0,0,0,0.1,no,yes,none,0,,no,,,yes,no,no,0,0,yes,yes,,0,,no,no,no
zmb_hellhound_vocals_amb,raw\sound\zmb\ai\hellhounds\vox\move\move_03.LN55.pc.snd.wav,,loaded,bus_fx,grp_ambience,snp_ambience,,60,0,82,88,75,550,550,allon,default,allon,default,6,1,priority,oldest,-50,50,10,50,0,1,3d,default,nonlooping,,1,0,0,0,0,0.1,no,yes,none,0,,no,,,yes,no,no,0,0,yes,yes,,0,,no,no,no
zmb_hellhound_vocals_amb,raw\sound\zmb\ai\hellhounds\vox\move\move_04.LN55.pc.snd.wav,,loaded,bus_fx,grp_ambience,snp_ambience,,60,0,82,88,75,550,550,allon,default,allon,default,6,1,priority,oldest,-50,50,10,50,0,1,3d,default,nonlooping,,1,0,0,0,0,0.1,no,yes,none,0,,no,,,yes,no,no,0,0,yes,yes,,0,,no,no,no
zmb_hellhound_vocals_amb,raw\sound\zmb\ai\hellhounds\vox\move\move_05.LN55.pc.snd.wav,,loaded,bus_fx,grp_ambience,snp_ambience,,60,0,82,88,75,550,550,allon,default,allon,default,6,1,priority,oldest,-50,50,10,50,0,1,3d,default,nonlooping,,1,0,0,0,0,0.1,no,yes,none,0,,no,,,yes,no,no,0,0,yes,yes,,0,,no,no,no
zmb_hellhound_vocals_amb,raw\sound\zmb\ai\hellhounds\vox\move\move_06.LN55.pc.snd.wav,,loaded,bus_fx,grp_ambience,snp_ambience,,60,0,82,88,75,550,550,allon,default,allon,default,6,1,priority,oldest,-50,50,10,50,0,1,3d,default,nonlooping,,1,0,0,0,0,0.1,no,yes,none,0,,no,,,yes,no,no,0,0,yes,yes,,0,,no,no,no
zmb_hellhound_vocals_amb,raw\sound\zmb\ai\hellhounds\vox\move\move_07.LN55.pc.snd.wav,,loaded,bus_fx,grp_ambience,snp_ambience,,60,0,82,88,75,550,550,allon,default,allon,default,6,1,priority,oldest,-50,50,10,50,0,1,3d,default,nonlooping,,1,0,0,0,0,0.1,no,yes,none,0,,no,,,yes,no,no,0,0,yes,yes,,0,,no,no,no
zmb_hellhound_vocals_amb,raw\sound\zmb\ai\hellhounds\vox\move\move_08.LN55.pc.snd.wav,,loaded,bus_fx,grp_ambience,snp_ambience,,60,0,82,88,75,550,550,allon,default,allon,default,6,1,priority,oldest,-50,50,10,50,0,1,3d,default,nonlooping,,1,0,0,0,0,0.1,no,yes,none,0,,no,,,yes,no,no,0,0,yes,yes,,0,,no,no,no
zmb_hellhound_vocals_amb,raw\sound\zmb\ai\hellhounds\vox\move\move_09.LN55.pc.snd.wav,,loaded,bus_fx,grp_ambience,snp_ambience,,60,0,82,88,75,550,550,allon,default,allon,default,6,1,priority,oldest,-50,50,10,50,0,1,3d,default,nonlooping,,1,0,0,0,0,0.1,no,yes,none,0,,no,,,yes,no,no,0,0,yes,yes,,0,,no,no,no
zmb_hellhound_vocals_amb,raw\sound\zmb\ai\hellhounds\vox\move\move_10.LN55.pc.snd.wav,,loaded,bus_fx,grp_ambience,snp_ambience,,60,0,82,88,75,550,550,allon,default,allon,default,6,1,priority,oldest,-50,50,10,50,0,1,3d,default,nonlooping,,1,0,0,0,0,0.1,no,yes,none,0,,no,,,yes,no,no,0,0,yes,yes,,0,,no,no,no
zmb_hellhound_vocals_amb,raw\sound\zmb\ai\hellhounds\vox\move\move_11.LN55.pc.snd.wav,,loaded,bus_fx,grp_ambience,snp_ambience,,60,0,82,88,75,550,550,allon,default,allon,default,6,1,priority,oldest,-50,50,10,50,0,1,3d,default,nonlooping,,1,0,0,0,0,0.1,no,yes,none,0,,no,,,yes,no,no,0,0,yes,yes,,0,,no,no,no
zmb_hellhound_vocals_bite,raw\sound\zmb\ai\hellhounds\vox\bite\bite_00.LN55.pc.snd.wav,,loaded,bus_fx,grp_ambience,snp_ambience,,60,0,85,85,75,550,550,allon,default,allon,default,6,1,priority,oldest,-50,50,10,50,0,1,3d,default,nonlooping,,1,450,0,0,0,0.1,no,yes,none,0,,no,,,yes,no,no,0,0,yes,yes,,0,,no,no,no
zmb_hellhound_vocals_bite,raw\sound\zmb\ai\hellhounds\vox\bite\bite_01.LN55.pc.snd.wav,,loaded,bus_fx,grp_ambience,snp_ambience,,60,0,85,85,75,550,550,allon,default,allon,default,6,1,priority,oldest,-50,50,10,50,0,1,3d,default,nonlooping,,1,450,0,0,0,0.1,no,yes,none,0,,no,,,yes,no,no,0,0,yes,yes,,0,,no,no,no
zmb_hellhound_vocals_bite,raw\sound\zmb\ai\hellhounds\vox\bite\bite_02.LN55.pc.snd.wav,,loaded,bus_fx,grp_ambience,snp_ambience,,60,0,85,85,75,550,550,allon,default,allon,default,6,1,priority,oldest,-50,50,10,50,0,1,3d,default,nonlooping,,1,450,0,0,0,0.1,no,yes,none,0,,no,,,yes,no,no,0,0,yes,yes,,0,,no,no,no
zmb_hellhound_vocals_bite,raw\sound\zmb\ai\hellhounds\vox\bite\bite_03.LN55.pc.snd.wav,,loaded,bus_fx,grp_ambience,snp_ambience,,60,0,85,85,75,550,550,allon,default,allon,default,6,1,priority,oldest,-50,50,10,50,0,1,3d,default,nonlooping,,1,450,0,0,0,0.1,no,yes,none,0,,no,,,yes,no,no,0,0,yes,yes,,0,,no,no,no
zmb_hellhound_vocals_close,raw\sound\zmb\ai\hellhounds\vox\close\close_00.LN55.pc.snd.wav,,loaded,bus_fx,grp_ambience,snp_ambience,,60,0,89,89,75,550,550,allon,default,allon,default,6,1,priority,oldest,-50,50,10,50,0,1,3d,default,nonlooping,,1,0,0,0,0,0.1,no,yes,none,0,,no,,,yes,no,no,0,0,yes,yes,,0,,no,no,no
zmb_hellhound_vocals_close,raw\sound\zmb\ai\hellhounds\vox\close\close_01.LN55.pc.snd.wav,,loaded,bus_fx,grp_ambience,snp_ambience,,60,0,89,89,75,550,550,allon,default,allon,default,6,1,priority,oldest,-50,50,10,50,0,1,3d,default,nonlooping,,1,0,0,0,0,0.1,no,yes,none,0,,no,,,yes,no,no,0,0,yes,yes,,0,,no,no,no
zmb_hellhound_vocals_close,raw\sound\zmb\ai\hellhounds\vox\close\close_02.LN55.pc.snd.wav,,loaded,bus_fx,grp_ambience,snp_ambience,,60,0,89,89,75,550,550,allon,default,allon,default,6,1,priority,oldest,-50,50,10,50,0,1,3d,default,nonlooping,,1,0,0,0,0,0.1,no,yes,none,0,,no,,,yes,no,no,0,0,yes,yes,,0,,no,no,no
zmb_hellhound_vocals_close,raw\sound\zmb\ai\hellhounds\vox\close\close_03.LN55.pc.snd.wav,,loaded,bus_fx,grp_ambience,snp_ambience,,60,0,89,89,75,550,550,allon,default,allon,default,6,1,priority,oldest,-50,50,10,50,0,1,3d,default,nonlooping,,1,0,0,0,0,0.1,no,yes,none,0,,no,,,yes,no,no,0,0,yes,yes,,0,,no,no,no
zmb_hellhound_vocals_death,raw\sound\zmb\ai\hellhounds\vox\death\death_00.LN55.pc.snd.wav,,loaded,bus_fx,grp_ambience,snp_ambience,,60,0,88,88,75,550,550,allon,default,allon,default,6,1,priority,oldest,-50,50,10,50,0,1,3d,default,nonlooping,,1,0,0,0,0,0.1,no,yes,none,0,,no,,,yes,no,no,0,0,yes,no,,0,,no,no,no
zmb_hellhound_vocals_death,raw\sound\zmb\ai\hellhounds\vox\death\death_01.LN55.pc.snd.wav,,loaded,bus_fx,grp_ambience,snp_ambience,,60,0,88,88,75,550,550,allon,default,allon,default,6,1,priority,oldest,-50,50,10,50,0,1,3d,default,nonlooping,,1,0,0,0,0,0.1,no,yes,none,0,,no,,,yes,no,no,0,0,yes,no,,0,,no,no,no
zmb_hellhound_vocals_death,raw\sound\zmb\ai\hellhounds\vox\death\death_02.LN55.pc.snd.wav,,loaded,bus_fx,grp_ambience,snp_ambience,,60,0,88,88,75,550,550,allon,default,allon,default,6,1,priority,oldest,-50,50,10,50,0,1,3d,default,nonlooping,,1,0,0,0,0,0.1,no,yes,none,0,,no,,,yes,no,no,0,0,yes,no,,0,,no,no,no
zmb_hellhound_vocals_death,raw\sound\zmb\ai\hellhounds\vox\death\death_03.LN55.pc.snd.wav,,loaded,bus_fx,grp_ambience,snp_ambience,,60,0,88,88,75,550,550,allon,default,allon,default,6,1,priority,oldest,-50,50,10,50,0,1,3d,default,nonlooping,,1,0,0,0,0,0.1,no,yes,none,0,,no,,,yes,no,no,0,0,yes,no,,0,,no,no,no
zmb_hellhound_vocals_death,raw\sound\zmb\ai\hellhounds\vox\death\death_04.LN55.pc.snd.wav,,loaded,bus_fx,grp_ambience,snp_ambience,,60,0,88,88,75,550,550,allon,default,allon,default,6,1,priority,oldest,-50,50,10,50,0,1,3d,default,nonlooping,,1,0,0,0,0,0.1,no,yes,none,0,,no,,,yes,no,no,0,0,yes,no,,0,,no,no,no
zmb_hellhound_vocals_death,raw\sound\zmb\ai\hellhounds\vox\death\death_05.LN55.pc.snd.wav,,loaded,bus_fx,grp_ambience,snp_ambience,,60,0,88,88,75,550,550,allon,default,allon,default,6,1,priority,oldest,-50,50,10,50,0,1,3d,default,nonlooping,,1,0,0,0,0,0.1,no,yes,none,0,,no,,,yes,no,no,0,0,yes,no,,0,,no,no,no
zmb_hellhound_vocals_death,raw\sound\zmb\ai\hellhounds\vox\death\death_06.LN55.pc.snd.wav,,loaded,bus_fx,grp_ambience,snp_ambience,,60,0,88,88,75,550,550,allon,default,allon,default,6,1,priority,oldest,-50,50,10,50,0,1,3d,default,nonlooping,,1,0,0,0,0,0.1,no,yes,none,0,,no,,,yes,no,no,0,0,yes,no,,0,,no,no,no
vox_zmba_event_dogstart_0,devraw\english\sound\vox\scripted\zmc\vox_zmba_event_dogstart_0.SN55.pc.snd.flac,,streamed,bus_voice,grp_voice,snp_never_duck,,0,0,84,84,0,5000,5000,allon,default,allon,default,8,8,priority,oldest,0,0,100,100,0,1,2d,quad,nonlooping,,1,0,0,0,0,0,no,yes,none,0,,no,mature,,yes,no,no,0,0,yes,yes,,0,,no,no,no
vox_zmba_sam_event_dogstart_0,raw\english\sound\vox\scripted\zmc\vox_zmba_sam_event_dogstart_0.SN55.pc.snd.flac,,streamed,bus_voice,grp_voice,snp_never_duck,,0,0,84,84,0,5000,5000,allon,default,allon,default,8,8,priority,oldest,200,200,100,100,0,1,2d,quad,nonlooping,,1,0,0,0,0,0,no,yes,none,0,,no,mature,,yes,no,no,0,0,yes,yes,,0,,no,no,no
zmb_leaper_disapparate,raw\sound\zmb\ai\avogadro\avo_warp_out.LN65.pc.snd.wav,,loaded,bus_hdrfx,grp_hdrfx,snp_hdrfx,,60,0,89,89,375,1250,1500,allon,default,allon,default,8,8,priority,oldest,0,0,95,100,0.25,1,3d,default,nonlooping,,1,0,0,0,0,0,no,no,none,0,,no,,,no,no,no,0,0,yes,no,,0,,no,no,no
zmb_leaper_land,raw\sound\zmb\ai\leaper\land\land_00.LN65.pc.snd.wav,,loaded,bus_hdrfx,grp_hdrfx,snp_hdrfx,,60,0,89,89,125,500,625,allon,default,allon,default,8,8,priority,oldest,-300,300,95,100,0.25,1,3d,default,nonlooping,,1,0,0,0,0,0,no,no,none,0,,no,,,no,no,no,0,0,yes,no,,0,,no,no,no
zmb_leaper_land,raw\sound\zmb\ai\leaper\land\land_01.LN65.pc.snd.wav,,loaded,bus_hdrfx,grp_hdrfx,snp_hdrfx,,60,0,89,89,125,500,625,allon,default,allon,default,8,8,priority,oldest,-300,300,95,100,0.25,1,3d,default,nonlooping,,1,0,0,0,0,0,no,no,none,0,,no,,,no,no,no,0,0,yes,no,,0,,no,no,no
zmb_leaper_land,raw\sound\zmb\ai\leaper\land\land_02.LN65.pc.snd.wav,,loaded,bus_hdrfx,grp_hdrfx,snp_hdrfx,,60,0,89,89,125,500,625,allon,default,allon,default,8,8,priority,oldest,-300,300,95,100,0.25,1,3d,default,nonlooping,,1,0,0,0,0,0,no,no,none,0,,no,,,no,no,no,0,0,yes,no,,0,,no,no,no
zmb_leaper_land,raw\sound\zmb\ai\leaper\land\land_03.LN65.pc.snd.wav,,loaded,bus_hdrfx,grp_hdrfx,snp_hdrfx,,60,0,89,89,125,500,625,allon,default,allon,default,8,8,priority,oldest,-300,300,95,100,0.25,1,3d,default,nonlooping,,1,0,0,0,0,0,no,no,none,0,,no,,,no,no,no,0,0,yes,no,,0,,no,no,no
zmb_leaper_land,raw\sound\zmb\ai\leaper\land\land_04.LN65.pc.snd.wav,,loaded,bus_hdrfx,grp_hdrfx,snp_hdrfx,,60,0,89,89,125,500,625,allon,default,allon,default,8,8,priority,oldest,-300,300,95,100,0.25,1,3d,default,nonlooping,,1,0,0,0,0,0,no,no,none,0,,no,,,no,no,no,0,0,yes,no,,0,,no,no,no
zmb_leaper_land,raw\sound\zmb\ai\leaper\land\land_05.LN65.pc.snd.wav,,loaded,bus_hdrfx,grp_hdrfx,snp_hdrfx,,60,0,89,89,125,500,625,allon,default,allon,default,8,8,priority,oldest,-300,300,95,100,0.25,1,3d,default,nonlooping,,1,0,0,0,0,0,no,no,none,0,,no,,,no,no,no,0,0,yes,no,,0,,no,no,no
zmb_leaper_run,raw\sound\zmb\ai\leaper\step\step_00.LN65.pc.snd.wav,,loaded,bus_hdrfx,grp_hdrfx,snp_hdrfx,,60,0,86,86,125,375,425,allon,default,allon,default,8,8,priority,oldest,-300,300,95,100,0.25,1,3d,default,nonlooping,,1,0,0,0,0,0,no,no,none,0,,no,,,no,no,no,0,0,yes,no,,0,,no,no,no
zmb_leaper_run,raw\sound\zmb\ai\leaper\step\step_01.LN65.pc.snd.wav,,loaded,bus_hdrfx,grp_hdrfx,snp_hdrfx,,60,0,86,86,125,375,425,allon,default,allon,default,8,8,priority,oldest,-300,300,95,100,0.25,1,3d,default,nonlooping,,1,0,0,0,0,0,no,no,none,0,,no,,,no,no,no,0,0,yes,no,,0,,no,no,no
zmb_leaper_run,raw\sound\zmb\ai\leaper\step\step_02.LN65.pc.snd.wav,,loaded,bus_hdrfx,grp_hdrfx,snp_hdrfx,,60,0,86,86,125,375,425,allon,default,allon,default,8,8,priority,oldest,-300,300,95,100,0.25,1,3d,default,nonlooping,,1,0,0,0,0,0,no,no,none,0,,no,,,no,no,no,0,0,yes,no,,0,,no,no,no
zmb_leaper_run,raw\sound\zmb\ai\leaper\step\step_03.LN65.pc.snd.wav,,loaded,bus_hdrfx,grp_hdrfx,snp_hdrfx,,60,0,86,86,125,375,425,allon,default,allon,default,8,8,priority,oldest,-300,300,95,100,0.25,1,3d,default,nonlooping,,1,0,0,0,0,0,no,no,none,0,,no,,,no,no,no,0,0,yes,no,,0,,no,no,no
zmb_leaper_spawn_fx,raw\sound\zmb\ai\avogadro\avo_warp_in.LN65.pc.snd.wav,,loaded,bus_hdrfx,grp_hdrfx,snp_hdrfx,,60,0,89,89,375,1250,1500,allon,default,allon,default,8,8,priority,oldest,0,0,95,100,0.25,1,3d,default,nonlooping,,1,0,0,0,0,0,no,no,none,0,,no,,,no,no,no,0,0,yes,no,,0,,no,no,no
zmb_leaper_swipe,raw\sound\zmb\ai\leaper\swipe\swipe_00.LN65.pc.snd.wav,,loaded,bus_hdrfx,grp_hdrfx,snp_hdrfx,,60,0,88,88,75,375,425,allon,default,allon,default,8,8,priority,oldest,0,0,95,100,0.25,1,3d,default,nonlooping,,1,0,0,0,0,0,no,no,none,0,,no,,,no,no,no,0,0,yes,no,,0,,no,no,no
zmb_leaper_swipe,raw\sound\zmb\ai\leaper\swipe\swipe_01.LN65.pc.snd.wav,,loaded,bus_hdrfx,grp_hdrfx,snp_hdrfx,,60,0,88,88,75,375,425,allon,default,allon,default,8,8,priority,oldest,0,0,95,100,0.25,1,3d,default,nonlooping,,1,0,0,0,0,0,no,no,none,0,,no,,,no,no,no,0,0,yes,no,,0,,no,no,no
zmb_leaper_swipe,raw\sound\zmb\ai\leaper\swipe\swipe_02.LN65.pc.snd.wav,,loaded,bus_hdrfx,grp_hdrfx,snp_hdrfx,,60,0,88,88,75,375,425,allon,default,allon,default,8,8,priority,oldest,0,0,95,100,0.25,1,3d,default,nonlooping,,1,0,0,0,0,0,no,no,none,0,,no,,,no,no,no,0,0,yes,no,,0,,no,no,no
zmb_vocals_leaper_ambience,raw\sound\zmb\ai\leaper\ambient\ambient_00.LN55.pc.snd.wav,,loaded,bus_voice,grp_voice,snp_voice,,75,0,84,87,50,2250,2500,allon,default,allon,default,6,1,priority,reject,-300,300,30,60,0.25,1,3d,default,nonlooping,,1,0,0,0,0,0.75,no,yes,none,0,,no,,,yes,no,no,0,0,yes,yes,,0,,no,no,no
zmb_vocals_leaper_ambience,raw\sound\zmb\ai\leaper\ambient\ambient_01.LN55.pc.snd.wav,,loaded,bus_voice,grp_voice,snp_voice,,75,0,84,87,50,2250,2500,allon,default,allon,default,6,1,priority,reject,-300,300,30,60,0.25,1,3d,default,nonlooping,,1,0,0,0,0,0.75,no,yes,none,0,,no,,,yes,no,no,0,0,yes,yes,,0,,no,no,no
zmb_vocals_leaper_ambience,raw\sound\zmb\ai\leaper\ambient\ambient_02.LN55.pc.snd.wav,,loaded,bus_voice,grp_voice,snp_voice,,75,0,84,87,50,2250,2500,allon,default,allon,default,6,1,priority,reject,-300,300,30,60,0.25,1,3d,default,nonlooping,,1,0,0,0,0,0.75,no,yes,none,0,,no,,,yes,no,no,0,0,yes,yes,,0,,no,no,no
zmb_vocals_leaper_ambience,raw\sound\zmb\ai\leaper\ambient\ambient_03.LN55.pc.snd.wav,,loaded,bus_voice,grp_voice,snp_voice,,75,0,84,87,50,2250,2500,allon,default,allon,default,6,1,priority,reject,-300,300,30,60,0.25,1,3d,default,nonlooping,,1,0,0,0,0,0.75,no,yes,none,0,,no,,,yes,no,no,0,0,yes,yes,,0,,no,no,no
zmb_vocals_leaper_ambience,raw\sound\zmb\ai\leaper\ambient\ambient_04.LN55.pc.snd.wav,,loaded,bus_voice,grp_voice,snp_voice,,75,0,84,87,50,2250,2500,allon,default,allon,default,6,1,priority,reject,-300,300,30,60,0.25,1,3d,default,nonlooping,,1,0,0,0,0,0.75,no,yes,none,0,,no,,,yes,no,no,0,0,yes,yes,,0,,no,no,no
zmb_vocals_leaper_ambience,raw\sound\zmb\ai\leaper\ambient\ambient_05.LN55.pc.snd.wav,,loaded,bus_voice,grp_voice,snp_voice,,75,0,84,87,50,2250,2500,allon,default,allon,default,6,1,priority,reject,-300,300,30,60,0.25,1,3d,default,nonlooping,,1,0,0,0,0,0.75,no,yes,none,0,,no,,,yes,no,no,0,0,yes,yes,,0,,no,no,no
zmb_vocals_leaper_attack,raw\sound\zmb\ai\leaper\attack\attack_00.LN55.pc.snd.wav,,loaded,bus_voice,grp_voice,snp_voice,,72,0,87,89,75,500,750,allon,default,allon,default,5,1,priority,reject,-300,300,70,90,0.25,1,3d,default,nonlooping,,1,0,25,75,94,0.75,no,no,none,0,,no,,,yes,no,no,0,0,yes,yes,,0,,no,no,no
zmb_vocals_leaper_attack,raw\sound\zmb\ai\leaper\attack\attack_01.LN55.pc.snd.wav,,loaded,bus_voice,grp_voice,snp_voice,,72,0,87,89,75,500,750,allon,default,allon,default,5,1,priority,reject,-300,300,70,90,0.25,1,3d,default,nonlooping,,1,0,25,75,94,0.75,no,no,none,0,,no,,,yes,no,no,0,0,yes,yes,,0,,no,no,no
zmb_vocals_leaper_attack,raw\sound\zmb\ai\leaper\attack\attack_02.LN55.pc.snd.wav,,loaded,bus_voice,grp_voice,snp_voice,,72,0,87,89,75,500,750,allon,default,allon,default,5,1,priority,reject,-300,300,70,90,0.25,1,3d,default,nonlooping,,1,0,25,75,94,0.75,no,no,none,0,,no,,,yes,no,no,0,0,yes,yes,,0,,no,no,no
zmb_vocals_leaper_attack,raw\sound\zmb\ai\leaper\attack\attack_03.LN55.pc.snd.wav,,loaded,bus_voice,grp_voice,snp_voice,,72,0,87,89,75,500,750,allon,default,allon,default,5,1,priority,reject,-300,300,70,90,0.25,1,3d,default,nonlooping,,1,0,25,75,94,0.75,no,no,none,0,,no,,,yes,no,no,0,0,yes,yes,,0,,no,no,no
zmb_vocals_leaper_close,raw\sound\zmb\ai\leaper\close\close_00.LN55.pc.snd.wav,,loaded,bus_fx,grp_voice,snp_ambience,,72,0,87,87,50,250,275,allon,default,allon,default,2,1,priority,reject,-300,300,70,90,0.25,1,3d,default,nonlooping,,1,0,25,75,90,0,no,no,none,0,,no,,,yes,no,no,0,0,yes,yes,,0,,no,no,no
zmb_vocals_leaper_close,raw\sound\zmb\ai\leaper\close\close_01.LN55.pc.snd.wav,,loaded,bus_fx,grp_voice,snp_ambience,,72,0,87,87,50,250,275,allon,default,allon,default,2,1,priority,reject,-300,300,70,90,0.25,1,3d,default,nonlooping,,1,0,25,75,90,0,no,no,none,0,,no,,,yes,no,no,0,0,yes,yes,,0,,no,no,no
zmb_vocals_leaper_close,raw\sound\zmb\ai\leaper\close\close_02.LN55.pc.snd.wav,,loaded,bus_fx,grp_voice,snp_ambience,,72,0,87,87,50,250,275,allon,default,allon,default,2,1,priority,reject,-300,300,70,90,0.25,1,3d,default,nonlooping,,1,0,25,75,90,0,no,no,none,0,,no,,,yes,no,no,0,0,yes,yes,,0,,no,no,no
zmb_vocals_leaper_death,raw\sound\zmb\ai\leaper\death\death_00.LN55.pc.snd.wav,zmb_leaper_disapparate,loaded,bus_voice,grp_voice,snp_voice,,72,0,89,89,75,500,750,allon,default,allon,default,6,1,priority,reject,-300,300,30,60,0.25,1,3d,default,nonlooping,,1,0,0,0,0,0.75,no,no,none,0,,no,,,yes,no,no,0,0,yes,no,,0,,no,no,no
zmb_vocals_leaper_death,raw\sound\zmb\ai\leaper\death\death_01.LN55.pc.snd.wav,zmb_leaper_disapparate,loaded,bus_voice,grp_voice,snp_voice,,72,0,89,89,75,500,750,allon,default,allon,default,6,1,priority,reject,-300,300,30,60,0.25,1,3d,default,nonlooping,,1,0,0,0,0,0.75,no,no,none,0,,no,,,yes,no,no,0,0,yes,no,,0,,no,no,no
zmb_vocals_leaper_death,raw\sound\zmb\ai\leaper\death\death_02.LN55.pc.snd.wav,zmb_leaper_disapparate,loaded,bus_voice,grp_voice,snp_voice,,72,0,89,89,75,500,750,allon,default,allon,default,6,1,priority,reject,-300,300,30,60,0.25,1,3d,default,nonlooping,,1,0,0,0,0,0.75,no,no,none,0,,no,,,yes,no,no,0,0,yes,no,,0,,no,no,no
zmb_vocals_leaper_death,raw\sound\zmb\ai\leaper\death\death_03.LN55.pc.snd.wav,zmb_leaper_disapparate,loaded,bus_voice,grp_voice,snp_voice,,72,0,89,89,75,500,750,allon,default,allon,default,6,1,priority,reject,-300,300,30,60,0.25,1,3d,default,nonlooping,,1,0,0,0,0,0.75,no,no,none,0,,no,,,yes,no,no,0,0,yes,no,,0,,no,no,no
zmb_vocals_leaper_death,raw\sound\zmb\ai\leaper\death\death_04.LN55.pc.snd.wav,zmb_leaper_disapparate,loaded,bus_voice,grp_voice,snp_voice,,72,0,89,89,75,500,750,allon,default,allon,default,6,1,priority,reject,-300,300,30,60,0.25,1,3d,default,nonlooping,,1,0,0,0,0,0.75,no,no,none,0,,no,,,yes,no,no,0,0,yes,no,,0,,no,no,no
zmb_vocals_leaper_fall,raw\sound\zmb\ai\leaper\death\death_00.LN55.pc.snd.wav,,loaded,bus_voice,grp_voice,snp_voice,,72,0,84,85,250,2250,2500,allon,default,allon,default,6,1,priority,reject,-300,300,30,60,0.25,1,3d,default,nonlooping,,1,0,0,0,0,0.75,no,no,none,0,,no,,,yes,no,no,0,0,yes,yes,,0,,no,no,no
zmb_vocals_leaper_fall,raw\sound\zmb\ai\leaper\death\death_01.LN55.pc.snd.wav,,loaded,bus_voice,grp_voice,snp_voice,,72,0,84,85,250,2250,2500,allon,default,allon,default,6,1,priority,reject,-300,300,30,60,0.25,1,3d,default,nonlooping,,1,0,0,0,0,0.75,no,no,none,0,,no,,,yes,no,no,0,0,yes,yes,,0,,no,no,no
zmb_vocals_leaper_fall,raw\sound\zmb\ai\leaper\death\death_02.LN55.pc.snd.wav,,loaded,bus_voice,grp_voice,snp_voice,,72,0,84,85,250,2250,2500,allon,default,allon,default,6,1,priority,reject,-300,300,30,60,0.25,1,3d,default,nonlooping,,1,0,0,0,0,0.75,no,no,none,0,,no,,,yes,no,no,0,0,yes,yes,,0,,no,no,no
zmb_vocals_leaper_fall,raw\sound\zmb\ai\leaper\death\death_03.LN55.pc.snd.wav,,loaded,bus_voice,grp_voice,snp_voice,,72,0,84,85,250,2250,2500,allon,default,allon,default,6,1,priority,reject,-300,300,30,60,0.25,1,3d,default,nonlooping,,1,0,0,0,0,0.75,no,no,none,0,,no,,,yes,no,no,0,0,yes,yes,,0,,no,no,no
zmb_vocals_leaper_fall,raw\sound\zmb\ai\leaper\death\death_04.LN55.pc.snd.wav,,loaded,bus_voice,grp_voice,snp_voice,,72,0,84,85,250,2250,2500,allon,default,allon,default,6,1,priority,reject,-300,300,30,60,0.25,1,3d,default,nonlooping,,1,0,0,0,0,0.75,no,no,none,0,,no,,,yes,no,no,0,0,yes,yes,,0,,no,no,no
zmb_vocals_leaper_spawn,raw\sound\zmb\ai\leaper\spawn\spawn_00.LN55.pc.snd.wav,,loaded,bus_voice,grp_voice,snp_voice,,75,0,91,91,750,2500,2750,allon,default,allon,default,3,1,priority,reject,-300,300,30,60,0.25,1,3d,default,nonlooping,,1,0,25,75,98,0.5,no,no,none,0,,no,,,yes,no,no,0,0,yes,yes,,0,,no,no,no
zmb_vocals_leaper_spawn,raw\sound\zmb\ai\leaper\spawn\spawn_01.LN55.pc.snd.wav,,loaded,bus_voice,grp_voice,snp_voice,,75,0,91,91,750,2500,2750,allon,default,allon,default,3,1,priority,reject,-300,300,30,60,0.25,1,3d,default,nonlooping,,1,0,25,75,98,0.5,no,no,none,0,,no,,,yes,no,no,0,0,yes,yes,,0,,no,no,no
zmb_vocals_leaper_spawn,raw\sound\zmb\ai\leaper\spawn\spawn_02.LN55.pc.snd.wav,,loaded,bus_voice,grp_voice,snp_voice,,75,0,91,91,750,2500,2750,allon,default,allon,default,3,1,priority,reject,-300,300,30,60,0.25,1,3d,default,nonlooping,,1,0,25,75,98,0.5,no,no,none,0,,no,,,yes,no,no,0,0,yes,yes,,0,,no,no,no
zmb_vocals_leaper_spawn,raw\sound\zmb\ai\leaper\spawn\spawn_03.LN55.pc.snd.wav,,loaded,bus_voice,grp_voice,snp_voice,,75,0,91,91,750,2500,2750,allon,default,allon,default,3,1,priority,reject,-300,300,30,60,0.25,1,3d,default,nonlooping,,1,0,25,75,98,0.5,no,no,none,0,,no,,,yes,no,no,0,0,yes,yes,,0,,no,no,no
